/*******************************************************************************
 * Size: 24 px
 * Bpp: 4
 * Opts: --size 24 --bpp 4 --format lvgl --no-compress --font firmware/main/ui/fonts/Montserrat-Bold.ttf -r 0x20-0x17F,0x2000-0x206F --lv-font-name lv_font_montserrat_bold_24 --lv-include lvgl.h -o firmware/main/ui/fonts/lv_font_montserrat_bold_24.c
 ******************************************************************************/

#ifdef LV_LVGL_H_INCLUDE_SIMPLE
#include "lvgl.h"
#else
#include "lvgl.h"
#endif

#ifndef LV_FONT_MONTSERRAT_BOLD_24
#define LV_FONT_MONTSERRAT_BOLD_24 1
#endif

#if LV_FONT_MONTSERRAT_BOLD_24

/*-----------------
 *    BITMAPS
 *----------------*/

/*Store the image of the glyphs*/
static LV_ATTRIBUTE_LARGE_CONST const uint8_t glyph_bitmap[] = {
    /* U+0020 " " */

    /* U+0021 "!" */
    0xbf, 0xff, 0xaa, 0xff, 0xf9, 0x9f, 0xff, 0x88,
    0xff, 0xf7, 0x7f, 0xff, 0x66, 0xff, 0xf5, 0x5f,
    0xff, 0x43, 0xff, 0xf3, 0x2f, 0xff, 0x21, 0xff,
    0xf1, 0xe, 0xed, 0x0, 0x0, 0x0, 0x1, 0x31,
    0x4, 0xff, 0xf4, 0xcf, 0xff, 0xba, 0xff, 0xf9,
    0x1c, 0xfb, 0x10,

    /* U+0022 "\"" */
    0xdf, 0xf5, 0xd, 0xff, 0x4c, 0xff, 0x50, 0xdf,
    0xf4, 0xbf, 0xf4, 0xc, 0xff, 0x3b, 0xff, 0x30,
    0xcf, 0xf2, 0xaf, 0xf3, 0xb, 0xff, 0x2a, 0xff,
    0x20, 0xaf, 0xf1, 0x7c, 0xc1, 0x7, 0xcc, 0x0,

    /* U+0023 "#" */
    0x0, 0x0, 0xd, 0xfd, 0x0, 0x9, 0xff, 0x10,
    0x0, 0x0, 0x0, 0xff, 0xb0, 0x0, 0xbf, 0xf0,
    0x0, 0x0, 0x0, 0x1f, 0xf9, 0x0, 0xd, 0xfd,
    0x0, 0x0, 0x0, 0x3, 0xff, 0x70, 0x0, 0xff,
    0xb0, 0x0, 0xb, 0xff, 0xff, 0xff, 0xff, 0xff,
    0xff, 0xff, 0xc0, 0xbf, 0xff, 0xff, 0xff, 0xff,
    0xff, 0xff, 0xfc, 0x6, 0x99, 0xff, 0xfb, 0x99,
    0xff, 0xff, 0x99, 0x70, 0x0, 0xb, 0xff, 0x0,
    0x7, 0xff, 0x30, 0x0, 0x0, 0x0, 0xdf, 0xd0,
    0x0, 0x9f, 0xf1, 0x0, 0x0, 0x0, 0xf, 0xfc,
    0x0, 0xb, 0xff, 0x0, 0x0, 0x49, 0x9a, 0xff,
    0xf9, 0x99, 0xff, 0xf9, 0x99, 0x8, 0xff, 0xff,
    0xff, 0xff, 0xff, 0xff, 0xff, 0xf0, 0x8f, 0xff,
    0xff, 0xff, 0xff, 0xff, 0xff, 0xff, 0x0, 0x0,
    0x6f, 0xf4, 0x0, 0x3f, 0xf8, 0x0, 0x0, 0x0,
    0x8, 0xff, 0x20, 0x5, 0xff, 0x60, 0x0, 0x0,
    0x0, 0xaf, 0xf0, 0x0, 0x7f, 0xf4, 0x0, 0x0,
    0x0, 0xc, 0xfe, 0x0, 0x9, 0xff, 0x20, 0x0,
    0x0,

    /* U+0024 "$" */
    0x0, 0x0, 0x0, 0x5f, 0xf0, 0x0, 0x0, 0x0,
    0x0, 0x0, 0x5, 0xff, 0x0, 0x0, 0x0, 0x0,
    0x0, 0x0, 0x5f, 0xf0, 0x0, 0x0, 0x0, 0x0,
    0x6, 0xbf, 0xff, 0xfc, 0x83, 0x0, 0x0, 0x3e,
    0xff, 0xff, 0xff, 0xff, 0xfa, 0x0, 0x2f, 0xff,
    0xff, 0xff, 0xff, 0xff, 0x80, 0xa, 0xff, 0xfc,
    0xaf, 0xf4, 0x7d, 0xf1, 0x0, 0xef, 0xff, 0x5,
    0xff, 0x0, 0x3, 0x0, 0xf, 0xff, 0xf1, 0x5f,
    0xf0, 0x0, 0x0, 0x0, 0xcf, 0xff, 0xed, 0xff,
    0x0, 0x0, 0x0, 0x4, 0xff, 0xff, 0xff, 0xfc,
    0x71, 0x0, 0x0, 0x4, 0xdf, 0xff, 0xff, 0xff,
    0xfa, 0x10, 0x0, 0x0, 0x4a, 0xff, 0xff, 0xff,
    0xfc, 0x0, 0x0, 0x0, 0x5, 0xff, 0xcf, 0xff,
    0xf6, 0x0, 0x0, 0x0, 0x5f, 0xf0, 0x7f, 0xff,
    0x90, 0x27, 0x0, 0x5, 0xff, 0x5, 0xff, 0xf8,
    0x9, 0xff, 0x95, 0x8f, 0xf6, 0xef, 0xff, 0x41,
    0xff, 0xff, 0xff, 0xff, 0xff, 0xff, 0xc0, 0x9,
    0xff, 0xff, 0xff, 0xff, 0xff, 0xb0, 0x0, 0x1,
    0x6a, 0xdf, 0xff, 0xe9, 0x40, 0x0, 0x0, 0x0,
    0x0, 0x5f, 0xf0, 0x0, 0x0, 0x0, 0x0, 0x0,
    0x5, 0xff, 0x0, 0x0, 0x0, 0x0, 0x0, 0x0,
    0x28, 0x80, 0x0, 0x0, 0x0,

    /* U+0025 "%" */
    0x0, 0x4c, 0xfe, 0xa1, 0x0, 0x0, 0x0, 0x8f,
    0xf5, 0x0, 0x0, 0x5f, 0xfd, 0xef, 0xe1, 0x0,
    0x0, 0x3f, 0xfa, 0x0, 0x0, 0xe, 0xf9, 0x0,
    0xdf, 0x90, 0x0, 0xd, 0xfe, 0x10, 0x0, 0x3,
    0xff, 0x20, 0x8, 0xfd, 0x0, 0x8, 0xff, 0x50,
    0x0, 0x0, 0x5f, 0xf1, 0x0, 0x7f, 0xf0, 0x3,
    0xff, 0xa0, 0x0, 0x0, 0x3, 0xff, 0x30, 0x9,
    0xfd, 0x0, 0xdf, 0xe1, 0x0, 0x0, 0x0, 0xe,
    0xfb, 0x2, 0xef, 0x90, 0x8f, 0xf4, 0x0, 0x0,
    0x0, 0x0, 0x5f, 0xff, 0xff, 0xe1, 0x3f, 0xfa,
    0x0, 0x0, 0x0, 0x0, 0x0, 0x4c, 0xfe, 0xa1,
    0xd, 0xfe, 0x11, 0x9e, 0xfc, 0x50, 0x0, 0x0,
    0x0, 0x0, 0x9, 0xff, 0x41, 0xdf, 0xff, 0xff,
    0x60, 0x0, 0x0, 0x0, 0x4, 0xff, 0x90, 0x8f,
    0xf3, 0xa, 0xff, 0x0, 0x0, 0x0, 0x0, 0xef,
    0xe0, 0xd, 0xf9, 0x0, 0x2f, 0xf4, 0x0, 0x0,
    0x0, 0x9f, 0xf4, 0x0, 0xef, 0x70, 0x0, 0xff,
    0x60, 0x0, 0x0, 0x4f, 0xf9, 0x0, 0xd, 0xf9,
    0x0, 0x2f, 0xf4, 0x0, 0x0, 0x1e, 0xfd, 0x0,
    0x0, 0x8f, 0xe1, 0x8, 0xff, 0x0, 0x0, 0xa,
    0xff, 0x30, 0x0, 0x1, 0xef, 0xed, 0xff, 0x60,
    0x0, 0x4, 0xff, 0x80, 0x0, 0x0, 0x1, 0x9e,
    0xfc, 0x50, 0x0,

    /* U+0026 "&" */
    0x0, 0x0, 0x18, 0xdf, 0xfd, 0x81, 0x0, 0x0,
    0x0, 0x0, 0x2e, 0xff, 0xff, 0xff, 0xe1, 0x0,
    0x0, 0x0, 0xc, 0xff, 0xfa, 0x9f, 0xff, 0x90,
    0x0, 0x0, 0x1, 0xff, 0xf6, 0x0, 0x6f, 0xfd,
    0x0, 0x0, 0x0, 0x1f, 0xff, 0x50, 0x7, 0xff,
    0xc0, 0x0, 0x0, 0x0, 0xdf, 0xfe, 0x17, 0xff,
    0xf6, 0x0, 0x0, 0x0, 0x5, 0xff, 0xff, 0xff,
    0xfa, 0x0, 0x0, 0x0, 0x0, 0xd, 0xff, 0xff,
    0xf6, 0x0, 0x0, 0x0, 0x0, 0x1b, 0xff, 0xff,
    0xff, 0x30, 0x7, 0x72, 0x0, 0x1e, 0xff, 0xfd,
    0xff, 0xff, 0x40, 0xdf, 0xf5, 0xa, 0xff, 0xf3,
    0x4, 0xff, 0xff, 0x9f, 0xff, 0x10, 0xff, 0xfa,
    0x0, 0x3, 0xef, 0xff, 0xff, 0xb0, 0x1f, 0xff,
    0xa0, 0x0, 0x2, 0xef, 0xff, 0xf3, 0x0, 0xff,
    0xff, 0x61, 0x0, 0x4d, 0xff, 0xff, 0xa0, 0x7,
    0xff, 0xff, 0xff, 0xff, 0xff, 0xff, 0xff, 0xa0,
    0x8, 0xff, 0xff, 0xff, 0xff, 0xe6, 0xbf, 0xf3,
    0x0, 0x2, 0x9d, 0xff, 0xdb, 0x61, 0x0, 0x95,
    0x0,

    /* U+0027 "'" */
    0xdf, 0xf5, 0xcf, 0xf5, 0xbf, 0xf4, 0xbf, 0xf3,
    0xaf, 0xf3, 0xaf, 0xf2, 0x7c, 0xc1,

    /* U+0028 "(" */
    0x0, 0x1, 0x44, 0x41, 0x0, 0xa, 0xff, 0xe0,
    0x0, 0x3f, 0xff, 0x70, 0x0, 0xbf, 0xff, 0x0,
    0x1, 0xff, 0xfa, 0x0, 0x6, 0xff, 0xf5, 0x0,
    0xa, 0xff, 0xf0, 0x0, 0xd, 0xff, 0xd0, 0x0,
    0xf, 0xff, 0xa0, 0x0, 0x1f, 0xff, 0x80, 0x0,
    0x2f, 0xff, 0x80, 0x0, 0x3f, 0xff, 0x70, 0x0,
    0x3f, 0xff, 0x70, 0x0, 0x2f, 0xff, 0x80, 0x0,
    0x1f, 0xff, 0x90, 0x0, 0xf, 0xff, 0xb0, 0x0,
    0xc, 0xff, 0xe0, 0x0, 0x9, 0xff, 0xf1, 0x0,
    0x4, 0xff, 0xf6, 0x0, 0x0, 0xef, 0xfb, 0x0,
    0x0, 0x9f, 0xff, 0x20, 0x0, 0x1f, 0xff, 0x90,
    0x0, 0x8, 0xff, 0xf1,

    /* U+0029 ")" */
    0x24, 0x43, 0x0, 0x6, 0xff, 0xf3, 0x0, 0xd,
    0xff, 0xc0, 0x0, 0x6f, 0xff, 0x40, 0x1, 0xff,
    0xfa, 0x0, 0xb, 0xff, 0xf0, 0x0, 0x7f, 0xff,
    0x30, 0x4, 0xff, 0xf6, 0x0, 0x1f, 0xff, 0x90,
    0x0, 0xff, 0xfb, 0x0, 0xe, 0xff, 0xc0, 0x0,
    0xdf, 0xfd, 0x0, 0xd, 0xff, 0xc0, 0x0, 0xef,
    0xfb, 0x0, 0xf, 0xff, 0xa0, 0x2, 0xff, 0xf8,
    0x0, 0x5f, 0xff, 0x50, 0x8, 0xff, 0xf2, 0x0,
    0xdf, 0xfe, 0x0, 0x2f, 0xff, 0x80, 0x8, 0xff,
    0xf2, 0x1, 0xff, 0xfa, 0x0, 0x8f, 0xff, 0x10,
    0x0,

    /* U+002A "*" */
    0x0, 0x0, 0x56, 0x20, 0x0, 0x0, 0x0, 0xe,
    0xf5, 0x0, 0x0, 0xc, 0x70, 0xef, 0x43, 0xc4,
    0x7, 0xff, 0xdf, 0xfd, 0xff, 0xd0, 0x18, 0xff,
    0xff, 0xff, 0xc3, 0x0, 0x9, 0xff, 0xff, 0xf2,
    0x0, 0x4e, 0xff, 0xff, 0xff, 0xf9, 0x3, 0xff,
    0x7e, 0xf8, 0xdf, 0xa0, 0x6, 0x10, 0xef, 0x50,
    0x61, 0x0, 0x0, 0xe, 0xf5, 0x0, 0x0,

    /* U+002B "+" */
    0x0, 0x0, 0x5f, 0xfb, 0x0, 0x0, 0x0, 0x0,
    0x5f, 0xfb, 0x0, 0x0, 0x0, 0x0, 0x5f, 0xfb,
    0x0, 0x0, 0x0, 0x0, 0x5f, 0xfb, 0x0, 0x0,
    0x7e, 0xee, 0xff, 0xff, 0xee, 0xed, 0x8f, 0xff,
    0xff, 0xff, 0xff, 0xfe, 0x8f, 0xff, 0xff, 0xff,
    0xff, 0xfe, 0x0, 0x0, 0x5f, 0xfb, 0x0, 0x0,
    0x0, 0x0, 0x5f, 0xfb, 0x0, 0x0, 0x0, 0x0,
    0x5f, 0xfb, 0x0, 0x0, 0x0, 0x0, 0x5f, 0xfb,
    0x0, 0x0,

    /* U+002C "," */
    0x0, 0x67, 0x20, 0xb, 0xff, 0xf1, 0x1f, 0xff,
    0xf6, 0xf, 0xff, 0xf5, 0x5, 0xff, 0xf1, 0x1,
    0xff, 0xa0, 0x5, 0xff, 0x40, 0xa, 0xfd, 0x0,
    0x6, 0x84, 0x0,

    /* U+002D "-" */
    0xbf, 0xff, 0xff, 0xf0, 0xcf, 0xff, 0xff, 0xf0,
    0xcf, 0xff, 0xff, 0xf0,

    /* U+002E "." */
    0x1, 0x78, 0x20, 0xd, 0xff, 0xf2, 0x2f, 0xff,
    0xf6, 0xf, 0xff, 0xf4, 0x4, 0xde, 0x80,

    /* U+002F "/" */
    0x0, 0x0, 0x0, 0x0, 0x78, 0x83, 0x0, 0x0,
    0x0, 0x3, 0xff, 0xf1, 0x0, 0x0, 0x0, 0x9,
    0xff, 0xc0, 0x0, 0x0, 0x0, 0xe, 0xff, 0x60,
    0x0, 0x0, 0x0, 0x4f, 0xff, 0x10, 0x0, 0x0,
    0x0, 0xaf, 0xfb, 0x0, 0x0, 0x0, 0x0, 0xff,
    0xf5, 0x0, 0x0, 0x0, 0x5, 0xff, 0xf0, 0x0,
    0x0, 0x0, 0xb, 0xff, 0xa0, 0x0, 0x0, 0x0,
    0x1f, 0xff, 0x40, 0x0, 0x0, 0x0, 0x6f, 0xfe,
    0x0, 0x0, 0x0, 0x0, 0xcf, 0xf9, 0x0, 0x0,
    0x0, 0x1, 0xff, 0xf3, 0x0, 0x0, 0x0, 0x7,
    0xff, 0xe0, 0x0, 0x0, 0x0, 0xc, 0xff, 0x80,
    0x0, 0x0, 0x0, 0x2f, 0xff, 0x20, 0x0, 0x0,
    0x0, 0x8f, 0xfd, 0x0, 0x0, 0x0, 0x0, 0xdf,
    0xf7, 0x0, 0x0, 0x0, 0x3, 0xff, 0xf2, 0x0,
    0x0, 0x0, 0x9, 0xff, 0xc0, 0x0, 0x0, 0x0,
    0xe, 0xff, 0x60, 0x0, 0x0, 0x0, 0x4f, 0xff,
    0x10, 0x0, 0x0, 0x0, 0x9f, 0xfb, 0x0, 0x0,
    0x0, 0x0,

    /* U+0030 "0" */
    0x0, 0x0, 0x17, 0xce, 0xfd, 0x92, 0x0, 0x0,
    0x0, 0x3, 0xef, 0xff, 0xff, 0xff, 0x70, 0x0,
    0x0, 0x3f, 0xff, 0xff, 0xff, 0xff, 0xf7, 0x0,
    0x0, 0xdf, 0xff, 0xc5, 0x5a, 0xff, 0xff, 0x20,
    0x5, 0xff, 0xfc, 0x0, 0x0, 0x8f, 0xff, 0x90,
    0xa, 0xff, 0xf5, 0x0, 0x0, 0x1f, 0xff, 0xe0,
    0xd, 0xff, 0xf1, 0x0, 0x0, 0xc, 0xff, 0xf2,
    0xf, 0xff, 0xf0, 0x0, 0x0, 0xa, 0xff, 0xf3,
    0xf, 0xff, 0xe0, 0x0, 0x0, 0x9, 0xff, 0xf5,
    0xf, 0xff, 0xf0, 0x0, 0x0, 0xa, 0xff, 0xf4,
    0xe, 0xff, 0xf1, 0x0, 0x0, 0xc, 0xff, 0xf2,
    0xa, 0xff, 0xf5, 0x0, 0x0, 0xf, 0xff, 0xe0,
    0x5, 0xff, 0xfc, 0x0, 0x0, 0x8f, 0xff, 0x90,
    0x0, 0xdf, 0xff, 0xc5, 0x49, 0xff, 0xff, 0x20,
    0x0, 0x3f, 0xff, 0xff, 0xff, 0xff, 0xf7, 0x0,
    0x0, 0x3, 0xef, 0xff, 0xff, 0xff, 0x70, 0x0,
    0x0, 0x0, 0x17, 0xce, 0xfd, 0x92, 0x0, 0x0,

    /* U+0031 "1" */
    0xdf, 0xff, 0xff, 0xf6, 0xdf, 0xff, 0xff, 0xf6,
    0xdf, 0xff, 0xff, 0xf6, 0x11, 0x19, 0xff, 0xf6,
    0x0, 0x7, 0xff, 0xf6, 0x0, 0x7, 0xff, 0xf6,
    0x0, 0x7, 0xff, 0xf6, 0x0, 0x7, 0xff, 0xf6,
    0x0, 0x7, 0xff, 0xf6, 0x0, 0x7, 0xff, 0xf6,
    0x0, 0x7, 0xff, 0xf6, 0x0, 0x7, 0xff, 0xf6,
    0x0, 0x7, 0xff, 0xf6, 0x0, 0x7, 0xff, 0xf6,
    0x0, 0x7, 0xff, 0xf6, 0x0, 0x7, 0xff, 0xf6,
    0x0, 0x7, 0xff, 0xf6,

    /* U+0032 "2" */
    0x0, 0x16, 0xbe, 0xfe, 0xc8, 0x10, 0x0, 0x6,
    0xef, 0xff, 0xff, 0xff, 0xf5, 0x0, 0x6f, 0xff,
    0xff, 0xff, 0xff, 0xff, 0x30, 0x6f, 0xff, 0xa5,
    0x46, 0xef, 0xff, 0xa0, 0x1, 0xa4, 0x0, 0x0,
    0x2f, 0xff, 0xd0, 0x0, 0x0, 0x0, 0x0, 0xf,
    0xff, 0xd0, 0x0, 0x0, 0x0, 0x0, 0x4f, 0xff,
    0xb0, 0x0, 0x0, 0x0, 0x0, 0xdf, 0xff, 0x50,
    0x0, 0x0, 0x0, 0xc, 0xff, 0xfb, 0x0, 0x0,
    0x0, 0x1, 0xcf, 0xff, 0xc0, 0x0, 0x0, 0x0,
    0x1d, 0xff, 0xfc, 0x0, 0x0, 0x0, 0x2, 0xef,
    0xff, 0xb0, 0x0, 0x0, 0x0, 0x2e, 0xff, 0xfa,
    0x0, 0x0, 0x0, 0x3, 0xef, 0xff, 0xc2, 0x22,
    0x22, 0x21, 0x1f, 0xff, 0xff, 0xff, 0xff, 0xff,
    0xf7, 0x3f, 0xff, 0xff, 0xff, 0xff, 0xff, 0xf7,
    0x3f, 0xff, 0xff, 0xff, 0xff, 0xff, 0xf7,

    /* U+0033 "3" */
    0x3, 0xff, 0xff, 0xff, 0xff, 0xff, 0xf9, 0x0,
    0x3f, 0xff, 0xff, 0xff, 0xff, 0xff, 0x90, 0x3,
    0xff, 0xff, 0xff, 0xff, 0xff, 0xf7, 0x0, 0x1,
    0x11, 0x11, 0x16, 0xff, 0xfb, 0x0, 0x0, 0x0,
    0x0, 0x2, 0xff, 0xfd, 0x10, 0x0, 0x0, 0x0,
    0x1, 0xef, 0xfe, 0x20, 0x0, 0x0, 0x0, 0x0,
    0xcf, 0xff, 0x40, 0x0, 0x0, 0x0, 0x0, 0x7f,
    0xff, 0xfb, 0x60, 0x0, 0x0, 0x0, 0x7, 0xff,
    0xff, 0xff, 0xc1, 0x0, 0x0, 0x0, 0x6e, 0xef,
    0xff, 0xff, 0xb0, 0x0, 0x0, 0x0, 0x0, 0x5,
    0xff, 0xff, 0x20, 0x0, 0x0, 0x0, 0x0, 0xa,
    0xff, 0xf4, 0x0, 0x51, 0x0, 0x0, 0x0, 0xcf,
    0xff, 0x30, 0x2f, 0xfb, 0x64, 0x46, 0xcf, 0xff,
    0xe0, 0xa, 0xff, 0xff, 0xff, 0xff, 0xff, 0xf6,
    0x0, 0x8f, 0xff, 0xff, 0xff, 0xff, 0xf7, 0x0,
    0x0, 0x16, 0xad, 0xff, 0xec, 0x82, 0x0, 0x0,

    /* U+0034 "4" */
    0x0, 0x0, 0x0, 0x0, 0xbf, 0xff, 0x60, 0x0,
    0x0, 0x0, 0x0, 0x0, 0x7f, 0xff, 0xa0, 0x0,
    0x0, 0x0, 0x0, 0x0, 0x3f, 0xff, 0xd0, 0x0,
    0x0, 0x0, 0x0, 0x0, 0x1e, 0xff, 0xf3, 0x0,
    0x0, 0x0, 0x0, 0x0, 0xb, 0xff, 0xf6, 0x0,
    0x0, 0x0, 0x0, 0x0, 0x7, 0xff, 0xfb, 0x0,
    0x0, 0x0, 0x0, 0x0, 0x3, 0xff, 0xfe, 0x10,
    0x22, 0x21, 0x0, 0x0, 0x1, 0xef, 0xff, 0x30,
    0x1f, 0xff, 0x90, 0x0, 0x0, 0xbf, 0xff, 0x70,
    0x1, 0xff, 0xf9, 0x0, 0x0, 0x7f, 0xff, 0xb0,
    0x0, 0x1f, 0xff, 0x90, 0x0, 0x2f, 0xff, 0xff,
    0xff, 0xff, 0xff, 0xff, 0xff, 0x54, 0xff, 0xff,
    0xff, 0xff, 0xff, 0xff, 0xff, 0xf5, 0x4f, 0xff,
    0xff, 0xff, 0xff, 0xff, 0xff, 0xff, 0x50, 0x22,
    0x22, 0x22, 0x22, 0x5f, 0xff, 0xb2, 0x20, 0x0,
    0x0, 0x0, 0x0, 0x3, 0xff, 0xf9, 0x0, 0x0,
    0x0, 0x0, 0x0, 0x0, 0x3f, 0xff, 0x90, 0x0,
    0x0, 0x0, 0x0, 0x0, 0x3, 0xff, 0xf9, 0x0,
    0x0,

    /* U+0035 "5" */
    0x0, 0xbf, 0xff, 0xff, 0xff, 0xff, 0x90, 0x0,
    0xcf, 0xff, 0xff, 0xff, 0xff, 0x90, 0x0, 0xef,
    0xff, 0xff, 0xff, 0xff, 0x90, 0x0, 0xff, 0xfa,
    0x11, 0x11, 0x11, 0x0, 0x1, 0xff, 0xf7, 0x0,
    0x0, 0x0, 0x0, 0x2, 0xff, 0xf5, 0x0, 0x0,
    0x0, 0x0, 0x4, 0xff, 0xff, 0xfe, 0xda, 0x50,
    0x0, 0x5, 0xff, 0xff, 0xff, 0xff, 0xfc, 0x10,
    0x7, 0xff, 0xff, 0xff, 0xff, 0xff, 0xc0, 0x1,
    0x22, 0x22, 0x24, 0x9f, 0xff, 0xf4, 0x0, 0x0,
    0x0, 0x0, 0x8, 0xff, 0xf8, 0x0, 0x0, 0x0,
    0x0, 0x5, 0xff, 0xf9, 0x5, 0x60, 0x0, 0x0,
    0xa, 0xff, 0xf7, 0xe, 0xfd, 0x85, 0x45, 0xaf,
    0xff, 0xf2, 0x6f, 0xff, 0xff, 0xff, 0xff, 0xff,
    0x90, 0x5e, 0xff, 0xff, 0xff, 0xff, 0xf9, 0x0,
    0x0, 0x49, 0xce, 0xfe, 0xd9, 0x30, 0x0,

    /* U+0036 "6" */
    0x0, 0x0, 0x2, 0x8c, 0xff, 0xfc, 0x93, 0x0,
    0x0, 0x8, 0xff, 0xff, 0xff, 0xff, 0xe0, 0x0,
    0xc, 0xff, 0xff, 0xff, 0xff, 0xf7, 0x0, 0x9,
    0xff, 0xff, 0x84, 0x23, 0x6b, 0x0, 0x2, 0xff,
    0xfe, 0x20, 0x0, 0x0, 0x0, 0x0, 0x9f, 0xff,
    0x60, 0x0, 0x0, 0x0, 0x0, 0xd, 0xff, 0xf1,
    0x6b, 0xdd, 0xb6, 0x0, 0x0, 0xff, 0xff, 0xdf,
    0xff, 0xff, 0xfd, 0x20, 0xf, 0xff, 0xff, 0xff,
    0xff, 0xff, 0xfd, 0x0, 0xff, 0xff, 0xf7, 0x10,
    0x4d, 0xff, 0xf6, 0xe, 0xff, 0xf8, 0x0, 0x0,
    0x3f, 0xff, 0xb0, 0xcf, 0xff, 0x50, 0x0, 0x0,
    0xff, 0xfc, 0x7, 0xff, 0xf7, 0x0, 0x0, 0x2f,
    0xff, 0xa0, 0x1e, 0xff, 0xf5, 0x0, 0x2c, 0xff,
    0xf5, 0x0, 0x5f, 0xff, 0xff, 0xef, 0xff, 0xfc,
    0x0, 0x0, 0x5f, 0xff, 0xff, 0xff, 0xfc, 0x10,
    0x0, 0x0, 0x17, 0xce, 0xfe, 0xb5, 0x0, 0x0,

    /* U+0037 "7" */
    0x6f, 0xff, 0xff, 0xff, 0xff, 0xff, 0xff, 0x16,
    0xff, 0xff, 0xff, 0xff, 0xff, 0xff, 0xf1, 0x6f,
    0xff, 0xff, 0xff, 0xff, 0xff, 0xff, 0x6, 0xff,
    0xf3, 0x22, 0x22, 0xaf, 0xff, 0xa0, 0x6f, 0xff,
    0x10, 0x0, 0xe, 0xff, 0xf3, 0x5, 0xee, 0xe1,
    0x0, 0x5, 0xff, 0xfc, 0x0, 0x0, 0x0, 0x0,
    0x0, 0xcf, 0xff, 0x50, 0x0, 0x0, 0x0, 0x0,
    0x3f, 0xff, 0xe0, 0x0, 0x0, 0x0, 0x0, 0xa,
    0xff, 0xf8, 0x0, 0x0, 0x0, 0x0, 0x1, 0xff,
    0xff, 0x10, 0x0, 0x0, 0x0, 0x0, 0x8f, 0xff,
    0xa0, 0x0, 0x0, 0x0, 0x0, 0xe, 0xff, 0xf3,
    0x0, 0x0, 0x0, 0x0, 0x6, 0xff, 0xfc, 0x0,
    0x0, 0x0, 0x0, 0x0, 0xdf, 0xff, 0x50, 0x0,
    0x0, 0x0, 0x0, 0x4f, 0xff, 0xe0, 0x0, 0x0,
    0x0, 0x0, 0xb, 0xff, 0xf7, 0x0, 0x0, 0x0,
    0x0, 0x2, 0xff, 0xff, 0x10, 0x0, 0x0, 0x0,

    /* U+0038 "8" */
    0x0, 0x0, 0x6b, 0xef, 0xfd, 0xa4, 0x0, 0x0,
    0x2, 0xdf, 0xff, 0xff, 0xff, 0xfc, 0x10, 0x0,
    0xef, 0xff, 0xfe, 0xef, 0xff, 0xfb, 0x0, 0x5f,
    0xff, 0xd2, 0x0, 0x3e, 0xff, 0xf3, 0x8, 0xff,
    0xf5, 0x0, 0x0, 0x8f, 0xff, 0x50, 0x6f, 0xff,
    0x70, 0x0, 0xa, 0xff, 0xf4, 0x1, 0xff, 0xff,
    0x84, 0x49, 0xff, 0xfd, 0x0, 0x4, 0xff, 0xff,
    0xff, 0xff, 0xfe, 0x20, 0x0, 0x6f, 0xff, 0xff,
    0xff, 0xff, 0xf5, 0x0, 0x6f, 0xff, 0xfa, 0x77,
    0xbf, 0xff, 0xf3, 0xe, 0xff, 0xf3, 0x0, 0x0,
    0x6f, 0xff, 0xb1, 0xff, 0xfd, 0x0, 0x0, 0x0,
    0xff, 0xff, 0x1f, 0xff, 0xe0, 0x0, 0x0, 0x1f,
    0xff, 0xe0, 0xdf, 0xff, 0xa1, 0x0, 0x2c, 0xff,
    0xfa, 0x4, 0xff, 0xff, 0xfe, 0xef, 0xff, 0xff,
    0x20, 0x5, 0xef, 0xff, 0xff, 0xff, 0xfe, 0x30,
    0x0, 0x1, 0x7b, 0xef, 0xfd, 0xa6, 0x0, 0x0,

    /* U+0039 "9" */
    0x0, 0x3, 0x9d, 0xfe, 0xd9, 0x30, 0x0, 0x0,
    0x8, 0xff, 0xff, 0xff, 0xff, 0x80, 0x0, 0x8,
    0xff, 0xff, 0xfe, 0xff, 0xff, 0x90, 0x1, 0xff,
    0xff, 0x40, 0x2, 0xdf, 0xff, 0x40, 0x5f, 0xff,
    0x70, 0x0, 0x3, 0xff, 0xfb, 0x7, 0xff, 0xf4,
    0x0, 0x0, 0xf, 0xff, 0xf1, 0x6f, 0xff, 0x80,
    0x0, 0x4, 0xff, 0xff, 0x32, 0xff, 0xff, 0x61,
    0x4, 0xef, 0xff, 0xf4, 0x9, 0xff, 0xff, 0xff,
    0xff, 0xff, 0xff, 0x50, 0xa, 0xff, 0xff, 0xff,
    0xfe, 0xff, 0xf4, 0x0, 0x4, 0xac, 0xdc, 0x81,
    0xbf, 0xff, 0x20, 0x0, 0x0, 0x0, 0x0, 0x1f,
    0xff, 0xd0, 0x0, 0x0, 0x0, 0x0, 0xb, 0xff,
    0xf7, 0x0, 0x8, 0x74, 0x23, 0x6d, 0xff, 0xfd,
    0x0, 0x2, 0xff, 0xff, 0xff, 0xff, 0xfe, 0x20,
    0x0, 0xaf, 0xff, 0xff, 0xff, 0xfc, 0x10, 0x0,
    0x1, 0x7c, 0xef, 0xfd, 0xa4, 0x0, 0x0, 0x0,

    /* U+003A ":" */
    0x4, 0xde, 0x80, 0xf, 0xff, 0xf4, 0x2f, 0xff,
    0xf6, 0xc, 0xff, 0xf2, 0x1, 0x78, 0x20, 0x0,
    0x0, 0x0, 0x0, 0x0, 0x0, 0x0, 0x0, 0x0,
    0x1, 0x78, 0x20, 0xd, 0xff, 0xf2, 0x2f, 0xff,
    0xf6, 0xf, 0xff, 0xf4, 0x4, 0xde, 0x80,

    /* U+003B ";" */
    0x4, 0xde, 0x80, 0xf, 0xff, 0xf4, 0x2f, 0xff,
    0xf6, 0xc, 0xff, 0xf2, 0x1, 0x78, 0x20, 0x0,
    0x0, 0x0, 0x0, 0x0, 0x0, 0x0, 0x0, 0x0,
    0x0, 0x67, 0x20, 0xb, 0xff, 0xf1, 0x1f, 0xff,
    0xf6, 0xf, 0xff, 0xf5, 0x5, 0xff, 0xf1, 0x1,
    0xff, 0xa0, 0x5, 0xff, 0x40, 0xa, 0xfd, 0x0,
    0x6, 0x84, 0x0,

    /* U+003C "<" */
    0x0, 0x0, 0x0, 0x0, 0x0, 0x0, 0x0, 0x0,
    0x0, 0x0, 0x4, 0xad, 0x0, 0x0, 0x0, 0x28,
    0xef, 0xfe, 0x0, 0x0, 0x6c, 0xff, 0xff, 0xfd,
    0x4, 0xaf, 0xff, 0xff, 0xfa, 0x40, 0x7f, 0xff,
    0xff, 0xb6, 0x0, 0x0, 0x8f, 0xff, 0x91, 0x0,
    0x0, 0x0, 0x8f, 0xff, 0xfc, 0x61, 0x0, 0x0,
    0x29, 0xff, 0xff, 0xff, 0xa5, 0x0, 0x0, 0x5,
    0xbf, 0xff, 0xff, 0xe8, 0x0, 0x0, 0x1, 0x7d,
    0xff, 0xfe, 0x0, 0x0, 0x0, 0x0, 0x3a, 0xfe,
    0x0, 0x0, 0x0, 0x0, 0x0, 0x5,

    /* U+003D "=" */
    0x8f, 0xff, 0xff, 0xff, 0xff, 0xfe, 0x8f, 0xff,
    0xff, 0xff, 0xff, 0xfe, 0x7e, 0xee, 0xee, 0xee,
    0xee, 0xed, 0x0, 0x0, 0x0, 0x0, 0x0, 0x0,
    0x0, 0x0, 0x0, 0x0, 0x0, 0x0, 0x0, 0x0,
    0x0, 0x0, 0x0, 0x0, 0x8f, 0xff, 0xff, 0xff,
    0xff, 0xfe, 0x8f, 0xff, 0xff, 0xff, 0xff, 0xfe,
    0x7e, 0xee, 0xee, 0xee, 0xee, 0xed,

    /* U+003E ">" */
    0x0, 0x0, 0x0, 0x0, 0x0, 0x0, 0x8c, 0x61,
    0x0, 0x0, 0x0, 0x0, 0x8f, 0xff, 0xa4, 0x0,
    0x0, 0x0, 0x7f, 0xff, 0xff, 0xe8, 0x20, 0x0,
    0x2, 0x8e, 0xff, 0xff, 0xfc, 0x60, 0x0, 0x0,
    0x39, 0xef, 0xff, 0xfe, 0x0, 0x0, 0x0, 0x5,
    0xff, 0xfe, 0x0, 0x0, 0x4, 0x9f, 0xff, 0xfe,
    0x0, 0x28, 0xef, 0xff, 0xff, 0xc5, 0x4d, 0xff,
    0xff, 0xfe, 0x82, 0x0, 0x8f, 0xff, 0xfa, 0x40,
    0x0, 0x0, 0x8f, 0xc6, 0x0, 0x0, 0x0, 0x0,
    0x32, 0x0, 0x0, 0x0, 0x0, 0x0,

    /* U+003F "?" */
    0x0, 0x1, 0x6b, 0xdf, 0xfd, 0x93, 0x0, 0x0,
    0x5e, 0xff, 0xff, 0xff, 0xff, 0x80, 0x6, 0xff,
    0xff, 0xff, 0xff, 0xff, 0xf5, 0x7, 0xff, 0xf8,
    0x32, 0x5d, 0xff, 0xfb, 0x0, 0x1a, 0x30, 0x0,
    0x2, 0xff, 0xfd, 0x0, 0x0, 0x0, 0x0, 0x2,
    0xff, 0xfb, 0x0, 0x0, 0x0, 0x0, 0xc, 0xff,
    0xf4, 0x0, 0x0, 0x0, 0x1, 0xcf, 0xff, 0x80,
    0x0, 0x0, 0x0, 0xc, 0xff, 0xf8, 0x0, 0x0,
    0x0, 0x0, 0x6f, 0xff, 0x80, 0x0, 0x0, 0x0,
    0x0, 0xbf, 0xfe, 0x0, 0x0, 0x0, 0x0, 0x0,
    0x1, 0x10, 0x0, 0x0, 0x0, 0x0, 0x0, 0x3,
    0x30, 0x0, 0x0, 0x0, 0x0, 0x0, 0xbf, 0xfc,
    0x0, 0x0, 0x0, 0x0, 0x3, 0xff, 0xff, 0x40,
    0x0, 0x0, 0x0, 0x1, 0xff, 0xff, 0x30, 0x0,
    0x0, 0x0, 0x0, 0x6e, 0xe7, 0x0, 0x0,

    /* U+0040 "@" */
    0x0, 0x0, 0x0, 0x1, 0x6a, 0xde, 0xfe, 0xda,
    0x61, 0x0, 0x0, 0x0, 0x0, 0x0, 0x1, 0x8f,
    0xff, 0xff, 0xff, 0xff, 0xff, 0x91, 0x0, 0x0,
    0x0, 0x0, 0x3e, 0xff, 0xfb, 0x75, 0x45, 0x6a,
    0xff, 0xfe, 0x40, 0x0, 0x0, 0x3, 0xff, 0xfa,
    0x20, 0x0, 0x0, 0x0, 0x7, 0xff, 0xf4, 0x0,
    0x0, 0x1e, 0xff, 0x50, 0x0, 0x0, 0x0, 0x0,
    0x0, 0x2e, 0xff, 0x20, 0x0, 0xaf, 0xf6, 0x0,
    0x2, 0x78, 0x73, 0x6, 0x99, 0x52, 0xff, 0xa0,
    0x2, 0xff, 0xc0, 0x0, 0xaf, 0xff, 0xff, 0xbc,
    0xff, 0x80, 0x7f, 0xf2, 0x8, 0xff, 0x40, 0xb,
    0xff, 0xff, 0xff, 0xff, 0xff, 0x80, 0xf, 0xf7,
    0xc, 0xff, 0x0, 0x5f, 0xff, 0x92, 0x3, 0xdf,
    0xff, 0x80, 0xb, 0xfb, 0xe, 0xfb, 0x0, 0xbf,
    0xfc, 0x0, 0x0, 0x1f, 0xff, 0x80, 0x9, 0xfd,
    0xf, 0xfa, 0x0, 0xef, 0xf6, 0x0, 0x0, 0xf,
    0xff, 0x80, 0x8, 0xfe, 0xf, 0xfa, 0x0, 0xef,
    0xf6, 0x0, 0x0, 0xf, 0xff, 0x80, 0x9, 0xfd,
    0xe, 0xfc, 0x0, 0xcf, 0xf9, 0x0, 0x0, 0xf,
    0xff, 0x80, 0xb, 0xfa, 0xc, 0xff, 0x0, 0x8f,
    0xff, 0x40, 0x0, 0x8f, 0xff, 0xa0, 0x1f, 0xf6,
    0x7, 0xff, 0x40, 0x1e, 0xff, 0xfc, 0xad, 0xff,
    0xff, 0xfb, 0xef, 0xe0, 0x2, 0xff, 0xc0, 0x3,
    0xef, 0xff, 0xff, 0xf5, 0xef, 0xff, 0xff, 0x50,
    0x0, 0x9f, 0xf6, 0x0, 0x19, 0xdf, 0xea, 0x30,
    0x2b, 0xee, 0xb3, 0x0, 0x0, 0x1e, 0xff, 0x50,
    0x0, 0x0, 0x0, 0x0, 0x0, 0x0, 0x0, 0x0,
    0x0, 0x3, 0xff, 0xfa, 0x20, 0x0, 0x0, 0x0,
    0x21, 0x0, 0x0, 0x0, 0x0, 0x0, 0x3e, 0xff,
    0xfb, 0x75, 0x45, 0x7b, 0xf7, 0x0, 0x0, 0x0,
    0x0, 0x0, 0x1, 0x8f, 0xff, 0xff, 0xff, 0xff,
    0xfc, 0x0, 0x0, 0x0, 0x0, 0x0, 0x0, 0x1,
    0x6a, 0xde, 0xff, 0xda, 0x61, 0x0, 0x0, 0x0,

    /* U+0041 "A" */
    0x0, 0x0, 0x0, 0x0, 0xef, 0xff, 0x50, 0x0,
    0x0, 0x0, 0x0, 0x0, 0x0, 0x6, 0xff, 0xff,
    0xc0, 0x0, 0x0, 0x0, 0x0, 0x0, 0x0, 0xd,
    0xff, 0xff, 0xf3, 0x0, 0x0, 0x0, 0x0, 0x0,
    0x0, 0x4f, 0xff, 0xff, 0xfa, 0x0, 0x0, 0x0,
    0x0, 0x0, 0x0, 0xbf, 0xfe, 0x8f, 0xff, 0x10,
    0x0, 0x0, 0x0, 0x0, 0x2, 0xff, 0xf7, 0x2f,
    0xff, 0x80, 0x0, 0x0, 0x0, 0x0, 0x9, 0xff,
    0xf1, 0xb, 0xff, 0xe0, 0x0, 0x0, 0x0, 0x0,
    0x1f, 0xff, 0xa0, 0x5, 0xff, 0xf6, 0x0, 0x0,
    0x0, 0x0, 0x7f, 0xff, 0x30, 0x0, 0xef, 0xfd,
    0x0, 0x0, 0x0, 0x0, 0xef, 0xfd, 0x0, 0x0,
    0x8f, 0xff, 0x40, 0x0, 0x0, 0x5, 0xff, 0xff,
    0xff, 0xff, 0xff, 0xff, 0xb0, 0x0, 0x0, 0xc,
    0xff, 0xff, 0xff, 0xff, 0xff, 0xff, 0xf3, 0x0,
    0x0, 0x3f, 0xff, 0xff, 0xff, 0xff, 0xff, 0xff,
    0xfa, 0x0, 0x0, 0xaf, 0xff, 0x30, 0x0, 0x0,
    0x0, 0xdf, 0xff, 0x10, 0x2, 0xff, 0xfc, 0x0,
    0x0, 0x0, 0x0, 0x7f, 0xff, 0x80, 0x8, 0xff,
    0xf6, 0x0, 0x0, 0x0, 0x0, 0x1f, 0xff, 0xe0,
    0xf, 0xff, 0xe0, 0x0, 0x0, 0x0, 0x0, 0xa,
    0xff, 0xf6,

    /* U+0042 "B" */
    0xf, 0xff, 0xff, 0xff, 0xff, 0xec, 0x81, 0x0,
    0x0, 0xff, 0xff, 0xff, 0xff, 0xff, 0xff, 0xf4,
    0x0, 0xf, 0xff, 0xfe, 0xee, 0xef, 0xff, 0xff,
    0xf1, 0x0, 0xff, 0xfd, 0x0, 0x0, 0x4, 0xef,
    0xff, 0x60, 0xf, 0xff, 0xd0, 0x0, 0x0, 0x7,
    0xff, 0xf8, 0x0, 0xff, 0xfd, 0x0, 0x0, 0x0,
    0x7f, 0xff, 0x60, 0xf, 0xff, 0xd0, 0x0, 0x0,
    0x2e, 0xff, 0xf1, 0x0, 0xff, 0xff, 0xdd, 0xdd,
    0xef, 0xff, 0xf6, 0x0, 0xf, 0xff, 0xff, 0xff,
    0xff, 0xff, 0xfc, 0x10, 0x0, 0xff, 0xff, 0xff,
    0xff, 0xff, 0xff, 0xff, 0x40, 0xf, 0xff, 0xd0,
    0x0, 0x0, 0x17, 0xff, 0xfe, 0x0, 0xff, 0xfd,
    0x0, 0x0, 0x0, 0xa, 0xff, 0xf4, 0xf, 0xff,
    0xd0, 0x0, 0x0, 0x0, 0xaf, 0xff, 0x60, 0xff,
    0xfd, 0x0, 0x0, 0x0, 0x5f, 0xff, 0xf4, 0xf,
    0xff, 0xfe, 0xee, 0xee, 0xff, 0xff, 0xfd, 0x0,
    0xff, 0xff, 0xff, 0xff, 0xff, 0xff, 0xfd, 0x20,
    0xf, 0xff, 0xff, 0xff, 0xff, 0xfe, 0xb6, 0x0,
    0x0,

    /* U+0043 "C" */
    0x0, 0x0, 0x0, 0x5a, 0xdf, 0xfd, 0xb6, 0x0,
    0x0, 0x0, 0x5, 0xef, 0xff, 0xff, 0xff, 0xfe,
    0x50, 0x0, 0x8, 0xff, 0xff, 0xff, 0xff, 0xff,
    0xff, 0x70, 0x6, 0xff, 0xff, 0xe9, 0x55, 0x7c,
    0xff, 0xf6, 0x1, 0xff, 0xff, 0xa0, 0x0, 0x0,
    0x5, 0xe4, 0x0, 0x8f, 0xff, 0xc0, 0x0, 0x0,
    0x0, 0x0, 0x0, 0xd, 0xff, 0xf4, 0x0, 0x0,
    0x0, 0x0, 0x0, 0x0, 0xff, 0xff, 0x0, 0x0,
    0x0, 0x0, 0x0, 0x0, 0xf, 0xff, 0xe0, 0x0,
    0x0, 0x0, 0x0, 0x0, 0x0, 0xff, 0xff, 0x0,
    0x0, 0x0, 0x0, 0x0, 0x0, 0xd, 0xff, 0xf3,
    0x0, 0x0, 0x0, 0x0, 0x0, 0x0, 0x8f, 0xff,
    0xc0, 0x0, 0x0, 0x0, 0x0, 0x0, 0x1, 0xff,
    0xff, 0xa0, 0x0, 0x0, 0x5, 0xe4, 0x0, 0x6,
    0xff, 0xff, 0xe8, 0x54, 0x6c, 0xff, 0xf6, 0x0,
    0x8, 0xff, 0xff, 0xff, 0xff, 0xff, 0xff, 0x70,
    0x0, 0x5, 0xef, 0xff, 0xff, 0xff, 0xfe, 0x50,
    0x0, 0x0, 0x0, 0x6a, 0xdf, 0xfd, 0xb6, 0x0,
    0x0,

    /* U+0044 "D" */
    0xf, 0xff, 0xff, 0xff, 0xff, 0xda, 0x50, 0x0,
    0x0, 0xf, 0xff, 0xff, 0xff, 0xff, 0xff, 0xfd,
    0x30, 0x0, 0xf, 0xff, 0xff, 0xff, 0xff, 0xff,
    0xff, 0xf6, 0x0, 0xf, 0xff, 0xe2, 0x22, 0x24,
    0x8e, 0xff, 0xff, 0x40, 0xf, 0xff, 0xe0, 0x0,
    0x0, 0x0, 0xbf, 0xff, 0xe0, 0xf, 0xff, 0xe0,
    0x0, 0x0, 0x0, 0xd, 0xff, 0xf6, 0xf, 0xff,
    0xe0, 0x0, 0x0, 0x0, 0x6, 0xff, 0xfa, 0xf,
    0xff, 0xe0, 0x0, 0x0, 0x0, 0x2, 0xff, 0xfd,
    0xf, 0xff, 0xe0, 0x0, 0x0, 0x0, 0x1, 0xff,
    0xfe, 0xf, 0xff, 0xe0, 0x0, 0x0, 0x0, 0x2,
    0xff, 0xfd, 0xf, 0xff, 0xe0, 0x0, 0x0, 0x0,
    0x6, 0xff, 0xfa, 0xf, 0xff, 0xe0, 0x0, 0x0,
    0x0, 0xd, 0xff, 0xf6, 0xf, 0xff, 0xe0, 0x0,
    0x0, 0x0, 0xbf, 0xff, 0xe0, 0xf, 0xff, 0xe2,
    0x22, 0x24, 0x8e, 0xff, 0xff, 0x40, 0xf, 0xff,
    0xff, 0xff, 0xff, 0xff, 0xff, 0xf6, 0x0, 0xf,
    0xff, 0xff, 0xff, 0xff, 0xff, 0xfd, 0x30, 0x0,
    0xf, 0xff, 0xff, 0xff, 0xff, 0xda, 0x50, 0x0,
    0x0,

    /* U+0045 "E" */
    0xf, 0xff, 0xff, 0xff, 0xff, 0xff, 0xfb, 0xf,
    0xff, 0xff, 0xff, 0xff, 0xff, 0xfb, 0xf, 0xff,
    0xff, 0xff, 0xff, 0xff, 0xfb, 0xf, 0xff, 0xd1,
    0x11, 0x11, 0x11, 0x11, 0xf, 0xff, 0xd0, 0x0,
    0x0, 0x0, 0x0, 0xf, 0xff, 0xd0, 0x0, 0x0,
    0x0, 0x0, 0xf, 0xff, 0xd0, 0x0, 0x0, 0x0,
    0x0, 0xf, 0xff, 0xff, 0xff, 0xff, 0xff, 0xa0,
    0xf, 0xff, 0xff, 0xff, 0xff, 0xff, 0xa0, 0xf,
    0xff, 0xff, 0xff, 0xff, 0xff, 0xa0, 0xf, 0xff,
    0xd0, 0x0, 0x0, 0x0, 0x0, 0xf, 0xff, 0xd0,
    0x0, 0x0, 0x0, 0x0, 0xf, 0xff, 0xd0, 0x0,
    0x0, 0x0, 0x0, 0xf, 0xff, 0xd1, 0x11, 0x11,
    0x11, 0x11, 0xf, 0xff, 0xff, 0xff, 0xff, 0xff,
    0xff, 0xf, 0xff, 0xff, 0xff, 0xff, 0xff, 0xff,
    0xf, 0xff, 0xff, 0xff, 0xff, 0xff, 0xff,

    /* U+0046 "F" */
    0xf, 0xff, 0xff, 0xff, 0xff, 0xff, 0xfb, 0xf,
    0xff, 0xff, 0xff, 0xff, 0xff, 0xfb, 0xf, 0xff,
    0xff, 0xff, 0xff, 0xff, 0xfb, 0xf, 0xff, 0xe1,
    0x11, 0x11, 0x11, 0x11, 0xf, 0xff, 0xe0, 0x0,
    0x0, 0x0, 0x0, 0xf, 0xff, 0xe0, 0x0, 0x0,
    0x0, 0x0, 0xf, 0xff, 0xe0, 0x0, 0x0, 0x0,
    0x0, 0xf, 0xff, 0xe1, 0x11, 0x11, 0x11, 0x0,
    0xf, 0xff, 0xff, 0xff, 0xff, 0xff, 0xa0, 0xf,
    0xff, 0xff, 0xff, 0xff, 0xff, 0xa0, 0xf, 0xff,
    0xff, 0xff, 0xff, 0xff, 0xa0, 0xf, 0xff, 0xe0,
    0x0, 0x0, 0x0, 0x0, 0xf, 0xff, 0xe0, 0x0,
    0x0, 0x0, 0x0, 0xf, 0xff, 0xe0, 0x0, 0x0,
    0x0, 0x0, 0xf, 0xff, 0xe0, 0x0, 0x0, 0x0,
    0x0, 0xf, 0xff, 0xe0, 0x0, 0x0, 0x0, 0x0,
    0xf, 0xff, 0xe0, 0x0, 0x0, 0x0, 0x0,

    /* U+0047 "G" */
    0x0, 0x0, 0x0, 0x5a, 0xdf, 0xfe, 0xb7, 0x10,
    0x0, 0x0, 0x0, 0x5e, 0xff, 0xff, 0xff, 0xff,
    0xf8, 0x0, 0x0, 0x8, 0xff, 0xff, 0xff, 0xff,
    0xff, 0xff, 0xb0, 0x0, 0x6f, 0xff, 0xfe, 0x95,
    0x56, 0xbf, 0xff, 0x80, 0x1, 0xff, 0xff, 0xa0,
    0x0, 0x0, 0x3, 0xd6, 0x0, 0x8, 0xff, 0xfc,
    0x0, 0x0, 0x0, 0x0, 0x0, 0x0, 0xd, 0xff,
    0xf4, 0x0, 0x0, 0x0, 0x0, 0x0, 0x0, 0xf,
    0xff, 0xf0, 0x0, 0x0, 0x0, 0x0, 0x0, 0x0,
    0xf, 0xff, 0xe0, 0x0, 0x0, 0x0, 0x7, 0xcc,
    0xa0, 0xf, 0xff, 0xf0, 0x0, 0x0, 0x0, 0xa,
    0xff, 0xe0, 0xd, 0xff, 0xf4, 0x0, 0x0, 0x0,
    0xa, 0xff, 0xe0, 0x8, 0xff, 0xfc, 0x0, 0x0,
    0x0, 0xa, 0xff, 0xe0, 0x1, 0xff, 0xff, 0xa0,
    0x0, 0x0, 0xc, 0xff, 0xe0, 0x0, 0x6f, 0xff,
    0xfe, 0x85, 0x46, 0xaf, 0xff, 0xe0, 0x0, 0x8,
    0xff, 0xff, 0xff, 0xff, 0xff, 0xff, 0xf0, 0x0,
    0x0, 0x5e, 0xff, 0xff, 0xff, 0xff, 0xfb, 0x20,
    0x0, 0x0, 0x0, 0x6a, 0xdf, 0xfe, 0xb7, 0x20,
    0x0,

    /* U+0048 "H" */
    0xf, 0xff, 0xe0, 0x0, 0x0, 0x0, 0x7f, 0xff,
    0x60, 0xff, 0xfe, 0x0, 0x0, 0x0, 0x7, 0xff,
    0xf6, 0xf, 0xff, 0xe0, 0x0, 0x0, 0x0, 0x7f,
    0xff, 0x60, 0xff, 0xfe, 0x0, 0x0, 0x0, 0x7,
    0xff, 0xf6, 0xf, 0xff, 0xe0, 0x0, 0x0, 0x0,
    0x7f, 0xff, 0x60, 0xff, 0xfe, 0x0, 0x0, 0x0,
    0x7, 0xff, 0xf6, 0xf, 0xff, 0xe0, 0x0, 0x0,
    0x0, 0x7f, 0xff, 0x60, 0xff, 0xff, 0xff, 0xff,
    0xff, 0xff, 0xff, 0xf6, 0xf, 0xff, 0xff, 0xff,
    0xff, 0xff, 0xff, 0xff, 0x60, 0xff, 0xff, 0xff,
    0xff, 0xff, 0xff, 0xff, 0xf6, 0xf, 0xff, 0xf4,
    0x44, 0x44, 0x44, 0xbf, 0xff, 0x60, 0xff, 0xfe,
    0x0, 0x0, 0x0, 0x7, 0xff, 0xf6, 0xf, 0xff,
    0xe0, 0x0, 0x0, 0x0, 0x7f, 0xff, 0x60, 0xff,
    0xfe, 0x0, 0x0, 0x0, 0x7, 0xff, 0xf6, 0xf,
    0xff, 0xe0, 0x0, 0x0, 0x0, 0x7f, 0xff, 0x60,
    0xff, 0xfe, 0x0, 0x0, 0x0, 0x7, 0xff, 0xf6,
    0xf, 0xff, 0xe0, 0x0, 0x0, 0x0, 0x7f, 0xff,
    0x60,

    /* U+0049 "I" */
    0xf, 0xff, 0xe0, 0xff, 0xfe, 0xf, 0xff, 0xe0,
    0xff, 0xfe, 0xf, 0xff, 0xe0, 0xff, 0xfe, 0xf,
    0xff, 0xe0, 0xff, 0xfe, 0xf, 0xff, 0xe0, 0xff,
    0xfe, 0xf, 0xff, 0xe0, 0xff, 0xfe, 0xf, 0xff,
    0xe0, 0xff, 0xfe, 0xf, 0xff, 0xe0, 0xff, 0xfe,
    0xf, 0xff, 0xe0,

    /* U+004A "J" */
    0x0, 0xaf, 0xff, 0xff, 0xff, 0xff, 0x20, 0xa,
    0xff, 0xff, 0xff, 0xff, 0xf2, 0x0, 0xaf, 0xff,
    0xff, 0xff, 0xff, 0x20, 0x0, 0x11, 0x11, 0x1c,
    0xff, 0xf2, 0x0, 0x0, 0x0, 0x0, 0xbf, 0xff,
    0x20, 0x0, 0x0, 0x0, 0xb, 0xff, 0xf2, 0x0,
    0x0, 0x0, 0x0, 0xbf, 0xff, 0x20, 0x0, 0x0,
    0x0, 0xb, 0xff, 0xf2, 0x0, 0x0, 0x0, 0x0,
    0xbf, 0xff, 0x20, 0x0, 0x0, 0x0, 0xb, 0xff,
    0xf2, 0x0, 0x0, 0x0, 0x0, 0xbf, 0xff, 0x20,
    0x0, 0x0, 0x0, 0xc, 0xff, 0xf1, 0x0, 0x94,
    0x0, 0x0, 0xff, 0xff, 0x0, 0x7f, 0xf8, 0x34,
    0xbf, 0xff, 0xb0, 0x2f, 0xff, 0xff, 0xff, 0xff,
    0xf4, 0x0, 0x6f, 0xff, 0xff, 0xff, 0xf8, 0x0,
    0x0, 0x28, 0xdf, 0xfe, 0xa3, 0x0, 0x0,

    /* U+004B "K" */
    0xf, 0xff, 0xd0, 0x0, 0x0, 0x3, 0xff, 0xff,
    0x30, 0xf, 0xff, 0xd0, 0x0, 0x0, 0x2e, 0xff,
    0xf4, 0x0, 0xf, 0xff, 0xd0, 0x0, 0x2, 0xef,
    0xff, 0x50, 0x0, 0xf, 0xff, 0xd0, 0x0, 0x1e,
    0xff, 0xf6, 0x0, 0x0, 0xf, 0xff, 0xd0, 0x1,
    0xdf, 0xff, 0x70, 0x0, 0x0, 0xf, 0xff, 0xd0,
    0xc, 0xff, 0xf9, 0x0, 0x0, 0x0, 0xf, 0xff,
    0xd0, 0xcf, 0xff, 0xa0, 0x0, 0x0, 0x0, 0xf,
    0xff, 0xeb, 0xff, 0xff, 0x0, 0x0, 0x0, 0x0,
    0xf, 0xff, 0xff, 0xff, 0xff, 0x60, 0x0, 0x0,
    0x0, 0xf, 0xff, 0xff, 0xff, 0xff, 0xf3, 0x0,
    0x0, 0x0, 0xf, 0xff, 0xff, 0xdd, 0xff, 0xfe,
    0x10, 0x0, 0x0, 0xf, 0xff, 0xfe, 0x11, 0xdf,
    0xff, 0xb0, 0x0, 0x0, 0xf, 0xff, 0xf2, 0x0,
    0x2f, 0xff, 0xf8, 0x0, 0x0, 0xf, 0xff, 0xd0,
    0x0, 0x5, 0xff, 0xff, 0x40, 0x0, 0xf, 0xff,
    0xd0, 0x0, 0x0, 0x8f, 0xff, 0xe2, 0x0, 0xf,
    0xff, 0xd0, 0x0, 0x0, 0xb, 0xff, 0xfd, 0x0,
    0xf, 0xff, 0xd0, 0x0, 0x0, 0x1, 0xdf, 0xff,
    0xa0,

    /* U+004C "L" */
    0xf, 0xff, 0xe0, 0x0, 0x0, 0x0, 0x0, 0xf,
    0xff, 0xe0, 0x0, 0x0, 0x0, 0x0, 0xf, 0xff,
    0xe0, 0x0, 0x0, 0x0, 0x0, 0xf, 0xff, 0xe0,
    0x0, 0x0, 0x0, 0x0, 0xf, 0xff, 0xe0, 0x0,
    0x0, 0x0, 0x0, 0xf, 0xff, 0xe0, 0x0, 0x0,
    0x0, 0x0, 0xf, 0xff, 0xe0, 0x0, 0x0, 0x0,
    0x0, 0xf, 0xff, 0xe0, 0x0, 0x0, 0x0, 0x0,
    0xf, 0xff, 0xe0, 0x0, 0x0, 0x0, 0x0, 0xf,
    0xff, 0xe0, 0x0, 0x0, 0x0, 0x0, 0xf, 0xff,
    0xe0, 0x0, 0x0, 0x0, 0x0, 0xf, 0xff, 0xe0,
    0x0, 0x0, 0x0, 0x0, 0xf, 0xff, 0xe0, 0x0,
    0x0, 0x0, 0x0, 0xf, 0xff, 0xe2, 0x22, 0x22,
    0x22, 0x20, 0xf, 0xff, 0xff, 0xff, 0xff, 0xff,
    0xf4, 0xf, 0xff, 0xff, 0xff, 0xff, 0xff, 0xf4,
    0xf, 0xff, 0xff, 0xff, 0xff, 0xff, 0xf4,

    /* U+004D "M" */
    0xf, 0xff, 0x70, 0x0, 0x0, 0x0, 0x0, 0x0,
    0x9f, 0xfd, 0xf, 0xff, 0xf1, 0x0, 0x0, 0x0,
    0x0, 0x3, 0xff, 0xfe, 0xf, 0xff, 0xfa, 0x0,
    0x0, 0x0, 0x0, 0xc, 0xff, 0xfe, 0xf, 0xff,
    0xff, 0x40, 0x0, 0x0, 0x0, 0x5f, 0xff, 0xfe,
    0xf, 0xff, 0xff, 0xd0, 0x0, 0x0, 0x0, 0xef,
    0xff, 0xfe, 0xf, 0xff, 0xff, 0xf7, 0x0, 0x0,
    0x8, 0xff, 0xff, 0xfe, 0xf, 0xff, 0xff, 0xff,
    0x10, 0x0, 0x2f, 0xff, 0xff, 0xfe, 0xf, 0xff,
    0xdf, 0xff, 0xa0, 0x0, 0xaf, 0xfe, 0xcf, 0xfe,
    0xf, 0xff, 0xa9, 0xff, 0xf3, 0x4, 0xff, 0xf5,
    0xbf, 0xfe, 0xf, 0xff, 0xa0, 0xef, 0xfc, 0xd,
    0xff, 0xc0, 0xbf, 0xfe, 0xf, 0xff, 0xa0, 0x5f,
    0xff, 0xdf, 0xff, 0x20, 0xbf, 0xfe, 0xf, 0xff,
    0xa0, 0xb, 0xff, 0xff, 0xf8, 0x0, 0xbf, 0xfe,
    0xf, 0xff, 0xa0, 0x2, 0xff, 0xff, 0xe0, 0x0,
    0xbf, 0xfe, 0xf, 0xff, 0xa0, 0x0, 0x8f, 0xff,
    0x50, 0x0, 0xbf, 0xfe, 0xf, 0xff, 0xa0, 0x0,
    0xd, 0xfc, 0x0, 0x0, 0xbf, 0xfe, 0xf, 0xff,
    0xa0, 0x0, 0x1, 0x31, 0x0, 0x0, 0xbf, 0xfe,
    0xf, 0xff, 0xa0, 0x0, 0x0, 0x0, 0x0, 0x0,
    0xbf, 0xfe,

    /* U+004E "N" */
    0xf, 0xff, 0x90, 0x0, 0x0, 0x0, 0x7f, 0xff,
    0x60, 0xff, 0xff, 0x70, 0x0, 0x0, 0x7, 0xff,
    0xf6, 0xf, 0xff, 0xff, 0x40, 0x0, 0x0, 0x7f,
    0xff, 0x60, 0xff, 0xff, 0xff, 0x20, 0x0, 0x7,
    0xff, 0xf6, 0xf, 0xff, 0xff, 0xfd, 0x10, 0x0,
    0x7f, 0xff, 0x60, 0xff, 0xff, 0xff, 0xfb, 0x0,
    0x7, 0xff, 0xf6, 0xf, 0xff, 0xff, 0xff, 0xf9,
    0x0, 0x7f, 0xff, 0x60, 0xff, 0xfd, 0xaf, 0xff,
    0xf6, 0x7, 0xff, 0xf6, 0xf, 0xff, 0xd0, 0xcf,
    0xff, 0xf4, 0x7f, 0xff, 0x60, 0xff, 0xfd, 0x1,
    0xef, 0xff, 0xe9, 0xff, 0xf6, 0xf, 0xff, 0xd0,
    0x3, 0xff, 0xff, 0xff, 0xff, 0x60, 0xff, 0xfd,
    0x0, 0x5, 0xff, 0xff, 0xff, 0xf6, 0xf, 0xff,
    0xd0, 0x0, 0x8, 0xff, 0xff, 0xff, 0x60, 0xff,
    0xfd, 0x0, 0x0, 0xb, 0xff, 0xff, 0xf6, 0xf,
    0xff, 0xd0, 0x0, 0x0, 0xd, 0xff, 0xff, 0x60,
    0xff, 0xfd, 0x0, 0x0, 0x0, 0x2e, 0xff, 0xf6,
    0xf, 0xff, 0xd0, 0x0, 0x0, 0x0, 0x3f, 0xff,
    0x60,

    /* U+004F "O" */
    0x0, 0x0, 0x0, 0x5a, 0xdf, 0xfe, 0xb6, 0x10,
    0x0, 0x0, 0x0, 0x0, 0x4d, 0xff, 0xff, 0xff,
    0xff, 0xf7, 0x0, 0x0, 0x0, 0x7, 0xff, 0xff,
    0xff, 0xff, 0xff, 0xff, 0xa0, 0x0, 0x0, 0x6f,
    0xff, 0xfe, 0x85, 0x57, 0xdf, 0xff, 0xf9, 0x0,
    0x1, 0xff, 0xff, 0xa0, 0x0, 0x0, 0x7, 0xff,
    0xff, 0x40, 0x8, 0xff, 0xfc, 0x0, 0x0, 0x0,
    0x0, 0x8f, 0xff, 0xb0, 0xd, 0xff, 0xf4, 0x0,
    0x0, 0x0, 0x0, 0xf, 0xff, 0xf1, 0xf, 0xff,
    0xf0, 0x0, 0x0, 0x0, 0x0, 0xb, 0xff, 0xf3,
    0xf, 0xff, 0xe0, 0x0, 0x0, 0x0, 0x0, 0xa,
    0xff, 0xf4, 0xf, 0xff, 0xf0, 0x0, 0x0, 0x0,
    0x0, 0xb, 0xff, 0xf3, 0xd, 0xff, 0xf3, 0x0,
    0x0, 0x0, 0x0, 0xf, 0xff, 0xf1, 0x8, 0xff,
    0xfb, 0x0, 0x0, 0x0, 0x0, 0x8f, 0xff, 0xb0,
    0x1, 0xff, 0xff, 0xa0, 0x0, 0x0, 0x6, 0xff,
    0xff, 0x40, 0x0, 0x6f, 0xff, 0xfe, 0x85, 0x57,
    0xcf, 0xff, 0xfa, 0x0, 0x0, 0x8, 0xff, 0xff,
    0xff, 0xff, 0xff, 0xff, 0xb0, 0x0, 0x0, 0x0,
    0x5e, 0xff, 0xff, 0xff, 0xff, 0xf7, 0x0, 0x0,
    0x0, 0x0, 0x0, 0x5a, 0xdf, 0xfe, 0xb7, 0x10,
    0x0, 0x0,

    /* U+0050 "P" */
    0xf, 0xff, 0xff, 0xff, 0xfe, 0xc7, 0x10, 0x0,
    0xf, 0xff, 0xff, 0xff, 0xff, 0xff, 0xf6, 0x0,
    0xf, 0xff, 0xff, 0xff, 0xff, 0xff, 0xff, 0x50,
    0xf, 0xff, 0xf2, 0x22, 0x35, 0xcf, 0xff, 0xe0,
    0xf, 0xff, 0xe0, 0x0, 0x0, 0xd, 0xff, 0xf5,
    0xf, 0xff, 0xe0, 0x0, 0x0, 0x7, 0xff, 0xf7,
    0xf, 0xff, 0xe0, 0x0, 0x0, 0x7, 0xff, 0xf8,
    0xf, 0xff, 0xe0, 0x0, 0x0, 0xc, 0xff, 0xf6,
    0xf, 0xff, 0xe0, 0x0, 0x3, 0xaf, 0xff, 0xf1,
    0xf, 0xff, 0xff, 0xff, 0xff, 0xff, 0xff, 0x70,
    0xf, 0xff, 0xff, 0xff, 0xff, 0xff, 0xf8, 0x0,
    0xf, 0xff, 0xff, 0xff, 0xff, 0xe9, 0x30, 0x0,
    0xf, 0xff, 0xf2, 0x22, 0x10, 0x0, 0x0, 0x0,
    0xf, 0xff, 0xe0, 0x0, 0x0, 0x0, 0x0, 0x0,
    0xf, 0xff, 0xe0, 0x0, 0x0, 0x0, 0x0, 0x0,
    0xf, 0xff, 0xe0, 0x0, 0x0, 0x0, 0x0, 0x0,
    0xf, 0xff, 0xe0, 0x0, 0x0, 0x0, 0x0, 0x0,

    /* U+0051 "Q" */
    0x0, 0x0, 0x0, 0x5a, 0xdf, 0xfe, 0xb6, 0x10,
    0x0, 0x0, 0x0, 0x0, 0x4, 0xdf, 0xff, 0xff,
    0xff, 0xff, 0x70, 0x0, 0x0, 0x0, 0x7, 0xff,
    0xff, 0xff, 0xff, 0xff, 0xff, 0xb0, 0x0, 0x0,
    0x6, 0xff, 0xff, 0xe8, 0x55, 0x7d, 0xff, 0xff,
    0xa0, 0x0, 0x1, 0xff, 0xff, 0xa0, 0x0, 0x0,
    0x7, 0xff, 0xff, 0x40, 0x0, 0x8f, 0xff, 0xc0,
    0x0, 0x0, 0x0, 0x8, 0xff, 0xfb, 0x0, 0xd,
    0xff, 0xf4, 0x0, 0x0, 0x0, 0x0, 0xf, 0xff,
    0xf1, 0x0, 0xff, 0xff, 0x0, 0x0, 0x0, 0x0,
    0x0, 0xbf, 0xff, 0x30, 0xf, 0xff, 0xe0, 0x0,
    0x0, 0x0, 0x0, 0xa, 0xff, 0xf4, 0x0, 0xff,
    0xff, 0x0, 0x0, 0x0, 0x0, 0x0, 0xbf, 0xff,
    0x30, 0xd, 0xff, 0xf3, 0x0, 0x0, 0x0, 0x0,
    0xf, 0xff, 0xf1, 0x0, 0x8f, 0xff, 0xb0, 0x0,
    0x0, 0x0, 0x8, 0xff, 0xfb, 0x0, 0x1, 0xff,
    0xff, 0xa0, 0x0, 0x0, 0x6, 0xff, 0xff, 0x40,
    0x0, 0x6, 0xff, 0xff, 0xe8, 0x55, 0x7c, 0xff,
    0xff, 0xa0, 0x0, 0x0, 0x8, 0xff, 0xff, 0xff,
    0xff, 0xff, 0xff, 0xb0, 0x0, 0x0, 0x0, 0x5,
    0xef, 0xff, 0xff, 0xff, 0xff, 0x70, 0x0, 0x0,
    0x0, 0x0, 0x0, 0x5a, 0xff, 0xff, 0xfa, 0x10,
    0x0, 0x30, 0x0, 0x0, 0x0, 0x0, 0x0, 0xbf,
    0xff, 0xe5, 0x2, 0xaf, 0x30, 0x0, 0x0, 0x0,
    0x0, 0x0, 0xbf, 0xff, 0xff, 0xff, 0xfd, 0x0,
    0x0, 0x0, 0x0, 0x0, 0x0, 0x8f, 0xff, 0xff,
    0xff, 0x70, 0x0, 0x0, 0x0, 0x0, 0x0, 0x0,
    0x28, 0xbd, 0xc9, 0x20, 0x0,

    /* U+0052 "R" */
    0xf, 0xff, 0xff, 0xff, 0xfe, 0xc7, 0x10, 0x0,
    0xf, 0xff, 0xff, 0xff, 0xff, 0xff, 0xf6, 0x0,
    0xf, 0xff, 0xff, 0xff, 0xff, 0xff, 0xff, 0x60,
    0xf, 0xff, 0xf2, 0x22, 0x35, 0xcf, 0xff, 0xe0,
    0xf, 0xff, 0xe0, 0x0, 0x0, 0xd, 0xff, 0xf5,
    0xf, 0xff, 0xe0, 0x0, 0x0, 0x7, 0xff, 0xf7,
    0xf, 0xff, 0xe0, 0x0, 0x0, 0x7, 0xff, 0xf8,
    0xf, 0xff, 0xe0, 0x0, 0x0, 0xc, 0xff, 0xf5,
    0xf, 0xff, 0xe0, 0x0, 0x3, 0xaf, 0xff, 0xf1,
    0xf, 0xff, 0xff, 0xff, 0xff, 0xff, 0xff, 0x70,
    0xf, 0xff, 0xff, 0xff, 0xff, 0xff, 0xf8, 0x0,
    0xf, 0xff, 0xff, 0xff, 0xff, 0xff, 0x50, 0x0,
    0xf, 0xff, 0xf1, 0x11, 0x6f, 0xff, 0xd0, 0x0,
    0xf, 0xff, 0xe0, 0x0, 0xa, 0xff, 0xf8, 0x0,
    0xf, 0xff, 0xe0, 0x0, 0x1, 0xef, 0xff, 0x30,
    0xf, 0xff, 0xe0, 0x0, 0x0, 0x5f, 0xff, 0xd0,
    0xf, 0xff, 0xe0, 0x0, 0x0, 0xa, 0xff, 0xf8,

    /* U+0053 "S" */
    0x0, 0x0, 0x6b, 0xdf, 0xfe, 0xc8, 0x30, 0x0,
    0x3, 0xef, 0xff, 0xff, 0xff, 0xff, 0xa0, 0x2,
    0xff, 0xff, 0xff, 0xff, 0xff, 0xf8, 0x0, 0xaf,
    0xff, 0xc4, 0x22, 0x47, 0xdf, 0x10, 0xe, 0xff,
    0xf0, 0x0, 0x0, 0x0, 0x30, 0x0, 0xff, 0xff,
    0x10, 0x0, 0x0, 0x0, 0x0, 0xc, 0xff, 0xfe,
    0x73, 0x0, 0x0, 0x0, 0x0, 0x4f, 0xff, 0xff,
    0xff, 0xb7, 0x10, 0x0, 0x0, 0x4d, 0xff, 0xff,
    0xff, 0xff, 0xa1, 0x0, 0x0, 0x4, 0xae, 0xff,
    0xff, 0xff, 0xc0, 0x0, 0x0, 0x0, 0x2, 0x6b,
    0xff, 0xff, 0x60, 0x0, 0x0, 0x0, 0x0, 0x7,
    0xff, 0xf9, 0x2, 0x70, 0x0, 0x0, 0x0, 0x5f,
    0xff, 0x80, 0x9f, 0xf9, 0x52, 0x12, 0x6e, 0xff,
    0xf4, 0x1f, 0xff, 0xff, 0xff, 0xff, 0xff, 0xfc,
    0x0, 0x9f, 0xff, 0xff, 0xff, 0xff, 0xfb, 0x0,
    0x0, 0x16, 0xad, 0xef, 0xed, 0x94, 0x0, 0x0,

    /* U+0054 "T" */
    0xef, 0xff, 0xff, 0xff, 0xff, 0xff, 0xff, 0xbe,
    0xff, 0xff, 0xff, 0xff, 0xff, 0xff, 0xfb, 0xef,
    0xff, 0xff, 0xff, 0xff, 0xff, 0xff, 0xb2, 0x22,
    0x22, 0x9f, 0xff, 0x72, 0x22, 0x21, 0x0, 0x0,
    0x8, 0xff, 0xf5, 0x0, 0x0, 0x0, 0x0, 0x0,
    0x8f, 0xff, 0x50, 0x0, 0x0, 0x0, 0x0, 0x8,
    0xff, 0xf5, 0x0, 0x0, 0x0, 0x0, 0x0, 0x8f,
    0xff, 0x50, 0x0, 0x0, 0x0, 0x0, 0x8, 0xff,
    0xf5, 0x0, 0x0, 0x0, 0x0, 0x0, 0x8f, 0xff,
    0x50, 0x0, 0x0, 0x0, 0x0, 0x8, 0xff, 0xf5,
    0x0, 0x0, 0x0, 0x0, 0x0, 0x8f, 0xff, 0x50,
    0x0, 0x0, 0x0, 0x0, 0x8, 0xff, 0xf5, 0x0,
    0x0, 0x0, 0x0, 0x0, 0x8f, 0xff, 0x50, 0x0,
    0x0, 0x0, 0x0, 0x8, 0xff, 0xf5, 0x0, 0x0,
    0x0, 0x0, 0x0, 0x8f, 0xff, 0x50, 0x0, 0x0,
    0x0, 0x0, 0x8, 0xff, 0xf5, 0x0, 0x0, 0x0,

    /* U+0055 "U" */
    0x2f, 0xff, 0xb0, 0x0, 0x0, 0x0, 0xcf, 0xff,
    0x12, 0xff, 0xfb, 0x0, 0x0, 0x0, 0xc, 0xff,
    0xf1, 0x2f, 0xff, 0xb0, 0x0, 0x0, 0x0, 0xcf,
    0xff, 0x12, 0xff, 0xfb, 0x0, 0x0, 0x0, 0xc,
    0xff, 0xf1, 0x2f, 0xff, 0xb0, 0x0, 0x0, 0x0,
    0xcf, 0xff, 0x12, 0xff, 0xfb, 0x0, 0x0, 0x0,
    0xc, 0xff, 0xf1, 0x2f, 0xff, 0xb0, 0x0, 0x0,
    0x0, 0xcf, 0xff, 0x12, 0xff, 0xfb, 0x0, 0x0,
    0x0, 0xc, 0xff, 0xf1, 0x2f, 0xff, 0xb0, 0x0,
    0x0, 0x0, 0xcf, 0xff, 0x12, 0xff, 0xfb, 0x0,
    0x0, 0x0, 0xc, 0xff, 0xf0, 0x1f, 0xff, 0xd0,
    0x0, 0x0, 0x0, 0xef, 0xff, 0x0, 0xef, 0xff,
    0x10, 0x0, 0x0, 0x2f, 0xff, 0xd0, 0xa, 0xff,
    0xf9, 0x0, 0x0, 0xa, 0xff, 0xf9, 0x0, 0x3f,
    0xff, 0xfc, 0x64, 0x6c, 0xff, 0xff, 0x20, 0x0,
    0x8f, 0xff, 0xff, 0xff, 0xff, 0xff, 0x70, 0x0,
    0x0, 0x8f, 0xff, 0xff, 0xff, 0xff, 0x70, 0x0,
    0x0, 0x0, 0x28, 0xce, 0xfe, 0xc8, 0x10, 0x0,
    0x0,

    /* U+0056 "V" */
    0xf, 0xff, 0xf3, 0x0, 0x0, 0x0, 0x0, 0xe,
    0xff, 0xe0, 0x9, 0xff, 0xf9, 0x0, 0x0, 0x0,
    0x0, 0x5f, 0xff, 0x70, 0x2, 0xff, 0xff, 0x10,
    0x0, 0x0, 0x0, 0xcf, 0xff, 0x10, 0x0, 0xbf,
    0xff, 0x70, 0x0, 0x0, 0x3, 0xff, 0xfa, 0x0,
    0x0, 0x4f, 0xff, 0xd0, 0x0, 0x0, 0xa, 0xff,
    0xf3, 0x0, 0x0, 0xd, 0xff, 0xf4, 0x0, 0x0,
    0x1f, 0xff, 0xc0, 0x0, 0x0, 0x7, 0xff, 0xfb,
    0x0, 0x0, 0x8f, 0xff, 0x50, 0x0, 0x0, 0x1,
    0xff, 0xff, 0x20, 0x0, 0xef, 0xfe, 0x0, 0x0,
    0x0, 0x0, 0x9f, 0xff, 0x80, 0x5, 0xff, 0xf8,
    0x0, 0x0, 0x0, 0x0, 0x2f, 0xff, 0xe0, 0xc,
    0xff, 0xf1, 0x0, 0x0, 0x0, 0x0, 0xb, 0xff,
    0xf6, 0x3f, 0xff, 0xa0, 0x0, 0x0, 0x0, 0x0,
    0x5, 0xff, 0xfd, 0xaf, 0xff, 0x30, 0x0, 0x0,
    0x0, 0x0, 0x0, 0xef, 0xff, 0xff, 0xfc, 0x0,
    0x0, 0x0, 0x0, 0x0, 0x0, 0x7f, 0xff, 0xff,
    0xf5, 0x0, 0x0, 0x0, 0x0, 0x0, 0x0, 0x1f,
    0xff, 0xff, 0xe0, 0x0, 0x0, 0x0, 0x0, 0x0,
    0x0, 0x9, 0xff, 0xff, 0x80, 0x0, 0x0, 0x0,
    0x0, 0x0, 0x0, 0x2, 0xff, 0xff, 0x10, 0x0,
    0x0, 0x0,

    /* U+0057 "W" */
    0x4f, 0xff, 0xb0, 0x0, 0x0, 0x0, 0xdf, 0xff,
    0x10, 0x0, 0x0, 0x8, 0xff, 0xf3, 0xf, 0xff,
    0xf0, 0x0, 0x0, 0x2, 0xff, 0xff, 0x60, 0x0,
    0x0, 0xd, 0xff, 0xe0, 0xa, 0xff, 0xf5, 0x0,
    0x0, 0x8, 0xff, 0xff, 0xb0, 0x0, 0x0, 0x2f,
    0xff, 0x90, 0x5, 0xff, 0xfa, 0x0, 0x0, 0xd,
    0xff, 0xff, 0xf0, 0x0, 0x0, 0x7f, 0xff, 0x40,
    0x0, 0xff, 0xff, 0x0, 0x0, 0x2f, 0xff, 0xff,
    0xf5, 0x0, 0x0, 0xcf, 0xfe, 0x0, 0x0, 0xbf,
    0xff, 0x40, 0x0, 0x8f, 0xff, 0xff, 0xfa, 0x0,
    0x2, 0xff, 0xf9, 0x0, 0x0, 0x5f, 0xff, 0x90,
    0x0, 0xdf, 0xfb, 0xbf, 0xff, 0x0, 0x7, 0xff,
    0xf4, 0x0, 0x0, 0x1f, 0xff, 0xe0, 0x2, 0xff,
    0xf6, 0x6f, 0xff, 0x40, 0xc, 0xff, 0xf0, 0x0,
    0x0, 0xb, 0xff, 0xf4, 0x8, 0xff, 0xf1, 0x1f,
    0xff, 0x90, 0x1f, 0xff, 0xa0, 0x0, 0x0, 0x6,
    0xff, 0xf9, 0xd, 0xff, 0xb0, 0xb, 0xff, 0xe0,
    0x6f, 0xff, 0x50, 0x0, 0x0, 0x1, 0xff, 0xfe,
    0x2f, 0xff, 0x60, 0x6, 0xff, 0xf4, 0xbf, 0xff,
    0x0, 0x0, 0x0, 0x0, 0xcf, 0xff, 0xbf, 0xff,
    0x10, 0x1, 0xff, 0xfa, 0xff, 0xfa, 0x0, 0x0,
    0x0, 0x0, 0x6f, 0xff, 0xff, 0xfb, 0x0, 0x0,
    0xcf, 0xff, 0xff, 0xf5, 0x0, 0x0, 0x0, 0x0,
    0x1f, 0xff, 0xff, 0xf6, 0x0, 0x0, 0x6f, 0xff,
    0xff, 0xf0, 0x0, 0x0, 0x0, 0x0, 0xc, 0xff,
    0xff, 0xf1, 0x0, 0x0, 0x1f, 0xff, 0xff, 0xb0,
    0x0, 0x0, 0x0, 0x0, 0x7, 0xff, 0xff, 0xb0,
    0x0, 0x0, 0xc, 0xff, 0xff, 0x50, 0x0, 0x0,
    0x0, 0x0, 0x2, 0xff, 0xff, 0x50, 0x0, 0x0,
    0x7, 0xff, 0xff, 0x10, 0x0, 0x0,

    /* U+0058 "X" */
    0x4f, 0xff, 0xf2, 0x0, 0x0, 0x0, 0xdf, 0xff,
    0x40, 0x8, 0xff, 0xfd, 0x0, 0x0, 0x9, 0xff,
    0xf9, 0x0, 0x0, 0xdf, 0xff, 0x80, 0x0, 0x4f,
    0xff, 0xd0, 0x0, 0x0, 0x2f, 0xff, 0xf3, 0x1,
    0xef, 0xff, 0x30, 0x0, 0x0, 0x7, 0xff, 0xfe,
    0xa, 0xff, 0xf7, 0x0, 0x0, 0x0, 0x0, 0xbf,
    0xff, 0xff, 0xff, 0xb0, 0x0, 0x0, 0x0, 0x0,
    0x1e, 0xff, 0xff, 0xfe, 0x10, 0x0, 0x0, 0x0,
    0x0, 0x5, 0xff, 0xff, 0xf4, 0x0, 0x0, 0x0,
    0x0, 0x0, 0x0, 0xff, 0xff, 0xf1, 0x0, 0x0,
    0x0, 0x0, 0x0, 0x8, 0xff, 0xff, 0xfb, 0x0,
    0x0, 0x0, 0x0, 0x0, 0x4f, 0xff, 0xff, 0xff,
    0x60, 0x0, 0x0, 0x0, 0x1, 0xef, 0xff, 0x7f,
    0xff, 0xf2, 0x0, 0x0, 0x0, 0xb, 0xff, 0xf9,
    0x8, 0xff, 0xfd, 0x0, 0x0, 0x0, 0x6f, 0xff,
    0xd0, 0x0, 0xcf, 0xff, 0x90, 0x0, 0x2, 0xff,
    0xff, 0x30, 0x0, 0x2f, 0xff, 0xf4, 0x0, 0xd,
    0xff, 0xf8, 0x0, 0x0, 0x7, 0xff, 0xfe, 0x10,
    0x9f, 0xff, 0xd0, 0x0, 0x0, 0x0, 0xcf, 0xff,
    0xb0,

    /* U+0059 "Y" */
    0x1f, 0xff, 0xf2, 0x0, 0x0, 0x0, 0x8, 0xff,
    0xf4, 0x7, 0xff, 0xfa, 0x0, 0x0, 0x0, 0x2f,
    0xff, 0xa0, 0x0, 0xdf, 0xff, 0x40, 0x0, 0x0,
    0xbf, 0xff, 0x20, 0x0, 0x4f, 0xff, 0xd0, 0x0,
    0x5, 0xff, 0xf7, 0x0, 0x0, 0xa, 0xff, 0xf7,
    0x0, 0xe, 0xff, 0xd0, 0x0, 0x0, 0x1, 0xff,
    0xff, 0x10, 0x8f, 0xff, 0x40, 0x0, 0x0, 0x0,
    0x7f, 0xff, 0xa2, 0xff, 0xfb, 0x0, 0x0, 0x0,
    0x0, 0xd, 0xff, 0xff, 0xff, 0xf2, 0x0, 0x0,
    0x0, 0x0, 0x4, 0xff, 0xff, 0xff, 0x80, 0x0,
    0x0, 0x0, 0x0, 0x0, 0xaf, 0xff, 0xfe, 0x0,
    0x0, 0x0, 0x0, 0x0, 0x0, 0x1f, 0xff, 0xf6,
    0x0, 0x0, 0x0, 0x0, 0x0, 0x0, 0xf, 0xff,
    0xf1, 0x0, 0x0, 0x0, 0x0, 0x0, 0x0, 0xd,
    0xff, 0xf1, 0x0, 0x0, 0x0, 0x0, 0x0, 0x0,
    0xd, 0xff, 0xf1, 0x0, 0x0, 0x0, 0x0, 0x0,
    0x0, 0xd, 0xff, 0xf1, 0x0, 0x0, 0x0, 0x0,
    0x0, 0x0, 0xd, 0xff, 0xf1, 0x0, 0x0, 0x0,
    0x0, 0x0, 0x0, 0xd, 0xff, 0xf1, 0x0, 0x0,
    0x0,

    /* U+005A "Z" */
    0xe, 0xff, 0xff, 0xff, 0xff, 0xff, 0xff, 0xf3,
    0xe, 0xff, 0xff, 0xff, 0xff, 0xff, 0xff, 0xf3,
    0xe, 0xff, 0xff, 0xff, 0xff, 0xff, 0xff, 0xf2,
    0x2, 0x22, 0x22, 0x22, 0x25, 0xff, 0xff, 0x60,
    0x0, 0x0, 0x0, 0x0, 0x1d, 0xff, 0xf9, 0x0,
    0x0, 0x0, 0x0, 0x0, 0xcf, 0xff, 0xc0, 0x0,
    0x0, 0x0, 0x0, 0x9, 0xff, 0xfe, 0x10, 0x0,
    0x0, 0x0, 0x0, 0x6f, 0xff, 0xf3, 0x0, 0x0,
    0x0, 0x0, 0x3, 0xff, 0xff, 0x50, 0x0, 0x0,
    0x0, 0x0, 0x1e, 0xff, 0xf8, 0x0, 0x0, 0x0,
    0x0, 0x0, 0xcf, 0xff, 0xb0, 0x0, 0x0, 0x0,
    0x0, 0xa, 0xff, 0xfd, 0x10, 0x0, 0x0, 0x0,
    0x0, 0x7f, 0xff, 0xf2, 0x0, 0x0, 0x0, 0x0,
    0x4, 0xff, 0xff, 0x72, 0x22, 0x22, 0x22, 0x21,
    0xf, 0xff, 0xff, 0xff, 0xff, 0xff, 0xff, 0xf9,
    0x1f, 0xff, 0xff, 0xff, 0xff, 0xff, 0xff, 0xf9,
    0x1f, 0xff, 0xff, 0xff, 0xff, 0xff, 0xff, 0xf9,

    /* U+005B "[" */
    0xf, 0xff, 0xff, 0xf8, 0xf, 0xff, 0xff, 0xf8,
    0xf, 0xff, 0xfe, 0xe7, 0xf, 0xff, 0xb0, 0x0,
    0xf, 0xff, 0xb0, 0x0, 0xf, 0xff, 0xb0, 0x0,
    0xf, 0xff, 0xb0, 0x0, 0xf, 0xff, 0xb0, 0x0,
    0xf, 0xff, 0xb0, 0x0, 0xf, 0xff, 0xb0, 0x0,
    0xf, 0xff, 0xb0, 0x0, 0xf, 0xff, 0xb0, 0x0,
    0xf, 0xff, 0xb0, 0x0, 0xf, 0xff, 0xb0, 0x0,
    0xf, 0xff, 0xb0, 0x0, 0xf, 0xff, 0xb0, 0x0,
    0xf, 0xff, 0xb0, 0x0, 0xf, 0xff, 0xb0, 0x0,
    0xf, 0xff, 0xb0, 0x0, 0xf, 0xff, 0xfe, 0xe7,
    0xf, 0xff, 0xff, 0xf8, 0xf, 0xff, 0xff, 0xf8,

    /* U+005C "\\" */
    0x7, 0x88, 0x30, 0x0, 0x0, 0x0, 0x0, 0xaf,
    0xfa, 0x0, 0x0, 0x0, 0x0, 0x5, 0xff, 0xf0,
    0x0, 0x0, 0x0, 0x0, 0xf, 0xff, 0x50, 0x0,
    0x0, 0x0, 0x0, 0xaf, 0xfb, 0x0, 0x0, 0x0,
    0x0, 0x4, 0xff, 0xf1, 0x0, 0x0, 0x0, 0x0,
    0xe, 0xff, 0x60, 0x0, 0x0, 0x0, 0x0, 0x9f,
    0xfc, 0x0, 0x0, 0x0, 0x0, 0x3, 0xff, 0xf1,
    0x0, 0x0, 0x0, 0x0, 0xd, 0xff, 0x70, 0x0,
    0x0, 0x0, 0x0, 0x8f, 0xfd, 0x0, 0x0, 0x0,
    0x0, 0x2, 0xff, 0xf2, 0x0, 0x0, 0x0, 0x0,
    0xc, 0xff, 0x80, 0x0, 0x0, 0x0, 0x0, 0x7f,
    0xfd, 0x0, 0x0, 0x0, 0x0, 0x1, 0xff, 0xf3,
    0x0, 0x0, 0x0, 0x0, 0xc, 0xff, 0x90, 0x0,
    0x0, 0x0, 0x0, 0x6f, 0xfe, 0x0, 0x0, 0x0,
    0x0, 0x1, 0xff, 0xf4, 0x0, 0x0, 0x0, 0x0,
    0xb, 0xff, 0xa0, 0x0, 0x0, 0x0, 0x0, 0x5f,
    0xff, 0x0, 0x0, 0x0, 0x0, 0x0, 0xff, 0xf5,
    0x0, 0x0, 0x0, 0x0, 0xa, 0xff, 0xb0, 0x0,
    0x0, 0x0, 0x0, 0x4f, 0xff, 0x10,

    /* U+005D "]" */
    0xaf, 0xff, 0xff, 0xda, 0xff, 0xff, 0xfd, 0x9e,
    0xef, 0xff, 0xd0, 0x0, 0xef, 0xfd, 0x0, 0xe,
    0xff, 0xd0, 0x0, 0xef, 0xfd, 0x0, 0xe, 0xff,
    0xd0, 0x0, 0xef, 0xfd, 0x0, 0xe, 0xff, 0xd0,
    0x0, 0xef, 0xfd, 0x0, 0xe, 0xff, 0xd0, 0x0,
    0xef, 0xfd, 0x0, 0xe, 0xff, 0xd0, 0x0, 0xef,
    0xfd, 0x0, 0xe, 0xff, 0xd0, 0x0, 0xef, 0xfd,
    0x0, 0xe, 0xff, 0xd0, 0x0, 0xef, 0xfd, 0x0,
    0xe, 0xff, 0xd9, 0xee, 0xff, 0xfd, 0xaf, 0xff,
    0xff, 0xda, 0xff, 0xff, 0xfd,

    /* U+005E "^" */
    0x0, 0x0, 0x8f, 0xfe, 0x0, 0x0, 0x0, 0x0,
    0xe, 0xff, 0xf5, 0x0, 0x0, 0x0, 0x5, 0xff,
    0xff, 0xc0, 0x0, 0x0, 0x0, 0xcf, 0xe9, 0xff,
    0x30, 0x0, 0x0, 0x3f, 0xf8, 0x2f, 0xfa, 0x0,
    0x0, 0xa, 0xff, 0x20, 0xbf, 0xf1, 0x0, 0x1,
    0xff, 0xb0, 0x4, 0xff, 0x80, 0x0, 0x8f, 0xf4,
    0x0, 0xe, 0xfe, 0x0, 0xe, 0xfd, 0x0, 0x0,
    0x7f, 0xf6, 0x6, 0xff, 0x70, 0x0, 0x1, 0xff,
    0xd0,

    /* U+005F "_" */
    0x22, 0x22, 0x22, 0x22, 0x22, 0x22, 0xff, 0xff,
    0xff, 0xff, 0xff, 0xff, 0xff, 0xff, 0xff, 0xff,
    0xff, 0xff,

    /* U+0060 "`" */
    0x48, 0x88, 0x20, 0x0, 0x9, 0xff, 0xe2, 0x0,
    0x0, 0x6f, 0xfe, 0x10, 0x0, 0x4, 0xef, 0xd1,

    /* U+0061 "a" */
    0x0, 0x17, 0xbe, 0xff, 0xda, 0x30, 0x0, 0x5,
    0xff, 0xff, 0xff, 0xff, 0xf9, 0x0, 0x2, 0xff,
    0xff, 0xff, 0xff, 0xff, 0x60, 0x0, 0xac, 0x50,
    0x1, 0x9f, 0xff, 0xd0, 0x0, 0x10, 0x0, 0x0,
    0xd, 0xff, 0xf0, 0x0, 0x0, 0x1, 0x22, 0x2c,
    0xff, 0xf2, 0x0, 0x5c, 0xff, 0xff, 0xff, 0xff,
    0xf2, 0x7, 0xff, 0xff, 0xff, 0xff, 0xff, 0xf2,
    0xf, 0xff, 0xd3, 0x0, 0x9, 0xff, 0xf2, 0x1f,
    0xff, 0x90, 0x0, 0xf, 0xff, 0xf2, 0xe, 0xff,
    0xf8, 0x56, 0xdf, 0xff, 0xf2, 0x4, 0xff, 0xff,
    0xff, 0xfd, 0xff, 0xf2, 0x0, 0x2a, 0xef, 0xec,
    0x55, 0xff, 0xf2,

    /* U+0062 "b" */
    0x3d, 0xdd, 0x60, 0x0, 0x0, 0x0, 0x0, 0x4,
    0xff, 0xf7, 0x0, 0x0, 0x0, 0x0, 0x0, 0x4f,
    0xff, 0x70, 0x0, 0x0, 0x0, 0x0, 0x4, 0xff,
    0xf7, 0x0, 0x0, 0x0, 0x0, 0x0, 0x4f, 0xff,
    0x70, 0x0, 0x0, 0x0, 0x0, 0x4, 0xff, 0xf7,
    0x3a, 0xef, 0xda, 0x30, 0x0, 0x4f, 0xff, 0xef,
    0xff, 0xff, 0xff, 0x80, 0x4, 0xff, 0xff, 0xff,
    0xff, 0xff, 0xff, 0x80, 0x4f, 0xff, 0xfd, 0x41,
    0x29, 0xff, 0xff, 0x14, 0xff, 0xff, 0x10, 0x0,
    0x9, 0xff, 0xf8, 0x4f, 0xff, 0xd0, 0x0, 0x0,
    0x2f, 0xff, 0xa4, 0xff, 0xfb, 0x0, 0x0, 0x0,
    0xff, 0xfc, 0x4f, 0xff, 0xc0, 0x0, 0x0, 0x2f,
    0xff, 0xa4, 0xff, 0xff, 0x10, 0x0, 0x9, 0xff,
    0xf7, 0x4f, 0xff, 0xfd, 0x41, 0x29, 0xff, 0xff,
    0x14, 0xff, 0xff, 0xff, 0xff, 0xff, 0xff, 0x70,
    0x4f, 0xff, 0xcf, 0xff, 0xff, 0xff, 0x80, 0x4,
    0xff, 0xf4, 0x4b, 0xef, 0xda, 0x30, 0x0,

    /* U+0063 "c" */
    0x0, 0x0, 0x49, 0xdf, 0xfd, 0x82, 0x0, 0x0,
    0x1a, 0xff, 0xff, 0xff, 0xff, 0x60, 0x0, 0xcf,
    0xff, 0xff, 0xff, 0xff, 0xf4, 0x7, 0xff, 0xfe,
    0x51, 0x17, 0xff, 0xe5, 0xe, 0xff, 0xf2, 0x0,
    0x0, 0x56, 0x0, 0x1f, 0xff, 0xb0, 0x0, 0x0,
    0x0, 0x0, 0x3f, 0xff, 0x90, 0x0, 0x0, 0x0,
    0x0, 0x1f, 0xff, 0xb0, 0x0, 0x0, 0x0, 0x0,
    0xe, 0xff, 0xf2, 0x0, 0x0, 0x56, 0x0, 0x7,
    0xff, 0xfe, 0x51, 0x17, 0xff, 0xd4, 0x0, 0xcf,
    0xff, 0xff, 0xff, 0xff, 0xf4, 0x0, 0x1a, 0xff,
    0xff, 0xff, 0xff, 0x60, 0x0, 0x0, 0x49, 0xdf,
    0xfd, 0x82, 0x0,

    /* U+0064 "d" */
    0x0, 0x0, 0x0, 0x0, 0x0, 0xb, 0xdd, 0xb0,
    0x0, 0x0, 0x0, 0x0, 0x0, 0xdf, 0xfe, 0x0,
    0x0, 0x0, 0x0, 0x0, 0xd, 0xff, 0xe0, 0x0,
    0x0, 0x0, 0x0, 0x0, 0xdf, 0xfe, 0x0, 0x0,
    0x0, 0x0, 0x0, 0xd, 0xff, 0xe0, 0x0, 0x6,
    0xce, 0xfd, 0x81, 0xdf, 0xfe, 0x0, 0x2c, 0xff,
    0xff, 0xff, 0xef, 0xff, 0xe0, 0xd, 0xff, 0xff,
    0xff, 0xff, 0xff, 0xfe, 0x8, 0xff, 0xfe, 0x51,
    0x27, 0xff, 0xff, 0xe0, 0xef, 0xff, 0x30, 0x0,
    0x6, 0xff, 0xfe, 0x1f, 0xff, 0xc0, 0x0, 0x0,
    0xf, 0xff, 0xe2, 0xff, 0xfa, 0x0, 0x0, 0x0,
    0xff, 0xfe, 0x1f, 0xff, 0xc0, 0x0, 0x0, 0xf,
    0xff, 0xe0, 0xef, 0xff, 0x30, 0x0, 0x6, 0xff,
    0xfe, 0x8, 0xff, 0xfe, 0x51, 0x17, 0xff, 0xff,
    0xe0, 0xd, 0xff, 0xff, 0xff, 0xff, 0xff, 0xfe,
    0x0, 0x2c, 0xff, 0xff, 0xff, 0xee, 0xff, 0xe0,
    0x0, 0x6, 0xce, 0xfd, 0x91, 0xbf, 0xfe,

    /* U+0065 "e" */
    0x0, 0x0, 0x4a, 0xdf, 0xec, 0x71, 0x0, 0x0,
    0x1, 0xbf, 0xff, 0xff, 0xff, 0xe4, 0x0, 0x0,
    0xcf, 0xff, 0xfd, 0xef, 0xff, 0xf3, 0x0, 0x7f,
    0xff, 0x90, 0x0, 0x4e, 0xff, 0xc0, 0xe, 0xff,
    0xc0, 0x0, 0x0, 0x5f, 0xff, 0x21, 0xff, 0xff,
    0xff, 0xff, 0xff, 0xff, 0xf4, 0x3f, 0xff, 0xff,
    0xff, 0xff, 0xff, 0xff, 0x51, 0xff, 0xfb, 0x22,
    0x22, 0x22, 0x22, 0x20, 0xe, 0xff, 0xe1, 0x0,
    0x0, 0x2, 0x0, 0x0, 0x7f, 0xff, 0xd4, 0x0,
    0x29, 0xf3, 0x0, 0x0, 0xcf, 0xff, 0xff, 0xff,
    0xff, 0xe2, 0x0, 0x1, 0xaf, 0xff, 0xff, 0xff,
    0xfb, 0x10, 0x0, 0x0, 0x39, 0xdf, 0xfe, 0xa5,
    0x0, 0x0,

    /* U+0066 "f" */
    0x0, 0x0, 0x5b, 0xde, 0xc7, 0x0, 0x0, 0x9f,
    0xff, 0xff, 0xc0, 0x0, 0x4f, 0xff, 0xff, 0xf6,
    0x0, 0xa, 0xff, 0xf5, 0x2, 0x0, 0x0, 0xcf,
    0xfe, 0x0, 0x0, 0xd, 0xff, 0xff, 0xff, 0xff,
    0x20, 0xdf, 0xff, 0xff, 0xff, 0xf2, 0xb, 0xdf,
    0xff, 0xfd, 0xdd, 0x10, 0x0, 0xdf, 0xfe, 0x0,
    0x0, 0x0, 0xd, 0xff, 0xe0, 0x0, 0x0, 0x0,
    0xdf, 0xfe, 0x0, 0x0, 0x0, 0xd, 0xff, 0xe0,
    0x0, 0x0, 0x0, 0xdf, 0xfe, 0x0, 0x0, 0x0,
    0xd, 0xff, 0xe0, 0x0, 0x0, 0x0, 0xdf, 0xfe,
    0x0, 0x0, 0x0, 0xd, 0xff, 0xe0, 0x0, 0x0,
    0x0, 0xdf, 0xfe, 0x0, 0x0, 0x0, 0xd, 0xff,
    0xe0, 0x0, 0x0,

    /* U+0067 "g" */
    0x0, 0x0, 0x6c, 0xef, 0xd8, 0x18, 0xff, 0xf0,
    0x0, 0x2d, 0xff, 0xff, 0xff, 0xea, 0xff, 0xf0,
    0x0, 0xdf, 0xff, 0xfe, 0xef, 0xff, 0xff, 0xf0,
    0x8, 0xff, 0xfd, 0x30, 0x3, 0xdf, 0xff, 0xf0,
    0xe, 0xff, 0xf1, 0x0, 0x0, 0x2f, 0xff, 0xf0,
    0x1f, 0xff, 0xa0, 0x0, 0x0, 0xf, 0xff, 0xf0,
    0x3f, 0xff, 0x90, 0x0, 0x0, 0xf, 0xff, 0xf0,
    0x1f, 0xff, 0xb0, 0x0, 0x0, 0xf, 0xff, 0xf0,
    0xe, 0xff, 0xf3, 0x0, 0x0, 0x4f, 0xff, 0xf0,
    0x8, 0xff, 0xfe, 0x61, 0x16, 0xff, 0xff, 0xf0,
    0x0, 0xdf, 0xff, 0xff, 0xff, 0xff, 0xff, 0xf0,
    0x0, 0x2c, 0xff, 0xff, 0xff, 0xee, 0xff, 0xf0,
    0x0, 0x0, 0x6c, 0xef, 0xd8, 0x1d, 0xff, 0xe0,
    0x0, 0x0, 0x0, 0x0, 0x0, 0x2f, 0xff, 0xb0,
    0x0, 0x7d, 0x73, 0x0, 0x4, 0xdf, 0xff, 0x50,
    0x1, 0xff, 0xff, 0xff, 0xff, 0xff, 0xfc, 0x0,
    0x3, 0xdf, 0xff, 0xff, 0xff, 0xff, 0xb1, 0x0,
    0x0, 0x4, 0x9c, 0xef, 0xfd, 0xa4, 0x0, 0x0,

    /* U+0068 "h" */
    0x2a, 0xaa, 0x40, 0x0, 0x0, 0x0, 0x0, 0x4f,
    0xff, 0x70, 0x0, 0x0, 0x0, 0x0, 0x4f, 0xff,
    0x70, 0x0, 0x0, 0x0, 0x0, 0x4f, 0xff, 0x70,
    0x0, 0x0, 0x0, 0x0, 0x4f, 0xff, 0x70, 0x0,
    0x0, 0x0, 0x0, 0x4f, 0xff, 0x73, 0xae, 0xfe,
    0xa3, 0x0, 0x4f, 0xff, 0xef, 0xff, 0xff, 0xff,
    0x70, 0x4f, 0xff, 0xff, 0xff, 0xff, 0xff, 0xf3,
    0x4f, 0xff, 0xfd, 0x64, 0x6e, 0xff, 0xf9, 0x4f,
    0xff, 0xe1, 0x0, 0x3, 0xff, 0xfc, 0x4f, 0xff,
    0x90, 0x0, 0x0, 0xef, 0xfe, 0x4f, 0xff, 0x70,
    0x0, 0x0, 0xdf, 0xfe, 0x4f, 0xff, 0x70, 0x0,
    0x0, 0xdf, 0xfe, 0x4f, 0xff, 0x70, 0x0, 0x0,
    0xdf, 0xfe, 0x4f, 0xff, 0x70, 0x0, 0x0, 0xdf,
    0xfe, 0x4f, 0xff, 0x70, 0x0, 0x0, 0xdf, 0xfe,
    0x4f, 0xff, 0x70, 0x0, 0x0, 0xdf, 0xfe, 0x4f,
    0xff, 0x70, 0x0, 0x0, 0xdf, 0xfe,

    /* U+0069 "i" */
    0x1b, 0xfd, 0x39, 0xff, 0xfc, 0xaf, 0xff, 0xd2,
    0xdf, 0xe4, 0x0, 0x10, 0x0, 0x0, 0x0, 0x4f,
    0xff, 0x74, 0xff, 0xf7, 0x4f, 0xff, 0x74, 0xff,
    0xf7, 0x4f, 0xff, 0x74, 0xff, 0xf7, 0x4f, 0xff,
    0x74, 0xff, 0xf7, 0x4f, 0xff, 0x74, 0xff, 0xf7,
    0x4f, 0xff, 0x74, 0xff, 0xf7, 0x4f, 0xff, 0x70,

    /* U+006A "j" */
    0x0, 0x0, 0x0, 0x10, 0x0, 0x0, 0x0, 0x1c,
    0xff, 0x60, 0x0, 0x0, 0x7f, 0xff, 0xf0, 0x0,
    0x0, 0x6f, 0xff, 0xf0, 0x0, 0x0, 0xa, 0xfd,
    0x40, 0x0, 0x0, 0x0, 0x0, 0x0, 0x0, 0x0,
    0x1f, 0xff, 0xa0, 0x0, 0x0, 0x1f, 0xff, 0xa0,
    0x0, 0x0, 0x1f, 0xff, 0xa0, 0x0, 0x0, 0x1f,
    0xff, 0xa0, 0x0, 0x0, 0x1f, 0xff, 0xa0, 0x0,
    0x0, 0x1f, 0xff, 0xa0, 0x0, 0x0, 0x1f, 0xff,
    0xa0, 0x0, 0x0, 0x1f, 0xff, 0xa0, 0x0, 0x0,
    0x1f, 0xff, 0xa0, 0x0, 0x0, 0x1f, 0xff, 0xa0,
    0x0, 0x0, 0x1f, 0xff, 0xa0, 0x0, 0x0, 0x1f,
    0xff, 0xa0, 0x0, 0x0, 0x1f, 0xff, 0xa0, 0x0,
    0x0, 0x2f, 0xff, 0x90, 0x1, 0x10, 0x9f, 0xff,
    0x70, 0x9, 0xff, 0xff, 0xff, 0x20, 0xe, 0xff,
    0xff, 0xf7, 0x0, 0x19, 0xdf, 0xfb, 0x40, 0x0,

    /* U+006B "k" */
    0x2a, 0xaa, 0x40, 0x0, 0x0, 0x0, 0x0, 0x4,
    0xff, 0xf7, 0x0, 0x0, 0x0, 0x0, 0x0, 0x4f,
    0xff, 0x70, 0x0, 0x0, 0x0, 0x0, 0x4, 0xff,
    0xf7, 0x0, 0x0, 0x0, 0x0, 0x0, 0x4f, 0xff,
    0x70, 0x0, 0x0, 0x0, 0x0, 0x4, 0xff, 0xf7,
    0x0, 0x0, 0x9f, 0xff, 0xd1, 0x4f, 0xff, 0x70,
    0x0, 0x9f, 0xff, 0xd1, 0x4, 0xff, 0xf7, 0x0,
    0xaf, 0xff, 0xd1, 0x0, 0x4f, 0xff, 0x70, 0xbf,
    0xff, 0xd1, 0x0, 0x4, 0xff, 0xf8, 0xbf, 0xff,
    0xe2, 0x0, 0x0, 0x4f, 0xff, 0xff, 0xff, 0xf4,
    0x0, 0x0, 0x4, 0xff, 0xff, 0xff, 0xff, 0xc0,
    0x0, 0x0, 0x4f, 0xff, 0xff, 0xff, 0xff, 0x90,
    0x0, 0x4, 0xff, 0xff, 0xa4, 0xff, 0xff, 0x60,
    0x0, 0x4f, 0xff, 0xf0, 0x7, 0xff, 0xff, 0x30,
    0x4, 0xff, 0xf7, 0x0, 0xa, 0xff, 0xfd, 0x10,
    0x4f, 0xff, 0x70, 0x0, 0xc, 0xff, 0xfb, 0x4,
    0xff, 0xf7, 0x0, 0x0, 0x1e, 0xff, 0xf8,

    /* U+006C "l" */
    0x2a, 0xaa, 0x44, 0xff, 0xf7, 0x4f, 0xff, 0x74,
    0xff, 0xf7, 0x4f, 0xff, 0x74, 0xff, 0xf7, 0x4f,
    0xff, 0x74, 0xff, 0xf7, 0x4f, 0xff, 0x74, 0xff,
    0xf7, 0x4f, 0xff, 0x74, 0xff, 0xf7, 0x4f, 0xff,
    0x74, 0xff, 0xf7, 0x4f, 0xff, 0x74, 0xff, 0xf7,
    0x4f, 0xff, 0x74, 0xff, 0xf7,

    /* U+006D "m" */
    0x4f, 0xff, 0x44, 0xae, 0xfd, 0x81, 0x0, 0x5b,
    0xef, 0xd9, 0x10, 0x4, 0xff, 0xfc, 0xff, 0xff,
    0xff, 0xe3, 0xbf, 0xff, 0xff, 0xfe, 0x20, 0x4f,
    0xff, 0xff, 0xff, 0xff, 0xff, 0xff, 0xff, 0xff,
    0xff, 0xfd, 0x4, 0xff, 0xff, 0xd5, 0x48, 0xff,
    0xff, 0xfd, 0x54, 0x8f, 0xff, 0xf3, 0x4f, 0xff,
    0xe1, 0x0, 0x9, 0xff, 0xfe, 0x10, 0x0, 0x9f,
    0xff, 0x64, 0xff, 0xf9, 0x0, 0x0, 0x5f, 0xff,
    0xa0, 0x0, 0x4, 0xff, 0xf8, 0x4f, 0xff, 0x70,
    0x0, 0x4, 0xff, 0xf8, 0x0, 0x0, 0x3f, 0xff,
    0x84, 0xff, 0xf7, 0x0, 0x0, 0x4f, 0xff, 0x80,
    0x0, 0x3, 0xff, 0xf8, 0x4f, 0xff, 0x70, 0x0,
    0x4, 0xff, 0xf8, 0x0, 0x0, 0x3f, 0xff, 0x84,
    0xff, 0xf7, 0x0, 0x0, 0x4f, 0xff, 0x80, 0x0,
    0x3, 0xff, 0xf8, 0x4f, 0xff, 0x70, 0x0, 0x4,
    0xff, 0xf8, 0x0, 0x0, 0x3f, 0xff, 0x84, 0xff,
    0xf7, 0x0, 0x0, 0x4f, 0xff, 0x80, 0x0, 0x3,
    0xff, 0xf8, 0x4f, 0xff, 0x70, 0x0, 0x4, 0xff,
    0xf8, 0x0, 0x0, 0x3f, 0xff, 0x80,

    /* U+006E "n" */
    0x4f, 0xff, 0x43, 0xae, 0xfe, 0xa3, 0x0, 0x4f,
    0xff, 0xbf, 0xff, 0xff, 0xff, 0x70, 0x4f, 0xff,
    0xff, 0xff, 0xff, 0xff, 0xf3, 0x4f, 0xff, 0xfd,
    0x64, 0x6e, 0xff, 0xf9, 0x4f, 0xff, 0xe1, 0x0,
    0x3, 0xff, 0xfc, 0x4f, 0xff, 0x90, 0x0, 0x0,
    0xef, 0xfe, 0x4f, 0xff, 0x70, 0x0, 0x0, 0xdf,
    0xfe, 0x4f, 0xff, 0x70, 0x0, 0x0, 0xdf, 0xfe,
    0x4f, 0xff, 0x70, 0x0, 0x0, 0xdf, 0xfe, 0x4f,
    0xff, 0x70, 0x0, 0x0, 0xdf, 0xfe, 0x4f, 0xff,
    0x70, 0x0, 0x0, 0xdf, 0xfe, 0x4f, 0xff, 0x70,
    0x0, 0x0, 0xdf, 0xfe, 0x4f, 0xff, 0x70, 0x0,
    0x0, 0xdf, 0xfe,

    /* U+006F "o" */
    0x0, 0x0, 0x4a, 0xdf, 0xed, 0x82, 0x0, 0x0,
    0x1, 0xaf, 0xff, 0xff, 0xff, 0xf7, 0x0, 0x0,
    0xcf, 0xff, 0xff, 0xff, 0xff, 0xf8, 0x0, 0x7f,
    0xff, 0xe5, 0x12, 0x7f, 0xff, 0xf3, 0xe, 0xff,
    0xf2, 0x0, 0x0, 0x6f, 0xff, 0x91, 0xff, 0xfb,
    0x0, 0x0, 0x0, 0xff, 0xfd, 0x3f, 0xff, 0x90,
    0x0, 0x0, 0xd, 0xff, 0xe1, 0xff, 0xfb, 0x0,
    0x0, 0x0, 0xff, 0xfd, 0xe, 0xff, 0xf2, 0x0,
    0x0, 0x6f, 0xff, 0x90, 0x7f, 0xff, 0xe5, 0x12,
    0x7f, 0xff, 0xf3, 0x0, 0xcf, 0xff, 0xff, 0xff,
    0xff, 0xf8, 0x0, 0x1, 0xaf, 0xff, 0xff, 0xff,
    0xf7, 0x0, 0x0, 0x0, 0x4a, 0xdf, 0xed, 0x82,
    0x0, 0x0,

    /* U+0070 "p" */
    0x4f, 0xff, 0x44, 0xbe, 0xfd, 0xa3, 0x0, 0x4,
    0xff, 0xfc, 0xff, 0xff, 0xff, 0xf8, 0x0, 0x4f,
    0xff, 0xff, 0xff, 0xff, 0xff, 0xf7, 0x4, 0xff,
    0xff, 0xd4, 0x12, 0x9f, 0xff, 0xf1, 0x4f, 0xff,
    0xf1, 0x0, 0x0, 0x9f, 0xff, 0x74, 0xff, 0xfc,
    0x0, 0x0, 0x2, 0xff, 0xfa, 0x4f, 0xff, 0xb0,
    0x0, 0x0, 0xf, 0xff, 0xc4, 0xff, 0xfd, 0x0,
    0x0, 0x2, 0xff, 0xfa, 0x4f, 0xff, 0xf1, 0x0,
    0x0, 0x9f, 0xff, 0x84, 0xff, 0xff, 0xd4, 0x12,
    0x9f, 0xff, 0xf2, 0x4f, 0xff, 0xff, 0xff, 0xff,
    0xff, 0xf8, 0x4, 0xff, 0xfe, 0xff, 0xff, 0xff,
    0xf9, 0x0, 0x4f, 0xff, 0x74, 0xbe, 0xfd, 0xa3,
    0x0, 0x4, 0xff, 0xf7, 0x0, 0x0, 0x0, 0x0,
    0x0, 0x4f, 0xff, 0x70, 0x0, 0x0, 0x0, 0x0,
    0x4, 0xff, 0xf7, 0x0, 0x0, 0x0, 0x0, 0x0,
    0x4f, 0xff, 0x70, 0x0, 0x0, 0x0, 0x0, 0x4,
    0xff, 0xf7, 0x0, 0x0, 0x0, 0x0, 0x0,

    /* U+0071 "q" */
    0x0, 0x0, 0x6c, 0xef, 0xd8, 0x1c, 0xff, 0xd0,
    0x2, 0xdf, 0xff, 0xff, 0xfe, 0xef, 0xfd, 0x1,
    0xdf, 0xff, 0xff, 0xff, 0xff, 0xff, 0xd0, 0x8f,
    0xff, 0xe5, 0x12, 0x8f, 0xff, 0xfd, 0xe, 0xff,
    0xf2, 0x0, 0x0, 0x6f, 0xff, 0xd1, 0xff, 0xfb,
    0x0, 0x0, 0x0, 0xff, 0xfd, 0x3f, 0xff, 0x90,
    0x0, 0x0, 0xf, 0xff, 0xd1, 0xff, 0xfb, 0x0,
    0x0, 0x0, 0xff, 0xfd, 0xe, 0xff, 0xf2, 0x0,
    0x0, 0x6f, 0xff, 0xd0, 0x9f, 0xff, 0xe5, 0x12,
    0x8f, 0xff, 0xfd, 0x1, 0xef, 0xff, 0xff, 0xff,
    0xff, 0xff, 0xd0, 0x2, 0xdf, 0xff, 0xff, 0xfd,
    0xff, 0xfd, 0x0, 0x0, 0x6c, 0xef, 0xd8, 0x1e,
    0xff, 0xd0, 0x0, 0x0, 0x0, 0x0, 0x0, 0xef,
    0xfd, 0x0, 0x0, 0x0, 0x0, 0x0, 0xe, 0xff,
    0xd0, 0x0, 0x0, 0x0, 0x0, 0x0, 0xef, 0xfd,
    0x0, 0x0, 0x0, 0x0, 0x0, 0xe, 0xff, 0xd0,
    0x0, 0x0, 0x0, 0x0, 0x0, 0xef, 0xfd,

    /* U+0072 "r" */
    0x4f, 0xff, 0x43, 0xae, 0xb4, 0xff, 0xfb, 0xff,
    0xfc, 0x4f, 0xff, 0xff, 0xff, 0xc4, 0xff, 0xff,
    0xf7, 0x42, 0x4f, 0xff, 0xf2, 0x0, 0x4, 0xff,
    0xfa, 0x0, 0x0, 0x4f, 0xff, 0x80, 0x0, 0x4,
    0xff, 0xf7, 0x0, 0x0, 0x4f, 0xff, 0x70, 0x0,
    0x4, 0xff, 0xf7, 0x0, 0x0, 0x4f, 0xff, 0x70,
    0x0, 0x4, 0xff, 0xf7, 0x0, 0x0, 0x4f, 0xff,
    0x70, 0x0, 0x0,

    /* U+0073 "s" */
    0x0, 0x6, 0xbe, 0xff, 0xda, 0x60, 0x0, 0x2d,
    0xff, 0xff, 0xff, 0xff, 0x80, 0xc, 0xff, 0xff,
    0xde, 0xff, 0xf1, 0x1, 0xff, 0xfa, 0x0, 0x0,
    0x46, 0x0, 0x2f, 0xff, 0xa0, 0x0, 0x0, 0x0,
    0x0, 0xef, 0xff, 0xfd, 0xa7, 0x30, 0x0, 0x3,
    0xef, 0xff, 0xff, 0xff, 0xc2, 0x0, 0x0, 0x59,
    0xcf, 0xff, 0xff, 0xc0, 0x0, 0x0, 0x0, 0x2,
    0xbf, 0xff, 0x10, 0x7a, 0x40, 0x0, 0xa, 0xff,
    0xf1, 0xe, 0xff, 0xfd, 0xdf, 0xff, 0xfc, 0x4,
    0xff, 0xff, 0xff, 0xff, 0xfd, 0x20, 0x2, 0x7b,
    0xef, 0xfe, 0xb6, 0x0, 0x0,

    /* U+0074 "t" */
    0x0, 0xdf, 0xfe, 0x0, 0x0, 0x0, 0xd, 0xff,
    0xe0, 0x0, 0x0, 0x0, 0xdf, 0xfe, 0x0, 0x0,
    0xd, 0xff, 0xff, 0xff, 0xff, 0x20, 0xdf, 0xff,
    0xff, 0xff, 0xf2, 0xb, 0xdf, 0xff, 0xfd, 0xdd,
    0x10, 0x0, 0xdf, 0xfe, 0x0, 0x0, 0x0, 0xd,
    0xff, 0xe0, 0x0, 0x0, 0x0, 0xdf, 0xfe, 0x0,
    0x0, 0x0, 0xd, 0xff, 0xe0, 0x0, 0x0, 0x0,
    0xdf, 0xfe, 0x0, 0x0, 0x0, 0xc, 0xff, 0xf0,
    0x0, 0x0, 0x0, 0xbf, 0xff, 0x50, 0x20, 0x0,
    0x6, 0xff, 0xff, 0xff, 0x60, 0x0, 0xc, 0xff,
    0xff, 0xfc, 0x0, 0x0, 0x7, 0xdf, 0xfc, 0x60,

    /* U+0075 "u" */
    0x5f, 0xff, 0x60, 0x0, 0x0, 0xff, 0xfb, 0x5f,
    0xff, 0x60, 0x0, 0x0, 0xff, 0xfb, 0x5f, 0xff,
    0x60, 0x0, 0x0, 0xff, 0xfb, 0x5f, 0xff, 0x60,
    0x0, 0x0, 0xff, 0xfb, 0x5f, 0xff, 0x60, 0x0,
    0x0, 0xff, 0xfb, 0x5f, 0xff, 0x60, 0x0, 0x0,
    0xff, 0xfb, 0x5f, 0xff, 0x60, 0x0, 0x0, 0xff,
    0xfb, 0x5f, 0xff, 0x80, 0x0, 0x2, 0xff, 0xfb,
    0x3f, 0xff, 0xc0, 0x0, 0x9, 0xff, 0xfb, 0xf,
    0xff, 0xfa, 0x44, 0x9f, 0xff, 0xfb, 0x9, 0xff,
    0xff, 0xff, 0xff, 0xff, 0xfb, 0x0, 0xcf, 0xff,
    0xff, 0xfd, 0xef, 0xfb, 0x0, 0x7, 0xce, 0xfd,
    0x70, 0xdf, 0xfb,

    /* U+0076 "v" */
    0xf, 0xff, 0xd0, 0x0, 0x0, 0x4, 0xff, 0xf5,
    0x9, 0xff, 0xf4, 0x0, 0x0, 0xb, 0xff, 0xe0,
    0x2, 0xff, 0xfa, 0x0, 0x0, 0x1f, 0xff, 0x70,
    0x0, 0xbf, 0xff, 0x10, 0x0, 0x8f, 0xff, 0x10,
    0x0, 0x5f, 0xff, 0x70, 0x0, 0xef, 0xfa, 0x0,
    0x0, 0xe, 0xff, 0xe0, 0x5, 0xff, 0xf3, 0x0,
    0x0, 0x7, 0xff, 0xf4, 0xc, 0xff, 0xd0, 0x0,
    0x0, 0x1, 0xff, 0xfb, 0x3f, 0xff, 0x60, 0x0,
    0x0, 0x0, 0xaf, 0xff, 0xbf, 0xfe, 0x0, 0x0,
    0x0, 0x0, 0x3f, 0xff, 0xff, 0xf8, 0x0, 0x0,
    0x0, 0x0, 0xc, 0xff, 0xff, 0xf2, 0x0, 0x0,
    0x0, 0x0, 0x6, 0xff, 0xff, 0xb0, 0x0, 0x0,
    0x0, 0x0, 0x0, 0xef, 0xff, 0x40, 0x0, 0x0,

    /* U+0077 "w" */
    0xcf, 0xfb, 0x0, 0x0, 0x6, 0xff, 0xf1, 0x0,
    0x0, 0xf, 0xff, 0x46, 0xff, 0xf1, 0x0, 0x0,
    0xcf, 0xff, 0x70, 0x0, 0x6, 0xff, 0xe0, 0x1f,
    0xff, 0x60, 0x0, 0x2f, 0xff, 0xfc, 0x0, 0x0,
    0xbf, 0xf9, 0x0, 0xbf, 0xfc, 0x0, 0x7, 0xff,
    0xff, 0xf2, 0x0, 0x1f, 0xff, 0x30, 0x5, 0xff,
    0xf1, 0x0, 0xdf, 0xff, 0xff, 0x80, 0x7, 0xff,
    0xd0, 0x0, 0xf, 0xff, 0x70, 0x3f, 0xff, 0x9f,
    0xfd, 0x0, 0xcf, 0xf7, 0x0, 0x0, 0xaf, 0xfc,
    0x9, 0xff, 0xa2, 0xff, 0xf3, 0x2f, 0xff, 0x20,
    0x0, 0x4, 0xff, 0xf2, 0xef, 0xf4, 0xc, 0xff,
    0x88, 0xff, 0xc0, 0x0, 0x0, 0xe, 0xff, 0xcf,
    0xfe, 0x0, 0x7f, 0xfe, 0xef, 0xf6, 0x0, 0x0,
    0x0, 0x9f, 0xff, 0xff, 0x90, 0x1, 0xff, 0xff,
    0xff, 0x10, 0x0, 0x0, 0x3, 0xff, 0xff, 0xf3,
    0x0, 0xb, 0xff, 0xff, 0xa0, 0x0, 0x0, 0x0,
    0xd, 0xff, 0xfd, 0x0, 0x0, 0x6f, 0xff, 0xf5,
    0x0, 0x0, 0x0, 0x0, 0x7f, 0xff, 0x70, 0x0,
    0x0, 0xff, 0xfe, 0x0, 0x0, 0x0,

    /* U+0078 "x" */
    0x5f, 0xff, 0xc0, 0x0, 0x5, 0xff, 0xf9, 0x0,
    0x9f, 0xff, 0x80, 0x2, 0xff, 0xfd, 0x0, 0x0,
    0xdf, 0xff, 0x40, 0xdf, 0xff, 0x20, 0x0, 0x2,
    0xff, 0xfe, 0xaf, 0xff, 0x50, 0x0, 0x0, 0x6,
    0xff, 0xff, 0xff, 0x90, 0x0, 0x0, 0x0, 0xa,
    0xff, 0xff, 0xc0, 0x0, 0x0, 0x0, 0x0, 0x2f,
    0xff, 0xf7, 0x0, 0x0, 0x0, 0x0, 0xb, 0xff,
    0xff, 0xe1, 0x0, 0x0, 0x0, 0x8, 0xff, 0xff,
    0xff, 0xc0, 0x0, 0x0, 0x4, 0xff, 0xfb, 0x8f,
    0xff, 0x80, 0x0, 0x1, 0xef, 0xfe, 0x10, 0xdf,
    0xff, 0x40, 0x0, 0xcf, 0xff, 0x40, 0x2, 0xff,
    0xfe, 0x20, 0x8f, 0xff, 0x80, 0x0, 0x6, 0xff,
    0xfc, 0x0,

    /* U+0079 "y" */
    0xe, 0xff, 0xd0, 0x0, 0x0, 0x4, 0xff, 0xf5,
    0x8, 0xff, 0xf4, 0x0, 0x0, 0xa, 0xff, 0xe0,
    0x2, 0xff, 0xfa, 0x0, 0x0, 0x1f, 0xff, 0x70,
    0x0, 0xbf, 0xff, 0x10, 0x0, 0x7f, 0xff, 0x10,
    0x0, 0x4f, 0xff, 0x70, 0x0, 0xef, 0xfa, 0x0,
    0x0, 0xd, 0xff, 0xe0, 0x4, 0xff, 0xf3, 0x0,
    0x0, 0x7, 0xff, 0xf4, 0xb, 0xff, 0xd0, 0x0,
    0x0, 0x0, 0xff, 0xfb, 0x2f, 0xff, 0x60, 0x0,
    0x0, 0x0, 0x9f, 0xff, 0xaf, 0xfe, 0x0, 0x0,
    0x0, 0x0, 0x2f, 0xff, 0xff, 0xf8, 0x0, 0x0,
    0x0, 0x0, 0xb, 0xff, 0xff, 0xf2, 0x0, 0x0,
    0x0, 0x0, 0x5, 0xff, 0xff, 0xb0, 0x0, 0x0,
    0x0, 0x0, 0x0, 0xff, 0xff, 0x40, 0x0, 0x0,
    0x0, 0x0, 0x0, 0xff, 0xfd, 0x0, 0x0, 0x0,
    0x1, 0x92, 0x7, 0xff, 0xf6, 0x0, 0x0, 0x0,
    0x8, 0xff, 0xff, 0xff, 0xd0, 0x0, 0x0, 0x0,
    0x1f, 0xff, 0xff, 0xfe, 0x20, 0x0, 0x0, 0x0,
    0x4, 0xbe, 0xfe, 0x91, 0x0, 0x0, 0x0, 0x0,

    /* U+007A "z" */
    0xf, 0xff, 0xff, 0xff, 0xff, 0xff, 0x20, 0xff,
    0xff, 0xff, 0xff, 0xff, 0xf2, 0xd, 0xdd, 0xdd,
    0xdf, 0xff, 0xfd, 0x0, 0x0, 0x0, 0x2, 0xff,
    0xfe, 0x20, 0x0, 0x0, 0x1, 0xdf, 0xff, 0x40,
    0x0, 0x0, 0x0, 0xbf, 0xff, 0x60, 0x0, 0x0,
    0x0, 0x9f, 0xff, 0x90, 0x0, 0x0, 0x0, 0x7f,
    0xff, 0xb0, 0x0, 0x0, 0x0, 0x4f, 0xff, 0xd1,
    0x0, 0x0, 0x0, 0x2f, 0xff, 0xe2, 0x0, 0x0,
    0x0, 0xd, 0xff, 0xff, 0xdd, 0xdd, 0xdd, 0x42,
    0xff, 0xff, 0xff, 0xff, 0xff, 0xf5, 0x2f, 0xff,
    0xff, 0xff, 0xff, 0xff, 0x50,

    /* U+007B "{" */
    0x0, 0x2, 0xae, 0xff, 0x0, 0x2, 0xff, 0xff,
    0xf0, 0x0, 0xaf, 0xff, 0xfe, 0x0, 0xd, 0xff,
    0xf3, 0x0, 0x0, 0xef, 0xfd, 0x0, 0x0, 0xe,
    0xff, 0xd0, 0x0, 0x0, 0xef, 0xfd, 0x0, 0x0,
    0xe, 0xff, 0xd0, 0x0, 0x1, 0xff, 0xfc, 0x0,
    0xa, 0xff, 0xff, 0x80, 0x0, 0xcf, 0xff, 0xc0,
    0x0, 0xc, 0xff, 0xff, 0x60, 0x0, 0x2, 0xff,
    0xfc, 0x0, 0x0, 0xe, 0xff, 0xd0, 0x0, 0x0,
    0xef, 0xfd, 0x0, 0x0, 0xe, 0xff, 0xd0, 0x0,
    0x0, 0xef, 0xfd, 0x0, 0x0, 0xe, 0xff, 0xe0,
    0x0, 0x0, 0xdf, 0xff, 0x40, 0x0, 0x9, 0xff,
    0xff, 0xe0, 0x0, 0x1e, 0xff, 0xff, 0x0, 0x0,
    0x1a, 0xef, 0xf0,

    /* U+007C "|" */
    0x4, 0x44, 0x10, 0xff, 0xf6, 0xf, 0xff, 0x60,
    0xff, 0xf6, 0xf, 0xff, 0x60, 0xff, 0xf6, 0xf,
    0xff, 0x60, 0xff, 0xf6, 0xf, 0xff, 0x60, 0xff,
    0xf6, 0xf, 0xff, 0x60, 0xff, 0xf6, 0xf, 0xff,
    0x60, 0xff, 0xf6, 0xf, 0xff, 0x60, 0xff, 0xf6,
    0xf, 0xff, 0x60, 0xff, 0xf6, 0xf, 0xff, 0x60,
    0xff, 0xf6, 0xf, 0xff, 0x60, 0xff, 0xf6, 0xf,
    0xff, 0x60,

    /* U+007D "}" */
    0xaf, 0xfc, 0x60, 0x0, 0xa, 0xff, 0xff, 0x80,
    0x0, 0x9f, 0xff, 0xff, 0x10, 0x0, 0x1c, 0xff,
    0xf3, 0x0, 0x0, 0x7f, 0xff, 0x40, 0x0, 0x7,
    0xff, 0xf4, 0x0, 0x0, 0x7f, 0xff, 0x40, 0x0,
    0x7, 0xff, 0xf4, 0x0, 0x0, 0x6f, 0xff, 0x60,
    0x0, 0x2, 0xff, 0xff, 0xe2, 0x0, 0x6, 0xff,
    0xff, 0x20, 0x1, 0xff, 0xff, 0xf2, 0x0, 0x6f,
    0xff, 0x80, 0x0, 0x7, 0xff, 0xf4, 0x0, 0x0,
    0x7f, 0xff, 0x40, 0x0, 0x7, 0xff, 0xf4, 0x0,
    0x0, 0x7f, 0xff, 0x40, 0x0, 0x7, 0xff, 0xf4,
    0x0, 0x1, 0xdf, 0xff, 0x30, 0x9, 0xff, 0xff,
    0xe0, 0x0, 0xaf, 0xff, 0xf6, 0x0, 0xa, 0xff,
    0xc5, 0x0, 0x0,

    /* U+007E "~" */
    0x0, 0x6a, 0x93, 0x0, 0x2, 0xbb, 0x10, 0xbf,
    0xff, 0xfa, 0x10, 0x7f, 0xf1, 0x5f, 0xff, 0xff,
    0xfe, 0xbf, 0xfd, 0xa, 0xfe, 0x21, 0xbf, 0xff,
    0xff, 0x50, 0xcf, 0x90, 0x0, 0x5d, 0xfd, 0x60,
    0x0,

    /* U+00A0 " " */

    /* U+00A1 "¡" */
    0x1b, 0xfb, 0x1a, 0xff, 0xf9, 0xcf, 0xff, 0xb5,
    0xff, 0xf4, 0x1, 0x41, 0x0, 0x0, 0x0, 0xf,
    0xff, 0x1, 0xff, 0xf1, 0x3f, 0xff, 0x24, 0xff,
    0xf3, 0x5f, 0xff, 0x46, 0xff, 0xf5, 0x7f, 0xff,
    0x68, 0xff, 0xf7, 0x9f, 0xff, 0x9a, 0xff, 0xfa,
    0x7b, 0xbb, 0x70,

    /* U+00A2 "¢" */
    0x0, 0x0, 0x0, 0x7f, 0xf0, 0x0, 0x0, 0x0,
    0x0, 0x0, 0x7f, 0xf0, 0x0, 0x0, 0x0, 0x0,
    0x0, 0x7f, 0xf0, 0x0, 0x0, 0x0, 0x0, 0x49,
    0xff, 0xfd, 0x82, 0x0, 0x0, 0x1a, 0xff, 0xff,
    0xff, 0xff, 0x60, 0x0, 0xcf, 0xff, 0xff, 0xff,
    0xff, 0xf4, 0x7, 0xff, 0xfe, 0xdf, 0xf7, 0xff,
    0xe5, 0xe, 0xff, 0xf2, 0x7f, 0xf0, 0x56, 0x0,
    0x1f, 0xff, 0xb0, 0x7f, 0xf0, 0x0, 0x0, 0x3f,
    0xff, 0x90, 0x7f, 0xf0, 0x0, 0x0, 0x1f, 0xff,
    0xb0, 0x7f, 0xf0, 0x0, 0x0, 0xe, 0xff, 0xf2,
    0x7f, 0xf0, 0x56, 0x0, 0x7, 0xff, 0xfe, 0xdf,
    0xf7, 0xff, 0xd4, 0x0, 0xcf, 0xff, 0xff, 0xff,
    0xff, 0xf4, 0x0, 0x1a, 0xff, 0xff, 0xff, 0xff,
    0x60, 0x0, 0x0, 0x49, 0xff, 0xfd, 0x82, 0x0,
    0x0, 0x0, 0x0, 0x7f, 0xf0, 0x0, 0x0, 0x0,
    0x0, 0x0, 0x7f, 0xf0, 0x0, 0x0, 0x0, 0x0,
    0x0, 0x38, 0x70, 0x0, 0x0,

    /* U+00A3 "£" */
    0x0, 0x0, 0x0, 0x16, 0xbd, 0xff, 0xeb, 0x71,
    0x0, 0x0, 0x5, 0xef, 0xff, 0xff, 0xff, 0xf9,
    0x0, 0x0, 0x5f, 0xff, 0xff, 0xff, 0xff, 0xf3,
    0x0, 0x1, 0xff, 0xff, 0xe8, 0x55, 0x7b, 0xd0,
    0x0, 0x7, 0xff, 0xfc, 0x0, 0x0, 0x0, 0x0,
    0x0, 0xb, 0xff, 0xf4, 0x0, 0x0, 0x0, 0x0,
    0x0, 0xd, 0xff, 0xf1, 0x0, 0x0, 0x0, 0x0,
    0x15, 0x5f, 0xff, 0xf6, 0x55, 0x55, 0x40, 0x0,
    0x4f, 0xff, 0xff, 0xff, 0xff, 0xff, 0xc0, 0x0,
    0x4f, 0xff, 0xff, 0xff, 0xff, 0xff, 0xc0, 0x0,
    0x0, 0xe, 0xff, 0xf0, 0x0, 0x0, 0x0, 0x0,
    0x0, 0xe, 0xff, 0xf0, 0x0, 0x0, 0x0, 0x0,
    0x0, 0xe, 0xff, 0xf0, 0x0, 0x0, 0x0, 0x0,
    0x1, 0x1f, 0xff, 0xf2, 0x11, 0x11, 0x11, 0x10,
    0x4f, 0xff, 0xff, 0xff, 0xff, 0xff, 0xff, 0xf4,
    0x4f, 0xff, 0xff, 0xff, 0xff, 0xff, 0xff, 0xf4,
    0x4f, 0xff, 0xff, 0xff, 0xff, 0xff, 0xff, 0xf4,

    /* U+00A4 "¤" */
    0x0, 0x30, 0x0, 0x0, 0x0, 0x0, 0x1, 0x20,
    0x0, 0x4f, 0xa0, 0x0, 0x0, 0x0, 0x1, 0xde,
    0x20, 0x2f, 0xff, 0xa5, 0xbe, 0xfe, 0xa4, 0xdf,
    0xfd, 0x0, 0x9f, 0xff, 0xff, 0xff, 0xff, 0xff,
    0xff, 0x50, 0x0, 0x9f, 0xff, 0xff, 0xff, 0xff,
    0xff, 0x50, 0x0, 0x4, 0xff, 0xf8, 0x10, 0x2a,
    0xff, 0xf2, 0x0, 0x0, 0xaf, 0xf8, 0x0, 0x0,
    0xb, 0xff, 0x70, 0x0, 0xd, 0xff, 0x20, 0x0,
    0x0, 0x4f, 0xfa, 0x0, 0x0, 0xdf, 0xf1, 0x0,
    0x0, 0x4, 0xff, 0xa0, 0x0, 0xb, 0xff, 0x80,
    0x0, 0x0, 0xbf, 0xf7, 0x0, 0x0, 0x5f, 0xff,
    0x81, 0x2, 0xaf, 0xff, 0x20, 0x0, 0x6, 0xff,
    0xff, 0xff, 0xff, 0xff, 0xf3, 0x0, 0x6, 0xff,
    0xff, 0xff, 0xff, 0xff, 0xff, 0xf3, 0x2, 0xff,
    0xfc, 0x6b, 0xef, 0xea, 0x6e, 0xff, 0xe0, 0x7,
    0xfc, 0x10, 0x0, 0x0, 0x0, 0x2e, 0xf3, 0x0,
    0x5, 0x0, 0x0, 0x0, 0x0, 0x0, 0x24, 0x0,

    /* U+00A5 "¥" */
    0x1e, 0xff, 0xf2, 0x0, 0x0, 0x0, 0x0, 0x3f,
    0xff, 0xb0, 0x5, 0xff, 0xfc, 0x0, 0x0, 0x0,
    0x0, 0xcf, 0xff, 0x10, 0x0, 0xbf, 0xff, 0x60,
    0x0, 0x0, 0x7, 0xff, 0xf6, 0x0, 0x0, 0x1f,
    0xff, 0xf1, 0x0, 0x0, 0x2f, 0xff, 0xb0, 0x0,
    0x0, 0x6, 0xff, 0xfa, 0x0, 0x0, 0xcf, 0xff,
    0x20, 0x0, 0x0, 0x0, 0xbf, 0xff, 0x50, 0x6,
    0xff, 0xf6, 0x0, 0x0, 0x0, 0x0, 0x2f, 0xff,
    0xe1, 0x1f, 0xff, 0xc0, 0x0, 0x0, 0x0, 0x0,
    0x7, 0xff, 0xf9, 0xaf, 0xff, 0x20, 0x0, 0x0,
    0x0, 0x0, 0x0, 0xcf, 0xff, 0xff, 0xf7, 0x0,
    0x0, 0x0, 0x0, 0x0, 0x0, 0x2f, 0xff, 0xff,
    0xc0, 0x0, 0x0, 0x0, 0x0, 0x9, 0xff, 0xff,
    0xff, 0xff, 0xff, 0xff, 0x40, 0x0, 0x0, 0x9,
    0xff, 0xff, 0xff, 0xff, 0xff, 0xff, 0x40, 0x0,
    0x0, 0x0, 0x0, 0x1, 0xff, 0xfc, 0x0, 0x0,
    0x0, 0x0, 0x0, 0x9, 0xff, 0xff, 0xff, 0xff,
    0xff, 0xff, 0x40, 0x0, 0x0, 0x9, 0xff, 0xff,
    0xff, 0xff, 0xff, 0xff, 0x40, 0x0, 0x0, 0x0,
    0x0, 0x1, 0xff, 0xfc, 0x0, 0x0, 0x0, 0x0,
    0x0, 0x0, 0x0, 0x1, 0xff, 0xfc, 0x0, 0x0,
    0x0, 0x0,

    /* U+00A6 "¦" */
    0x5, 0x55, 0x20, 0xff, 0xf6, 0xf, 0xff, 0x60,
    0xff, 0xf6, 0xf, 0xff, 0x60, 0xff, 0xf6, 0xf,
    0xff, 0x60, 0xff, 0xf6, 0xf, 0xff, 0x60, 0x0,
    0x0, 0x0, 0x0, 0x0, 0x0, 0x0, 0x0, 0x0,
    0x0, 0x0, 0x0, 0x5, 0x55, 0x20, 0xff, 0xf6,
    0xf, 0xff, 0x60, 0xff, 0xf6, 0xf, 0xff, 0x60,
    0xff, 0xf6, 0xf, 0xff, 0x60, 0xff, 0xf6, 0xf,
    0xff, 0x60,

    /* U+00A7 "§" */
    0x0, 0x3, 0x9d, 0xff, 0xeb, 0x82, 0x0, 0x8,
    0xff, 0xff, 0xff, 0xff, 0xd0, 0x5, 0xff, 0xfe,
    0xcc, 0xef, 0xf7, 0x0, 0xbf, 0xfb, 0x0, 0x0,
    0x18, 0x10, 0xc, 0xff, 0x90, 0x0, 0x0, 0x0,
    0x0, 0xaf, 0xff, 0xb6, 0x30, 0x0, 0x0, 0x2,
    0xff, 0xff, 0xff, 0xe8, 0x10, 0x0, 0x6f, 0xff,
    0xff, 0xff, 0xfe, 0x10, 0x1f, 0xff, 0x83, 0x7c,
    0xff, 0xf9, 0x4, 0xff, 0xf0, 0x0, 0x9, 0xff,
    0xc0, 0x4f, 0xff, 0x60, 0x0, 0x8f, 0xfb, 0x0,
    0xff, 0xff, 0xea, 0xdf, 0xff, 0x60, 0x4, 0xff,
    0xff, 0xff, 0xff, 0xb0, 0x0, 0x0, 0x6b, 0xff,
    0xff, 0xfd, 0x0, 0x0, 0x0, 0x0, 0x3a, 0xff,
    0xf4, 0x0, 0x10, 0x0, 0x0, 0xf, 0xff, 0x50,
    0xb, 0xd6, 0x20, 0x17, 0xff, 0xf3, 0x2, 0xff,
    0xff, 0xff, 0xff, 0xfb, 0x0, 0x3d, 0xff, 0xff,
    0xff, 0xfb, 0x10, 0x0, 0x2, 0x79, 0xaa, 0x83,
    0x0, 0x0,

    /* U+00A8 "¨" */
    0x3, 0x10, 0x0, 0x31, 0x9, 0xff, 0x20, 0xbf,
    0xe1, 0xdf, 0xf6, 0xf, 0xff, 0x36, 0xfc, 0x10,
    0x8f, 0xb0,

    /* U+00A9 "©" */
    0x0, 0x0, 0x1, 0x7c, 0xef, 0xeb, 0x60, 0x0,
    0x0, 0x0, 0x0, 0x7f, 0xfd, 0xa9, 0xad, 0xfe,
    0x50, 0x0, 0x0, 0x9, 0xfc, 0x30, 0x0, 0x0,
    0x4d, 0xf7, 0x0, 0x0, 0x7f, 0xa0, 0x0, 0x45,
    0x51, 0x0, 0xbf, 0x50, 0x1, 0xfc, 0x0, 0x6e,
    0xff, 0xff, 0x90, 0xe, 0xe0, 0x8, 0xf3, 0x6,
    0xff, 0xff, 0xff, 0xf8, 0x6, 0xf5, 0xd, 0xe0,
    0xf, 0xff, 0x50, 0x2d, 0xa1, 0x0, 0xfa, 0xf,
    0xa0, 0x4f, 0xf9, 0x0, 0x0, 0x0, 0x0, 0xdc,
    0xf, 0x90, 0x6f, 0xf6, 0x0, 0x0, 0x0, 0x0,
    0xcd, 0xf, 0xa0, 0x4f, 0xf9, 0x0, 0x0, 0x0,
    0x0, 0xdc, 0xd, 0xe0, 0xf, 0xff, 0x50, 0x2d,
    0xa1, 0x1, 0xf9, 0x8, 0xf3, 0x6, 0xff, 0xff,
    0xff, 0xf8, 0x6, 0xf4, 0x1, 0xfc, 0x0, 0x6e,
    0xff, 0xff, 0x90, 0x1e, 0xd0, 0x0, 0x7f, 0x90,
    0x0, 0x46, 0x51, 0x1, 0xcf, 0x40, 0x0, 0x9,
    0xfb, 0x20, 0x0, 0x0, 0x5d, 0xf6, 0x0, 0x0,
    0x0, 0x7f, 0xfd, 0xa9, 0xae, 0xfe, 0x40, 0x0,
    0x0, 0x0, 0x1, 0x7c, 0xef, 0xeb, 0x60, 0x0,
    0x0,

    /* U+00AA "ª" */
    0x4, 0xae, 0xfe, 0xb3, 0x0, 0xbf, 0xfe, 0xff,
    0xf3, 0x1, 0x20, 0x14, 0xff, 0x90, 0x6e, 0xff,
    0xff, 0xfa, 0x2f, 0xf9, 0x44, 0xff, 0xa3, 0xff,
    0x72, 0x7f, 0xfa, 0xa, 0xff, 0xfe, 0xef, 0xa0,
    0x2, 0x44, 0x3, 0x53,

    /* U+00AB "«" */
    0x0, 0x0, 0x44, 0x42, 0x2, 0x44, 0x40, 0x0,
    0x5, 0xff, 0xe1, 0xd, 0xff, 0x70, 0x0, 0x1e,
    0xff, 0x50, 0xaf, 0xfc, 0x0, 0x0, 0xcf, 0xfa,
    0x5, 0xff, 0xf1, 0x0, 0x8, 0xff, 0xd0, 0x2f,
    0xff, 0x50, 0x0, 0xe, 0xff, 0x80, 0x8f, 0xfe,
    0x0, 0x0, 0x4, 0xff, 0xf2, 0xd, 0xff, 0x80,
    0x0, 0x0, 0x9f, 0xfc, 0x2, 0xff, 0xf4, 0x0,
    0x0, 0xd, 0xff, 0x80, 0x6f, 0xfe, 0x10, 0x0,
    0x2, 0xff, 0xf4, 0xb, 0xff, 0xa0,

    /* U+00AC "¬" */
    0x7e, 0xee, 0xee, 0xee, 0xee, 0xec, 0x8f, 0xff,
    0xff, 0xff, 0xff, 0xfe, 0x8f, 0xff, 0xff, 0xff,
    0xff, 0xfe, 0x0, 0x0, 0x0, 0x0, 0x3f, 0xfe,
    0x0, 0x0, 0x0, 0x0, 0x3f, 0xfe, 0x0, 0x0,
    0x0, 0x0, 0x3f, 0xfe, 0x0, 0x0, 0x0, 0x0,
    0x3f, 0xfe,

    /* U+00AD "­" */
    0xbf, 0xff, 0xff, 0xf0, 0xcf, 0xff, 0xff, 0xf0,
    0xcf, 0xff, 0xff, 0xf0,

    /* U+00AE "®" */
    0x0, 0x0, 0x1, 0x7c, 0xef, 0xeb, 0x60, 0x0,
    0x0, 0x0, 0x0, 0x7f, 0xfd, 0xa9, 0xad, 0xfe,
    0x50, 0x0, 0x0, 0x9, 0xfc, 0x30, 0x0, 0x0,
    0x4d, 0xf7, 0x0, 0x0, 0x7f, 0xa0, 0x0, 0x0,
    0x0, 0x0, 0xbf, 0x50, 0x1, 0xfc, 0x4, 0xff,
    0xff, 0xeb, 0x30, 0xe, 0xe0, 0x8, 0xf3, 0x4,
    0xff, 0xed, 0xff, 0xf3, 0x6, 0xf5, 0xd, 0xe0,
    0x4, 0xff, 0x30, 0x1d, 0xfb, 0x0, 0xfa, 0xf,
    0xa0, 0x4, 0xff, 0x30, 0xa, 0xfd, 0x0, 0xdc,
    0xf, 0x90, 0x4, 0xff, 0x30, 0x2e, 0xfb, 0x0,
    0xcd, 0xf, 0xa0, 0x4, 0xff, 0xfe, 0xff, 0xf3,
    0x0, 0xdc, 0xd, 0xe0, 0x4, 0xff, 0xff, 0xff,
    0x50, 0x1, 0xf9, 0x8, 0xf3, 0x4, 0xff, 0x30,
    0xaf, 0xc0, 0x6, 0xf4, 0x1, 0xfc, 0x4, 0xff,
    0x30, 0x1e, 0xf8, 0x1e, 0xd0, 0x0, 0x7f, 0x91,
    0x66, 0x10, 0x2, 0x66, 0xcf, 0x40, 0x0, 0x9,
    0xfb, 0x20, 0x0, 0x0, 0x5d, 0xf6, 0x0, 0x0,
    0x0, 0x7f, 0xfd, 0xa9, 0xae, 0xfe, 0x40, 0x0,
    0x0, 0x0, 0x1, 0x7c, 0xef, 0xeb, 0x60, 0x0,
    0x0,

    /* U+00AF "¯" */
    0x1, 0x11, 0x11, 0x11, 0x10, 0x3f, 0xff, 0xff,
    0xff, 0xfa, 0x3f, 0xff, 0xff, 0xff, 0xfa,

    /* U+00B0 "°" */
    0x0, 0x3b, 0xef, 0xb3, 0x0, 0x4, 0xff, 0xee,
    0xff, 0x40, 0xd, 0xf7, 0x0, 0x8f, 0xd0, 0x2f,
    0xd0, 0x0, 0xd, 0xf2, 0x2f, 0xd0, 0x0, 0xd,
    0xf2, 0xd, 0xf7, 0x0, 0x7f, 0xd0, 0x4, 0xff,
    0xee, 0xff, 0x40, 0x0, 0x3b, 0xff, 0xb3, 0x0,

    /* U+00B1 "±" */
    0x0, 0x0, 0x28, 0x85, 0x0, 0x0, 0x0, 0x0,
    0x5f, 0xfb, 0x0, 0x0, 0x0, 0x0, 0x5f, 0xfb,
    0x0, 0x0, 0x0, 0x0, 0x5f, 0xfb, 0x0, 0x0,
    0x6c, 0xcc, 0xff, 0xff, 0xcc, 0xcb, 0x8f, 0xff,
    0xff, 0xff, 0xff, 0xfe, 0x8f, 0xff, 0xff, 0xff,
    0xff, 0xfe, 0x0, 0x0, 0x5f, 0xfb, 0x0, 0x0,
    0x0, 0x0, 0x5f, 0xfb, 0x0, 0x0, 0x0, 0x0,
    0x5f, 0xfb, 0x0, 0x0, 0x0, 0x0, 0x5f, 0xfb,
    0x0, 0x0, 0x0, 0x0, 0x0, 0x0, 0x0, 0x0,
    0x0, 0x0, 0x0, 0x0, 0x0, 0x0, 0x7e, 0xee,
    0xee, 0xee, 0xee, 0xed, 0x8f, 0xff, 0xff, 0xff,
    0xff, 0xfe, 0x8f, 0xff, 0xff, 0xff, 0xff, 0xfe,

    /* U+00B2 "²" */
    0x1, 0x9d, 0xfe, 0xc5, 0x0, 0x3f, 0xff, 0xff,
    0xff, 0x70, 0x19, 0xd5, 0x24, 0xef, 0xe0, 0x0,
    0x0, 0x0, 0xcf, 0xe0, 0x0, 0x0, 0x7, 0xff,
    0x70, 0x0, 0x0, 0x9f, 0xf9, 0x0, 0x0, 0xb,
    0xff, 0x80, 0x0, 0x2, 0xdf, 0xf6, 0x0, 0x0,
    0xe, 0xff, 0xff, 0xff, 0xf5, 0xf, 0xff, 0xff,
    0xff, 0xf5,

    /* U+00B3 "³" */
    0x2f, 0xff, 0xff, 0xff, 0xf0, 0x2f, 0xff, 0xff,
    0xff, 0xe0, 0x0, 0x0, 0xb, 0xfe, 0x20, 0x0,
    0x0, 0xbf, 0xe2, 0x0, 0x0, 0x6, 0xff, 0xfa,
    0x20, 0x0, 0x6, 0xde, 0xff, 0xf2, 0x0, 0x0,
    0x0, 0x5f, 0xf7, 0xb, 0x83, 0x22, 0x9f, 0xf6,
    0x5f, 0xff, 0xff, 0xff, 0xd0, 0x6, 0xbe, 0xff,
    0xd7, 0x0,

    /* U+00B4 "´" */
    0x0, 0x7, 0x88, 0x70, 0x0, 0xaf, 0xfd, 0x20,
    0x9, 0xff, 0xb1, 0x0, 0x8f, 0xf8, 0x0, 0x0,

    /* U+00B5 "µ" */
    0x4f, 0xff, 0x70, 0x0, 0x0, 0xef, 0xfd, 0x4f,
    0xff, 0x70, 0x0, 0x0, 0xef, 0xfd, 0x4f, 0xff,
    0x70, 0x0, 0x0, 0xef, 0xfd, 0x4f, 0xff, 0x70,
    0x0, 0x0, 0xef, 0xfd, 0x4f, 0xff, 0x70, 0x0,
    0x0, 0xef, 0xfd, 0x4f, 0xff, 0x70, 0x0, 0x0,
    0xef, 0xfd, 0x4f, 0xff, 0x70, 0x0, 0x0, 0xef,
    0xfd, 0x4f, 0xff, 0x80, 0x0, 0x0, 0xff, 0xfd,
    0x4f, 0xff, 0xc0, 0x0, 0x5, 0xff, 0xfd, 0x4f,
    0xff, 0xf8, 0x11, 0x5f, 0xff, 0xfd, 0x4f, 0xff,
    0xff, 0xff, 0xff, 0xff, 0xfd, 0x4f, 0xff, 0xff,
    0xff, 0xff, 0xdf, 0xfd, 0x4f, 0xff, 0xbb, 0xff,
    0xc4, 0x8f, 0xfd, 0x4f, 0xff, 0x70, 0x0, 0x0,
    0x0, 0x0, 0x4f, 0xff, 0x70, 0x0, 0x0, 0x0,
    0x0, 0x4f, 0xff, 0x70, 0x0, 0x0, 0x0, 0x0,
    0x4f, 0xff, 0x70, 0x0, 0x0, 0x0, 0x0, 0x4f,
    0xff, 0x70, 0x0, 0x0, 0x0, 0x0,

    /* U+00B6 "¶" */
    0x0, 0x3, 0x8a, 0xab, 0xbb, 0xbb, 0xbb, 0x50,
    0x2c, 0xff, 0xff, 0xff, 0xff, 0xff, 0xf7, 0xd,
    0xff, 0xff, 0xff, 0xff, 0xff, 0xff, 0x76, 0xff,
    0xff, 0xff, 0xf8, 0x0, 0x9f, 0xf7, 0x9f, 0xff,
    0xff, 0xff, 0x80, 0x9, 0xff, 0x79, 0xff, 0xff,
    0xff, 0xf8, 0x0, 0x9f, 0xf7, 0x5f, 0xff, 0xff,
    0xff, 0x80, 0x9, 0xff, 0x70, 0xcf, 0xff, 0xff,
    0xf8, 0x0, 0x9f, 0xf7, 0x1, 0xaf, 0xff, 0xff,
    0x80, 0x9, 0xff, 0x70, 0x0, 0x25, 0xbf, 0xf8,
    0x0, 0x9f, 0xf7, 0x0, 0x0, 0x8, 0xff, 0x80,
    0x9, 0xff, 0x70, 0x0, 0x0, 0x8f, 0xf8, 0x0,
    0x9f, 0xf7, 0x0, 0x0, 0x8, 0xff, 0x80, 0x9,
    0xff, 0x70, 0x0, 0x0, 0x8f, 0xf8, 0x0, 0x9f,
    0xf7, 0x0, 0x0, 0x8, 0xff, 0x80, 0x9, 0xff,
    0x70, 0x0, 0x0, 0x8f, 0xf8, 0x0, 0x9f, 0xf7,
    0x0, 0x0, 0x8, 0xff, 0x80, 0x9, 0xff, 0x70,
    0x0, 0x0, 0x8f, 0xf8, 0x0, 0x9f, 0xf7, 0x0,
    0x0, 0x8, 0xff, 0x80, 0x9, 0xff, 0x70, 0x0,
    0x0, 0x8f, 0xf8, 0x0, 0x9f, 0xf7, 0x0, 0x0,
    0x4, 0x88, 0x40, 0x4, 0x88, 0x30,

    /* U+00B7 "·" */
    0x5, 0x97, 0x5, 0xff, 0xf9, 0xaf, 0xff, 0xe8,
    0xff, 0xfc, 0xa, 0xfc, 0x20,

    /* U+00B8 "¸" */
    0x0, 0x78, 0x0, 0x1, 0xff, 0x0, 0x5, 0xff,
    0xf5, 0x0, 0x9, 0xfd, 0x7d, 0xcf, 0xfb, 0x7e,
    0xfe, 0x91,

    /* U+00B9 "¹" */
    0xf, 0xff, 0xfe, 0x0, 0x0, 0xff, 0xff, 0xe0,
    0x0, 0x0, 0xc, 0xfe, 0x0, 0x0, 0x0, 0xcf,
    0xe0, 0x0, 0x0, 0xc, 0xfe, 0x0, 0x0, 0x0,
    0xcf, 0xe0, 0x0, 0x0, 0xc, 0xfe, 0x0, 0x0,
    0x0, 0xcf, 0xe0, 0x0, 0x4f, 0xff, 0xff, 0xff,
    0x14, 0xff, 0xff, 0xff, 0xf1,

    /* U+00BA "º" */
    0x0, 0x4b, 0xef, 0xc6, 0x0, 0x7, 0xff, 0xff,
    0xff, 0xb0, 0x1f, 0xfb, 0x10, 0x8f, 0xf5, 0x5f,
    0xf3, 0x0, 0xf, 0xf9, 0x5f, 0xf3, 0x0, 0xf,
    0xf9, 0x1f, 0xfc, 0x21, 0x9f, 0xf5, 0x7, 0xff,
    0xff, 0xff, 0xa0, 0x0, 0x4b, 0xef, 0xc6, 0x0,

    /* U+00BB "»" */
    0x14, 0x44, 0x0, 0x44, 0x42, 0x0, 0x0, 0xdf,
    0xf8, 0x6, 0xff, 0xe1, 0x0, 0x2, 0xff, 0xf4,
    0xb, 0xff, 0xb0, 0x0, 0x6, 0xff, 0xe1, 0x1e,
    0xff, 0x60, 0x0, 0xb, 0xff, 0xb0, 0x4f, 0xff,
    0x20, 0x0, 0x4f, 0xff, 0x20, 0xdf, 0xf9, 0x0,
    0xd, 0xff, 0x80, 0x7f, 0xfd, 0x0, 0xa, 0xff,
    0xc0, 0x3f, 0xff, 0x30, 0x5, 0xff, 0xe1, 0xd,
    0xff, 0x70, 0x1, 0xef, 0xf5, 0x9, 0xff, 0xb0,
    0x0,

    /* U+00BC "¼" */
    0xf, 0xff, 0xfe, 0x0, 0x0, 0x0, 0x0, 0x7,
    0xff, 0x50, 0x0, 0x0, 0xf, 0xff, 0xfe, 0x0,
    0x0, 0x0, 0x0, 0x2f, 0xfb, 0x0, 0x0, 0x0,
    0x0, 0xc, 0xfe, 0x0, 0x0, 0x0, 0x0, 0xcf,
    0xe1, 0x0, 0x0, 0x0, 0x0, 0xc, 0xfe, 0x0,
    0x0, 0x0, 0x8, 0xff, 0x50, 0x0, 0x0, 0x0,
    0x0, 0xc, 0xfe, 0x0, 0x0, 0x0, 0x3f, 0xfa,
    0x0, 0x0, 0x0, 0x0, 0x0, 0xc, 0xfe, 0x0,
    0x0, 0x0, 0xdf, 0xe1, 0x0, 0x0, 0x0, 0x0,
    0x0, 0xc, 0xfe, 0x0, 0x0, 0x8, 0xff, 0x50,
    0x0, 0x1, 0x10, 0x0, 0x0, 0xc, 0xfe, 0x0,
    0x0, 0x3f, 0xfa, 0x0, 0x0, 0xdf, 0xe1, 0x0,
    0x3f, 0xff, 0xff, 0xff, 0x10, 0xdf, 0xe1, 0x0,
    0x9, 0xff, 0x40, 0x0, 0x4f, 0xff, 0xff, 0xff,
    0x18, 0xff, 0x40, 0x0, 0x4f, 0xf9, 0x0, 0x0,
    0x0, 0x0, 0x0, 0x0, 0x3f, 0xfa, 0x0, 0x1,
    0xef, 0xd0, 0x0, 0x0, 0x0, 0x0, 0x0, 0x0,
    0xdf, 0xe0, 0x0, 0xa, 0xff, 0x34, 0xdc, 0x0,
    0x0, 0x0, 0x0, 0x9, 0xff, 0x40, 0x0, 0x6f,
    0xf7, 0x5, 0xff, 0x0, 0x0, 0x0, 0x0, 0x4f,
    0xf9, 0x0, 0x0, 0xef, 0xff, 0xff, 0xff, 0xf9,
    0x0, 0x0, 0x0, 0xef, 0xd0, 0x0, 0x0, 0xff,
    0xff, 0xff, 0xff, 0xf9, 0x0, 0x0, 0x9, 0xff,
    0x40, 0x0, 0x0, 0x0, 0x0, 0x9, 0xff, 0x0,
    0x0, 0x0, 0x4f, 0xf9, 0x0, 0x0, 0x0, 0x0,
    0x0, 0x9, 0xff, 0x0,

    /* U+00BD "½" */
    0xf, 0xff, 0xfe, 0x0, 0x0, 0x0, 0x0, 0x7,
    0xff, 0x50, 0x0, 0x0, 0xf, 0xff, 0xfe, 0x0,
    0x0, 0x0, 0x0, 0x2f, 0xfb, 0x0, 0x0, 0x0,
    0x0, 0xc, 0xfe, 0x0, 0x0, 0x0, 0x0, 0xcf,
    0xe1, 0x0, 0x0, 0x0, 0x0, 0xc, 0xfe, 0x0,
    0x0, 0x0, 0x8, 0xff, 0x50, 0x0, 0x0, 0x0,
    0x0, 0xc, 0xfe, 0x0, 0x0, 0x0, 0x3f, 0xfa,
    0x0, 0x0, 0x0, 0x0, 0x0, 0xc, 0xfe, 0x0,
    0x0, 0x0, 0xdf, 0xe1, 0x0, 0x0, 0x0, 0x0,
    0x0, 0xc, 0xfe, 0x0, 0x0, 0x8, 0xff, 0x50,
    0x0, 0x0, 0x0, 0x0, 0x0, 0xc, 0xfe, 0x0,
    0x0, 0x3f, 0xfa, 0x5, 0xbf, 0xff, 0xb4, 0x0,
    0x3f, 0xff, 0xff, 0xff, 0x10, 0xdf, 0xe1, 0x7f,
    0xff, 0xff, 0xff, 0x40, 0x4f, 0xff, 0xff, 0xff,
    0x18, 0xff, 0x40, 0x18, 0x82, 0x5, 0xff, 0xa0,
    0x0, 0x0, 0x0, 0x0, 0x3f, 0xfa, 0x0, 0x0,
    0x0, 0x1, 0xff, 0x90, 0x0, 0x0, 0x0, 0x0,
    0xdf, 0xe0, 0x0, 0x0, 0x0, 0xb, 0xff, 0x30,
    0x0, 0x0, 0x0, 0x9, 0xff, 0x40, 0x0, 0x0,
    0x1, 0xcf, 0xf5, 0x0, 0x0, 0x0, 0x0, 0x4f,
    0xf9, 0x0, 0x0, 0x0, 0x2e, 0xff, 0x40, 0x0,
    0x0, 0x0, 0x0, 0xef, 0xd0, 0x0, 0x0, 0x4,
    0xff, 0xe2, 0x0, 0x0, 0x0, 0x0, 0x9, 0xff,
    0x40, 0x0, 0x0, 0x3f, 0xff, 0xff, 0xff, 0xf1,
    0x0, 0x0, 0x4f, 0xf9, 0x0, 0x0, 0x0, 0x4f,
    0xff, 0xff, 0xff, 0xf1,

    /* U+00BE "¾" */
    0x2f, 0xff, 0xff, 0xff, 0xf0, 0x0, 0x0, 0x0,
    0x7f, 0xf5, 0x0, 0x0, 0x2, 0xff, 0xff, 0xff,
    0xfe, 0x0, 0x0, 0x0, 0x2f, 0xfb, 0x0, 0x0,
    0x0, 0x0, 0x0, 0xa, 0xff, 0x30, 0x0, 0x0,
    0xc, 0xfe, 0x10, 0x0, 0x0, 0x0, 0x0, 0x9,
    0xff, 0x30, 0x0, 0x0, 0x8, 0xff, 0x50, 0x0,
    0x0, 0x0, 0x0, 0x6, 0xff, 0xf7, 0x10, 0x0,
    0x3, 0xff, 0xa0, 0x0, 0x0, 0x0, 0x0, 0x0,
    0x7f, 0xff, 0xfe, 0x10, 0x0, 0xdf, 0xe1, 0x0,
    0x0, 0x0, 0x0, 0x0, 0x0, 0x0, 0x7f, 0xf7,
    0x0, 0x8f, 0xf5, 0x0, 0x0, 0x11, 0x0, 0x0,
    0x96, 0x20, 0x7, 0xff, 0x60, 0x3f, 0xfa, 0x0,
    0x0, 0xcf, 0xe1, 0x0, 0x5f, 0xff, 0xff, 0xff,
    0xe1, 0xd, 0xfe, 0x10, 0x0, 0x8f, 0xf4, 0x0,
    0x0, 0x7c, 0xff, 0xfe, 0x91, 0x8, 0xff, 0x40,
    0x0, 0x4f, 0xf9, 0x0, 0x0, 0x0, 0x0, 0x0,
    0x0, 0x3, 0xff, 0xa0, 0x0, 0x1e, 0xfd, 0x0,
    0x0, 0x0, 0x0, 0x0, 0x0, 0x0, 0xdf, 0xe0,
    0x0, 0xa, 0xff, 0x34, 0xee, 0x0, 0x0, 0x0,
    0x0, 0x0, 0x9f, 0xf4, 0x0, 0x5, 0xff, 0x70,
    0x5f, 0xf0, 0x0, 0x0, 0x0, 0x0, 0x4f, 0xf9,
    0x0, 0x0, 0xef, 0xff, 0xff, 0xff, 0xf9, 0x0,
    0x0, 0x0, 0xe, 0xfd, 0x0, 0x0, 0xf, 0xff,
    0xff, 0xff, 0xff, 0x90, 0x0, 0x0, 0x9, 0xff,
    0x40, 0x0, 0x0, 0x0, 0x0, 0x9, 0xff, 0x0,
    0x0, 0x0, 0x4, 0xff, 0x90, 0x0, 0x0, 0x0,
    0x0, 0x0, 0x9f, 0xf0, 0x0,

    /* U+00BF "¿" */
    0x0, 0x0, 0x5e, 0xe7, 0x0, 0x0, 0x0, 0x0,
    0x1, 0xff, 0xff, 0x30, 0x0, 0x0, 0x0, 0x2,
    0xff, 0xff, 0x50, 0x0, 0x0, 0x0, 0x0, 0xaf,
    0xfc, 0x0, 0x0, 0x0, 0x0, 0x0, 0x3, 0x30,
    0x0, 0x0, 0x0, 0x0, 0x0, 0x0, 0x0, 0x0,
    0x0, 0x0, 0x0, 0x0, 0xcf, 0xfd, 0x0, 0x0,
    0x0, 0x0, 0x5, 0xff, 0xf9, 0x0, 0x0, 0x0,
    0x0, 0x5f, 0xff, 0xe1, 0x0, 0x0, 0x0, 0x6,
    0xff, 0xfe, 0x20, 0x0, 0x0, 0x0, 0x2f, 0xff,
    0xe1, 0x0, 0x0, 0x0, 0x0, 0x9f, 0xff, 0x50,
    0x0, 0x0, 0x0, 0x0, 0xbf, 0xff, 0x40, 0x0,
    0x2, 0xa2, 0x0, 0x9f, 0xff, 0xe5, 0x23, 0x7f,
    0xff, 0x80, 0x4f, 0xff, 0xff, 0xff, 0xff, 0xff,
    0x80, 0x7, 0xff, 0xff, 0xff, 0xff, 0xf7, 0x0,
    0x0, 0x29, 0xdf, 0xfe, 0xc7, 0x20, 0x0,

    /* U+00C0 "À" */
    0x0, 0x0, 0x4, 0x88, 0x82, 0x0, 0x0, 0x0,
    0x0, 0x0, 0x0, 0x0, 0x0, 0x9f, 0xfe, 0x20,
    0x0, 0x0, 0x0, 0x0, 0x0, 0x0, 0x0, 0x6,
    0xff, 0xe1, 0x0, 0x0, 0x0, 0x0, 0x0, 0x0,
    0x0, 0x0, 0x4e, 0xfd, 0x10, 0x0, 0x0, 0x0,
    0x0, 0x0, 0x0, 0x0, 0x0, 0x0, 0x0, 0x0,
    0x0, 0x0, 0x0, 0x0, 0x0, 0x0, 0xef, 0xff,
    0x50, 0x0, 0x0, 0x0, 0x0, 0x0, 0x0, 0x6,
    0xff, 0xff, 0xc0, 0x0, 0x0, 0x0, 0x0, 0x0,
    0x0, 0xd, 0xff, 0xff, 0xf3, 0x0, 0x0, 0x0,
    0x0, 0x0, 0x0, 0x4f, 0xff, 0xff, 0xfa, 0x0,
    0x0, 0x0, 0x0, 0x0, 0x0, 0xbf, 0xfe, 0x8f,
    0xff, 0x10, 0x0, 0x0, 0x0, 0x0, 0x2, 0xff,
    0xf7, 0x2f, 0xff, 0x80, 0x0, 0x0, 0x0, 0x0,
    0x9, 0xff, 0xf1, 0xb, 0xff, 0xe0, 0x0, 0x0,
    0x0, 0x0, 0x1f, 0xff, 0xa0, 0x5, 0xff, 0xf6,
    0x0, 0x0, 0x0, 0x0, 0x7f, 0xff, 0x30, 0x0,
    0xef, 0xfd, 0x0, 0x0, 0x0, 0x0, 0xef, 0xfd,
    0x0, 0x0, 0x8f, 0xff, 0x40, 0x0, 0x0, 0x5,
    0xff, 0xff, 0xff, 0xff, 0xff, 0xff, 0xb0, 0x0,
    0x0, 0xc, 0xff, 0xff, 0xff, 0xff, 0xff, 0xff,
    0xf3, 0x0, 0x0, 0x3f, 0xff, 0xff, 0xff, 0xff,
    0xff, 0xff, 0xfa, 0x0, 0x0, 0xaf, 0xff, 0x30,
    0x0, 0x0, 0x0, 0xdf, 0xff, 0x10, 0x2, 0xff,
    0xfc, 0x0, 0x0, 0x0, 0x0, 0x7f, 0xff, 0x80,
    0x8, 0xff, 0xf6, 0x0, 0x0, 0x0, 0x0, 0x1f,
    0xff, 0xe0, 0xf, 0xff, 0xe0, 0x0, 0x0, 0x0,
    0x0, 0xa, 0xff, 0xf6,

    /* U+00C1 "Á" */
    0x0, 0x0, 0x0, 0x0, 0x0, 0x7, 0x88, 0x70,
    0x0, 0x0, 0x0, 0x0, 0x0, 0x0, 0x0, 0xaf,
    0xfd, 0x20, 0x0, 0x0, 0x0, 0x0, 0x0, 0x0,
    0x9, 0xff, 0xb1, 0x0, 0x0, 0x0, 0x0, 0x0,
    0x0, 0x0, 0x8f, 0xf8, 0x0, 0x0, 0x0, 0x0,
    0x0, 0x0, 0x0, 0x0, 0x0, 0x0, 0x0, 0x0,
    0x0, 0x0, 0x0, 0x0, 0x0, 0x0, 0xef, 0xff,
    0x50, 0x0, 0x0, 0x0, 0x0, 0x0, 0x0, 0x6,
    0xff, 0xff, 0xc0, 0x0, 0x0, 0x0, 0x0, 0x0,
    0x0, 0xd, 0xff, 0xff, 0xf3, 0x0, 0x0, 0x0,
    0x0, 0x0, 0x0, 0x4f, 0xff, 0xff, 0xfa, 0x0,
    0x0, 0x0, 0x0, 0x0, 0x0, 0xbf, 0xfe, 0x8f,
    0xff, 0x10, 0x0, 0x0, 0x0, 0x0, 0x2, 0xff,
    0xf7, 0x2f, 0xff, 0x80, 0x0, 0x0, 0x0, 0x0,
    0x9, 0xff, 0xf1, 0xb, 0xff, 0xe0, 0x0, 0x0,
    0x0, 0x0, 0x1f, 0xff, 0xa0, 0x5, 0xff, 0xf6,
    0x0, 0x0, 0x0, 0x0, 0x7f, 0xff, 0x30, 0x0,
    0xef, 0xfd, 0x0, 0x0, 0x0, 0x0, 0xef, 0xfd,
    0x0, 0x0, 0x8f, 0xff, 0x40, 0x0, 0x0, 0x5,
    0xff, 0xff, 0xff, 0xff, 0xff, 0xff, 0xb0, 0x0,
    0x0, 0xc, 0xff, 0xff, 0xff, 0xff, 0xff, 0xff,
    0xf3, 0x0, 0x0, 0x3f, 0xff, 0xff, 0xff, 0xff,
    0xff, 0xff, 0xfa, 0x0, 0x0, 0xaf, 0xff, 0x30,
    0x0, 0x0, 0x0, 0xdf, 0xff, 0x10, 0x2, 0xff,
    0xfc, 0x0, 0x0, 0x0, 0x0, 0x7f, 0xff, 0x80,
    0x8, 0xff, 0xf6, 0x0, 0x0, 0x0, 0x0, 0x1f,
    0xff, 0xe0, 0xf, 0xff, 0xe0, 0x0, 0x0, 0x0,
    0x0, 0xa, 0xff, 0xf6,

    /* U+00C2 "Â" */
    0x0, 0x0, 0x0, 0x0, 0x58, 0x87, 0x0, 0x0,
    0x0, 0x0, 0x0, 0x0, 0x0, 0x6, 0xff, 0xff,
    0xb0, 0x0, 0x0, 0x0, 0x0, 0x0, 0x0, 0x4f,
    0xfb, 0x6f, 0xfa, 0x0, 0x0, 0x0, 0x0, 0x0,
    0x3, 0xff, 0xa0, 0x4, 0xff, 0x80, 0x0, 0x0,
    0x0, 0x0, 0x0, 0x0, 0x0, 0x0, 0x0, 0x0,
    0x0, 0x0, 0x0, 0x0, 0x0, 0x0, 0xef, 0xff,
    0x50, 0x0, 0x0, 0x0, 0x0, 0x0, 0x0, 0x6,
    0xff, 0xff, 0xc0, 0x0, 0x0, 0x0, 0x0, 0x0,
    0x0, 0xd, 0xff, 0xff, 0xf3, 0x0, 0x0, 0x0,
    0x0, 0x0, 0x0, 0x4f, 0xff, 0xff, 0xfa, 0x0,
    0x0, 0x0, 0x0, 0x0, 0x0, 0xbf, 0xfe, 0x8f,
    0xff, 0x10, 0x0, 0x0, 0x0, 0x0, 0x2, 0xff,
    0xf7, 0x2f, 0xff, 0x80, 0x0, 0x0, 0x0, 0x0,
    0x9, 0xff, 0xf1, 0xb, 0xff, 0xe0, 0x0, 0x0,
    0x0, 0x0, 0x1f, 0xff, 0xa0, 0x5, 0xff, 0xf6,
    0x0, 0x0, 0x0, 0x0, 0x7f, 0xff, 0x30, 0x0,
    0xef, 0xfd, 0x0, 0x0, 0x0, 0x0, 0xef, 0xfd,
    0x0, 0x0, 0x8f, 0xff, 0x40, 0x0, 0x0, 0x5,
    0xff, 0xff, 0xff, 0xff, 0xff, 0xff, 0xb0, 0x0,
    0x0, 0xc, 0xff, 0xff, 0xff, 0xff, 0xff, 0xff,
    0xf3, 0x0, 0x0, 0x3f, 0xff, 0xff, 0xff, 0xff,
    0xff, 0xff, 0xfa, 0x0, 0x0, 0xaf, 0xff, 0x30,
    0x0, 0x0, 0x0, 0xdf, 0xff, 0x10, 0x2, 0xff,
    0xfc, 0x0, 0x0, 0x0, 0x0, 0x7f, 0xff, 0x80,
    0x8, 0xff, 0xf6, 0x0, 0x0, 0x0, 0x0, 0x1f,
    0xff, 0xe0, 0xf, 0xff, 0xe0, 0x0, 0x0, 0x0,
    0x0, 0xa, 0xff, 0xf6,

    /* U+00C3 "Ã" */
    0x0, 0x0, 0x0, 0x2c, 0xfa, 0x0, 0x2f, 0xb0,
    0x0, 0x0, 0x0, 0x0, 0x0, 0xcf, 0xff, 0xc1,
    0x8f, 0x90, 0x0, 0x0, 0x0, 0x0, 0x2, 0xfe,
    0x3a, 0xff, 0xff, 0x30, 0x0, 0x0, 0x0, 0x0,
    0x5, 0xf9, 0x0, 0x8f, 0xf8, 0x0, 0x0, 0x0,
    0x0, 0x0, 0x0, 0x20, 0x0, 0x0, 0x0, 0x0,
    0x0, 0x0, 0x0, 0x0, 0x0, 0x0, 0xef, 0xff,
    0x50, 0x0, 0x0, 0x0, 0x0, 0x0, 0x0, 0x6,
    0xff, 0xff, 0xc0, 0x0, 0x0, 0x0, 0x0, 0x0,
    0x0, 0xd, 0xff, 0xff, 0xf3, 0x0, 0x0, 0x0,
    0x0, 0x0, 0x0, 0x4f, 0xff, 0xff, 0xfa, 0x0,
    0x0, 0x0, 0x0, 0x0, 0x0, 0xbf, 0xfe, 0x8f,
    0xff, 0x10, 0x0, 0x0, 0x0, 0x0, 0x2, 0xff,
    0xf7, 0x2f, 0xff, 0x80, 0x0, 0x0, 0x0, 0x0,
    0x9, 0xff, 0xf1, 0xb, 0xff, 0xe0, 0x0, 0x0,
    0x0, 0x0, 0x1f, 0xff, 0xa0, 0x5, 0xff, 0xf6,
    0x0, 0x0, 0x0, 0x0, 0x7f, 0xff, 0x30, 0x0,
    0xef, 0xfd, 0x0, 0x0, 0x0, 0x0, 0xef, 0xfd,
    0x0, 0x0, 0x8f, 0xff, 0x40, 0x0, 0x0, 0x5,
    0xff, 0xff, 0xff, 0xff, 0xff, 0xff, 0xb0, 0x0,
    0x0, 0xc, 0xff, 0xff, 0xff, 0xff, 0xff, 0xff,
    0xf3, 0x0, 0x0, 0x3f, 0xff, 0xff, 0xff, 0xff,
    0xff, 0xff, 0xfa, 0x0, 0x0, 0xaf, 0xff, 0x30,
    0x0, 0x0, 0x0, 0xdf, 0xff, 0x10, 0x2, 0xff,
    0xfc, 0x0, 0x0, 0x0, 0x0, 0x7f, 0xff, 0x80,
    0x8, 0xff, 0xf6, 0x0, 0x0, 0x0, 0x0, 0x1f,
    0xff, 0xe0, 0xf, 0xff, 0xe0, 0x0, 0x0, 0x0,
    0x0, 0xa, 0xff, 0xf6,

    /* U+00C4 "Ä" */
    0x0, 0x0, 0x0, 0x3, 0x10, 0x0, 0x31, 0x0,
    0x0, 0x0, 0x0, 0x0, 0x0, 0x9f, 0xf2, 0xc,
    0xfe, 0x10, 0x0, 0x0, 0x0, 0x0, 0x0, 0xdf,
    0xf5, 0xf, 0xff, 0x30, 0x0, 0x0, 0x0, 0x0,
    0x0, 0x6f, 0xc1, 0x8, 0xfb, 0x0, 0x0, 0x0,
    0x0, 0x0, 0x0, 0x0, 0x0, 0x0, 0x0, 0x0,
    0x0, 0x0, 0x0, 0x0, 0x0, 0x0, 0xef, 0xff,
    0x50, 0x0, 0x0, 0x0, 0x0, 0x0, 0x0, 0x6,
    0xff, 0xff, 0xc0, 0x0, 0x0, 0x0, 0x0, 0x0,
    0x0, 0xd, 0xff, 0xff, 0xf3, 0x0, 0x0, 0x0,
    0x0, 0x0, 0x0, 0x4f, 0xff, 0xff, 0xfa, 0x0,
    0x0, 0x0, 0x0, 0x0, 0x0, 0xbf, 0xfe, 0x8f,
    0xff, 0x10, 0x0, 0x0, 0x0, 0x0, 0x2, 0xff,
    0xf7, 0x2f, 0xff, 0x80, 0x0, 0x0, 0x0, 0x0,
    0x9, 0xff, 0xf1, 0xb, 0xff, 0xe0, 0x0, 0x0,
    0x0, 0x0, 0x1f, 0xff, 0xa0, 0x5, 0xff, 0xf6,
    0x0, 0x0, 0x0, 0x0, 0x7f, 0xff, 0x30, 0x0,
    0xef, 0xfd, 0x0, 0x0, 0x0, 0x0, 0xef, 0xfd,
    0x0, 0x0, 0x8f, 0xff, 0x40, 0x0, 0x0, 0x5,
    0xff, 0xff, 0xff, 0xff, 0xff, 0xff, 0xb0, 0x0,
    0x0, 0xc, 0xff, 0xff, 0xff, 0xff, 0xff, 0xff,
    0xf3, 0x0, 0x0, 0x3f, 0xff, 0xff, 0xff, 0xff,
    0xff, 0xff, 0xfa, 0x0, 0x0, 0xaf, 0xff, 0x30,
    0x0, 0x0, 0x0, 0xdf, 0xff, 0x10, 0x2, 0xff,
    0xfc, 0x0, 0x0, 0x0, 0x0, 0x7f, 0xff, 0x80,
    0x8, 0xff, 0xf6, 0x0, 0x0, 0x0, 0x0, 0x1f,
    0xff, 0xe0, 0xf, 0xff, 0xe0, 0x0, 0x0, 0x0,
    0x0, 0xa, 0xff, 0xf6,

    /* U+00C5 "Å" */
    0x0, 0x0, 0x0, 0x0, 0x0, 0x0, 0x0, 0x0,
    0x0, 0x0, 0x0, 0x0, 0x0, 0x0, 0x8f, 0xfb,
    0x10, 0x0, 0x0, 0x0, 0x0, 0x0, 0x0, 0x5,
    0xf9, 0x6e, 0xb0, 0x0, 0x0, 0x0, 0x0, 0x0,
    0x0, 0xb, 0xd0, 0x7, 0xf1, 0x0, 0x0, 0x0,
    0x0, 0x0, 0x0, 0xb, 0xc0, 0x7, 0xf1, 0x0,
    0x0, 0x0, 0x0, 0x0, 0x0, 0x7, 0xf6, 0x3d,
    0xd0, 0x0, 0x0, 0x0, 0x0, 0x0, 0x0, 0x0,
    0xbf, 0xfe, 0x30, 0x0, 0x0, 0x0, 0x0, 0x0,
    0x0, 0x0, 0x3, 0x40, 0x0, 0x0, 0x0, 0x0,
    0x0, 0x0, 0x0, 0x0, 0xef, 0xff, 0x50, 0x0,
    0x0, 0x0, 0x0, 0x0, 0x0, 0x6, 0xff, 0xff,
    0xc0, 0x0, 0x0, 0x0, 0x0, 0x0, 0x0, 0xd,
    0xff, 0xff, 0xf3, 0x0, 0x0, 0x0, 0x0, 0x0,
    0x0, 0x4f, 0xff, 0xff, 0xfa, 0x0, 0x0, 0x0,
    0x0, 0x0, 0x0, 0xbf, 0xfe, 0x8f, 0xff, 0x10,
    0x0, 0x0, 0x0, 0x0, 0x2, 0xff, 0xf7, 0x2f,
    0xff, 0x80, 0x0, 0x0, 0x0, 0x0, 0x9, 0xff,
    0xf1, 0xb, 0xff, 0xe0, 0x0, 0x0, 0x0, 0x0,
    0x1f, 0xff, 0xa0, 0x5, 0xff, 0xf6, 0x0, 0x0,
    0x0, 0x0, 0x7f, 0xff, 0x30, 0x0, 0xef, 0xfd,
    0x0, 0x0, 0x0, 0x0, 0xef, 0xfd, 0x0, 0x0,
    0x8f, 0xff, 0x40, 0x0, 0x0, 0x5, 0xff, 0xff,
    0xff, 0xff, 0xff, 0xff, 0xb0, 0x0, 0x0, 0xc,
    0xff, 0xff, 0xff, 0xff, 0xff, 0xff, 0xf3, 0x0,
    0x0, 0x3f, 0xff, 0xff, 0xff, 0xff, 0xff, 0xff,
    0xfa, 0x0, 0x0, 0xaf, 0xff, 0x30, 0x0, 0x0,
    0x0, 0xdf, 0xff, 0x10, 0x2, 0xff, 0xfc, 0x0,
    0x0, 0x0, 0x0, 0x7f, 0xff, 0x80, 0x8, 0xff,
    0xf6, 0x0, 0x0, 0x0, 0x0, 0x1f, 0xff, 0xe0,
    0xf, 0xff, 0xe0, 0x0, 0x0, 0x0, 0x0, 0xa,
    0xff, 0xf6,

    /* U+00C6 "Æ" */
    0x0, 0x0, 0x0, 0x0, 0x1, 0xff, 0xff, 0xff,
    0xff, 0xff, 0xff, 0xff, 0xf8, 0x0, 0x0, 0x0,
    0x0, 0x9, 0xff, 0xff, 0xff, 0xff, 0xff, 0xff,
    0xff, 0xf8, 0x0, 0x0, 0x0, 0x0, 0x2f, 0xff,
    0xff, 0xff, 0xff, 0xff, 0xff, 0xff, 0xf8, 0x0,
    0x0, 0x0, 0x0, 0xbf, 0xff, 0x5f, 0xff, 0xb1,
    0x11, 0x11, 0x11, 0x10, 0x0, 0x0, 0x0, 0x3,
    0xff, 0xf8, 0x3f, 0xff, 0xa0, 0x0, 0x0, 0x0,
    0x0, 0x0, 0x0, 0x0, 0xc, 0xff, 0xe0, 0x3f,
    0xff, 0xa0, 0x0, 0x0, 0x0, 0x0, 0x0, 0x0,
    0x0, 0x5f, 0xff, 0x60, 0x3f, 0xff, 0xa0, 0x0,
    0x0, 0x0, 0x0, 0x0, 0x0, 0x0, 0xef, 0xfd,
    0x0, 0x3f, 0xff, 0xff, 0xff, 0xff, 0xff, 0x80,
    0x0, 0x0, 0x7, 0xff, 0xf5, 0x0, 0x3f, 0xff,
    0xff, 0xff, 0xff, 0xff, 0x80, 0x0, 0x0, 0x1f,
    0xff, 0xc0, 0x0, 0x3f, 0xff, 0xff, 0xff, 0xff,
    0xff, 0x80, 0x0, 0x0, 0x9f, 0xff, 0xff, 0xff,
    0xff, 0xff, 0xa0, 0x0, 0x0, 0x0, 0x0, 0x0,
    0x2, 0xff, 0xff, 0xff, 0xff, 0xff, 0xff, 0xa0,
    0x0, 0x0, 0x0, 0x0, 0x0, 0xb, 0xff, 0xff,
    0xff, 0xff, 0xff, 0xff, 0xa0, 0x0, 0x0, 0x0,
    0x0, 0x0, 0x4f, 0xff, 0xa0, 0x0, 0x0, 0x3f,
    0xff, 0xb1, 0x11, 0x11, 0x11, 0x11, 0x0, 0xdf,
    0xff, 0x20, 0x0, 0x0, 0x3f, 0xff, 0xff, 0xff,
    0xff, 0xff, 0xfd, 0x6, 0xff, 0xf9, 0x0, 0x0,
    0x0, 0x3f, 0xff, 0xff, 0xff, 0xff, 0xff, 0xfd,
    0xe, 0xff, 0xf1, 0x0, 0x0, 0x0, 0x3f, 0xff,
    0xff, 0xff, 0xff, 0xff, 0xfd,

    /* U+00C7 "Ç" */
    0x0, 0x0, 0x0, 0x5a, 0xdf, 0xfd, 0xb6, 0x0,
    0x0, 0x0, 0x5, 0xef, 0xff, 0xff, 0xff, 0xfe,
    0x50, 0x0, 0x8, 0xff, 0xff, 0xff, 0xff, 0xff,
    0xff, 0x70, 0x6, 0xff, 0xff, 0xe9, 0x55, 0x7c,
    0xff, 0xf6, 0x1, 0xff, 0xff, 0xa0, 0x0, 0x0,
    0x5, 0xe4, 0x0, 0x8f, 0xff, 0xc0, 0x0, 0x0,
    0x0, 0x0, 0x0, 0xd, 0xff, 0xf4, 0x0, 0x0,
    0x0, 0x0, 0x0, 0x0, 0xff, 0xff, 0x0, 0x0,
    0x0, 0x0, 0x0, 0x0, 0xf, 0xff, 0xe0, 0x0,
    0x0, 0x0, 0x0, 0x0, 0x0, 0xff, 0xff, 0x0,
    0x0, 0x0, 0x0, 0x0, 0x0, 0xd, 0xff, 0xf3,
    0x0, 0x0, 0x0, 0x0, 0x0, 0x0, 0x8f, 0xff,
    0xc0, 0x0, 0x0, 0x0, 0x0, 0x0, 0x1, 0xff,
    0xff, 0xa0, 0x0, 0x0, 0x5, 0xe4, 0x0, 0x6,
    0xff, 0xff, 0xe8, 0x54, 0x6c, 0xff, 0xf6, 0x0,
    0x8, 0xff, 0xff, 0xff, 0xff, 0xff, 0xff, 0x70,
    0x0, 0x5, 0xef, 0xff, 0xff, 0xff, 0xfe, 0x50,
    0x0, 0x0, 0x0, 0x6a, 0xff, 0xfd, 0xb6, 0x0,
    0x0, 0x0, 0x0, 0x0, 0xb, 0xf5, 0x0, 0x0,
    0x0, 0x0, 0x0, 0x0, 0x0, 0xef, 0xfa, 0x0,
    0x0, 0x0, 0x0, 0x0, 0x0, 0x0, 0x3f, 0xf3,
    0x0, 0x0, 0x0, 0x0, 0x0, 0x2e, 0xce, 0xff,
    0x10, 0x0, 0x0, 0x0, 0x0, 0x3, 0xdf, 0xeb,
    0x30, 0x0, 0x0,

    /* U+00C8 "È" */
    0x0, 0x38, 0x88, 0x40, 0x0, 0x0, 0x0, 0x0,
    0x7, 0xff, 0xf4, 0x0, 0x0, 0x0, 0x0, 0x0,
    0x4f, 0xff, 0x30, 0x0, 0x0, 0x0, 0x0, 0x2,
    0xdf, 0xe2, 0x0, 0x0, 0x0, 0x0, 0x0, 0x0,
    0x0, 0x0, 0x0, 0xf, 0xff, 0xff, 0xff, 0xff,
    0xff, 0xfb, 0xf, 0xff, 0xff, 0xff, 0xff, 0xff,
    0xfb, 0xf, 0xff, 0xff, 0xff, 0xff, 0xff, 0xfb,
    0xf, 0xff, 0xd1, 0x11, 0x11, 0x11, 0x11, 0xf,
    0xff, 0xd0, 0x0, 0x0, 0x0, 0x0, 0xf, 0xff,
    0xd0, 0x0, 0x0, 0x0, 0x0, 0xf, 0xff, 0xd0,
    0x0, 0x0, 0x0, 0x0, 0xf, 0xff, 0xff, 0xff,
    0xff, 0xff, 0xa0, 0xf, 0xff, 0xff, 0xff, 0xff,
    0xff, 0xa0, 0xf, 0xff, 0xff, 0xff, 0xff, 0xff,
    0xa0, 0xf, 0xff, 0xd0, 0x0, 0x0, 0x0, 0x0,
    0xf, 0xff, 0xd0, 0x0, 0x0, 0x0, 0x0, 0xf,
    0xff, 0xd0, 0x0, 0x0, 0x0, 0x0, 0xf, 0xff,
    0xd1, 0x11, 0x11, 0x11, 0x11, 0xf, 0xff, 0xff,
    0xff, 0xff, 0xff, 0xff, 0xf, 0xff, 0xff, 0xff,
    0xff, 0xff, 0xff, 0xf, 0xff, 0xff, 0xff, 0xff,
    0xff, 0xff,

    /* U+00C9 "É" */
    0x0, 0x0, 0x0, 0x0, 0x68, 0x87, 0x10, 0x0,
    0x0, 0x0, 0x8, 0xff, 0xe4, 0x0, 0x0, 0x0,
    0x0, 0x7f, 0xfd, 0x20, 0x0, 0x0, 0x0, 0x5,
    0xff, 0xa0, 0x0, 0x0, 0x0, 0x0, 0x0, 0x0,
    0x0, 0x0, 0x0, 0xf, 0xff, 0xff, 0xff, 0xff,
    0xff, 0xfb, 0xf, 0xff, 0xff, 0xff, 0xff, 0xff,
    0xfb, 0xf, 0xff, 0xff, 0xff, 0xff, 0xff, 0xfb,
    0xf, 0xff, 0xd1, 0x11, 0x11, 0x11, 0x11, 0xf,
    0xff, 0xd0, 0x0, 0x0, 0x0, 0x0, 0xf, 0xff,
    0xd0, 0x0, 0x0, 0x0, 0x0, 0xf, 0xff, 0xd0,
    0x0, 0x0, 0x0, 0x0, 0xf, 0xff, 0xff, 0xff,
    0xff, 0xff, 0xa0, 0xf, 0xff, 0xff, 0xff, 0xff,
    0xff, 0xa0, 0xf, 0xff, 0xff, 0xff, 0xff, 0xff,
    0xa0, 0xf, 0xff, 0xd0, 0x0, 0x0, 0x0, 0x0,
    0xf, 0xff, 0xd0, 0x0, 0x0, 0x0, 0x0, 0xf,
    0xff, 0xd0, 0x0, 0x0, 0x0, 0x0, 0xf, 0xff,
    0xd1, 0x11, 0x11, 0x11, 0x11, 0xf, 0xff, 0xff,
    0xff, 0xff, 0xff, 0xff, 0xf, 0xff, 0xff, 0xff,
    0xff, 0xff, 0xff, 0xf, 0xff, 0xff, 0xff, 0xff,
    0xff, 0xff,

    /* U+00CA "Ê" */
    0x0, 0x0, 0x4, 0x88, 0x81, 0x0, 0x0, 0x0,
    0x0, 0x3f, 0xff, 0xfd, 0x10, 0x0, 0x0, 0x2,
    0xef, 0xd5, 0xff, 0xc0, 0x0, 0x0, 0x1e, 0xfc,
    0x0, 0x3e, 0xfb, 0x0, 0x0, 0x0, 0x0, 0x0,
    0x0, 0x0, 0x0, 0xf, 0xff, 0xff, 0xff, 0xff,
    0xff, 0xfb, 0xf, 0xff, 0xff, 0xff, 0xff, 0xff,
    0xfb, 0xf, 0xff, 0xff, 0xff, 0xff, 0xff, 0xfb,
    0xf, 0xff, 0xd1, 0x11, 0x11, 0x11, 0x11, 0xf,
    0xff, 0xd0, 0x0, 0x0, 0x0, 0x0, 0xf, 0xff,
    0xd0, 0x0, 0x0, 0x0, 0x0, 0xf, 0xff, 0xd0,
    0x0, 0x0, 0x0, 0x0, 0xf, 0xff, 0xff, 0xff,
    0xff, 0xff, 0xa0, 0xf, 0xff, 0xff, 0xff, 0xff,
    0xff, 0xa0, 0xf, 0xff, 0xff, 0xff, 0xff, 0xff,
    0xa0, 0xf, 0xff, 0xd0, 0x0, 0x0, 0x0, 0x0,
    0xf, 0xff, 0xd0, 0x0, 0x0, 0x0, 0x0, 0xf,
    0xff, 0xd0, 0x0, 0x0, 0x0, 0x0, 0xf, 0xff,
    0xd1, 0x11, 0x11, 0x11, 0x11, 0xf, 0xff, 0xff,
    0xff, 0xff, 0xff, 0xff, 0xf, 0xff, 0xff, 0xff,
    0xff, 0xff, 0xff, 0xf, 0xff, 0xff, 0xff, 0xff,
    0xff, 0xff,

    /* U+00CB "Ë" */
    0x0, 0x0, 0x32, 0x0, 0x3, 0x10, 0x0, 0x0,
    0x7, 0xff, 0x40, 0x9f, 0xf2, 0x0, 0x0, 0xb,
    0xff, 0x80, 0xdf, 0xf6, 0x0, 0x0, 0x4, 0xed,
    0x20, 0x5f, 0xc1, 0x0, 0x0, 0x0, 0x0, 0x0,
    0x0, 0x0, 0x0, 0xf, 0xff, 0xff, 0xff, 0xff,
    0xff, 0xfb, 0xf, 0xff, 0xff, 0xff, 0xff, 0xff,
    0xfb, 0xf, 0xff, 0xff, 0xff, 0xff, 0xff, 0xfb,
    0xf, 0xff, 0xd1, 0x11, 0x11, 0x11, 0x11, 0xf,
    0xff, 0xd0, 0x0, 0x0, 0x0, 0x0, 0xf, 0xff,
    0xd0, 0x0, 0x0, 0x0, 0x0, 0xf, 0xff, 0xd0,
    0x0, 0x0, 0x0, 0x0, 0xf, 0xff, 0xff, 0xff,
    0xff, 0xff, 0xa0, 0xf, 0xff, 0xff, 0xff, 0xff,
    0xff, 0xa0, 0xf, 0xff, 0xff, 0xff, 0xff, 0xff,
    0xa0, 0xf, 0xff, 0xd0, 0x0, 0x0, 0x0, 0x0,
    0xf, 0xff, 0xd0, 0x0, 0x0, 0x0, 0x0, 0xf,
    0xff, 0xd0, 0x0, 0x0, 0x0, 0x0, 0xf, 0xff,
    0xd1, 0x11, 0x11, 0x11, 0x11, 0xf, 0xff, 0xff,
    0xff, 0xff, 0xff, 0xff, 0xf, 0xff, 0xff, 0xff,
    0xff, 0xff, 0xff, 0xf, 0xff, 0xff, 0xff, 0xff,
    0xff, 0xff,

    /* U+00CC "Ì" */
    0x6, 0x88, 0x70, 0x0, 0x0, 0x1c, 0xff, 0xc0,
    0x0, 0x0, 0xa, 0xff, 0xb0, 0x0, 0x0, 0x7,
    0xff, 0xa0, 0x0, 0x0, 0x0, 0x0, 0x0, 0x0,
    0xf, 0xff, 0xe0, 0x0, 0x0, 0xff, 0xfe, 0x0,
    0x0, 0xf, 0xff, 0xe0, 0x0, 0x0, 0xff, 0xfe,
    0x0, 0x0, 0xf, 0xff, 0xe0, 0x0, 0x0, 0xff,
    0xfe, 0x0, 0x0, 0xf, 0xff, 0xe0, 0x0, 0x0,
    0xff, 0xfe, 0x0, 0x0, 0xf, 0xff, 0xe0, 0x0,
    0x0, 0xff, 0xfe, 0x0, 0x0, 0xf, 0xff, 0xe0,
    0x0, 0x0, 0xff, 0xfe, 0x0, 0x0, 0xf, 0xff,
    0xe0, 0x0, 0x0, 0xff, 0xfe, 0x0, 0x0, 0xf,
    0xff, 0xe0, 0x0, 0x0, 0xff, 0xfe, 0x0, 0x0,
    0xf, 0xff, 0xe0,

    /* U+00CD "Í" */
    0x0, 0x1, 0x88, 0x85, 0x0, 0x1, 0xdf, 0xfb,
    0x10, 0x0, 0xcf, 0xf8, 0x0, 0x0, 0xcf, 0xf5,
    0x0, 0x0, 0x0, 0x0, 0x0, 0x0, 0x0, 0xff,
    0xfe, 0x0, 0x0, 0xf, 0xff, 0xe0, 0x0, 0x0,
    0xff, 0xfe, 0x0, 0x0, 0xf, 0xff, 0xe0, 0x0,
    0x0, 0xff, 0xfe, 0x0, 0x0, 0xf, 0xff, 0xe0,
    0x0, 0x0, 0xff, 0xfe, 0x0, 0x0, 0xf, 0xff,
    0xe0, 0x0, 0x0, 0xff, 0xfe, 0x0, 0x0, 0xf,
    0xff, 0xe0, 0x0, 0x0, 0xff, 0xfe, 0x0, 0x0,
    0xf, 0xff, 0xe0, 0x0, 0x0, 0xff, 0xfe, 0x0,
    0x0, 0xf, 0xff, 0xe0, 0x0, 0x0, 0xff, 0xfe,
    0x0, 0x0, 0xf, 0xff, 0xe0, 0x0, 0x0, 0xff,
    0xfe, 0x0, 0x0,

    /* U+00CE "Î" */
    0x0, 0x7, 0x88, 0x60, 0x0, 0x0, 0x9f, 0xff,
    0xf7, 0x0, 0x8, 0xff, 0x89, 0xff, 0x60, 0x6f,
    0xf6, 0x0, 0x8f, 0xf5, 0x0, 0x0, 0x0, 0x0,
    0x0, 0x0, 0xf, 0xff, 0xe0, 0x0, 0x0, 0xf,
    0xff, 0xe0, 0x0, 0x0, 0xf, 0xff, 0xe0, 0x0,
    0x0, 0xf, 0xff, 0xe0, 0x0, 0x0, 0xf, 0xff,
    0xe0, 0x0, 0x0, 0xf, 0xff, 0xe0, 0x0, 0x0,
    0xf, 0xff, 0xe0, 0x0, 0x0, 0xf, 0xff, 0xe0,
    0x0, 0x0, 0xf, 0xff, 0xe0, 0x0, 0x0, 0xf,
    0xff, 0xe0, 0x0, 0x0, 0xf, 0xff, 0xe0, 0x0,
    0x0, 0xf, 0xff, 0xe0, 0x0, 0x0, 0xf, 0xff,
    0xe0, 0x0, 0x0, 0xf, 0xff, 0xe0, 0x0, 0x0,
    0xf, 0xff, 0xe0, 0x0, 0x0, 0xf, 0xff, 0xe0,
    0x0, 0x0, 0xf, 0xff, 0xe0, 0x0,

    /* U+00CF "Ï" */
    0x0, 0x30, 0x0, 0x13, 0x0, 0xd, 0xfd, 0x1,
    0xef, 0xb0, 0x1f, 0xff, 0x14, 0xff, 0xf0, 0x9,
    0xf9, 0x0, 0xbf, 0x80, 0x0, 0x0, 0x0, 0x0,
    0x0, 0x0, 0xf, 0xff, 0xe0, 0x0, 0x0, 0xf,
    0xff, 0xe0, 0x0, 0x0, 0xf, 0xff, 0xe0, 0x0,
    0x0, 0xf, 0xff, 0xe0, 0x0, 0x0, 0xf, 0xff,
    0xe0, 0x0, 0x0, 0xf, 0xff, 0xe0, 0x0, 0x0,
    0xf, 0xff, 0xe0, 0x0, 0x0, 0xf, 0xff, 0xe0,
    0x0, 0x0, 0xf, 0xff, 0xe0, 0x0, 0x0, 0xf,
    0xff, 0xe0, 0x0, 0x0, 0xf, 0xff, 0xe0, 0x0,
    0x0, 0xf, 0xff, 0xe0, 0x0, 0x0, 0xf, 0xff,
    0xe0, 0x0, 0x0, 0xf, 0xff, 0xe0, 0x0, 0x0,
    0xf, 0xff, 0xe0, 0x0, 0x0, 0xf, 0xff, 0xe0,
    0x0, 0x0, 0xf, 0xff, 0xe0, 0x0,

    /* U+00D0 "Ð" */
    0x0, 0xbf, 0xff, 0xff, 0xff, 0xfe, 0xb7, 0x10,
    0x0, 0x0, 0x0, 0xbf, 0xff, 0xff, 0xff, 0xff,
    0xff, 0xf6, 0x0, 0x0, 0x0, 0xbf, 0xff, 0xff,
    0xff, 0xff, 0xff, 0xff, 0xb0, 0x0, 0x0, 0xbf,
    0xff, 0x52, 0x22, 0x36, 0xcf, 0xff, 0xf9, 0x0,
    0x0, 0xbf, 0xff, 0x30, 0x0, 0x0, 0x7, 0xff,
    0xff, 0x40, 0x0, 0xbf, 0xff, 0x30, 0x0, 0x0,
    0x0, 0x9f, 0xff, 0xb0, 0x0, 0xbf, 0xff, 0x30,
    0x0, 0x0, 0x0, 0x1f, 0xff, 0xf0, 0x89, 0xff,
    0xff, 0xc9, 0x99, 0x30, 0x0, 0xd, 0xff, 0xf2,
    0xff, 0xff, 0xff, 0xff, 0xff, 0x60, 0x0, 0xc,
    0xff, 0xf3, 0xff, 0xff, 0xff, 0xff, 0xff, 0x60,
    0x0, 0xd, 0xff, 0xf2, 0x0, 0xbf, 0xff, 0x30,
    0x0, 0x0, 0x0, 0x1f, 0xff, 0xf0, 0x0, 0xbf,
    0xff, 0x30, 0x0, 0x0, 0x0, 0x9f, 0xff, 0xb0,
    0x0, 0xbf, 0xff, 0x30, 0x0, 0x0, 0x7, 0xff,
    0xff, 0x40, 0x0, 0xbf, 0xff, 0x52, 0x22, 0x36,
    0xcf, 0xff, 0xf9, 0x0, 0x0, 0xbf, 0xff, 0xff,
    0xff, 0xff, 0xff, 0xff, 0xb0, 0x0, 0x0, 0xbf,
    0xff, 0xff, 0xff, 0xff, 0xff, 0xf6, 0x0, 0x0,
    0x0, 0xbf, 0xff, 0xff, 0xff, 0xfe, 0xb7, 0x10,
    0x0, 0x0,

    /* U+00D1 "Ñ" */
    0x0, 0x0, 0x7, 0xfe, 0x40, 0xa, 0xf3, 0x0,
    0x0, 0x0, 0x4, 0xff, 0xff, 0x61, 0xef, 0x10,
    0x0, 0x0, 0x0, 0xaf, 0x94, 0xef, 0xff, 0xb0,
    0x0, 0x0, 0x0, 0xd, 0xf1, 0x2, 0xdf, 0xd2,
    0x0, 0x0, 0x0, 0x0, 0x11, 0x0, 0x0, 0x10,
    0x0, 0x0, 0x0, 0xff, 0xf9, 0x0, 0x0, 0x0,
    0x7, 0xff, 0xf6, 0xf, 0xff, 0xf7, 0x0, 0x0,
    0x0, 0x7f, 0xff, 0x60, 0xff, 0xff, 0xf4, 0x0,
    0x0, 0x7, 0xff, 0xf6, 0xf, 0xff, 0xff, 0xf2,
    0x0, 0x0, 0x7f, 0xff, 0x60, 0xff, 0xff, 0xff,
    0xd1, 0x0, 0x7, 0xff, 0xf6, 0xf, 0xff, 0xff,
    0xff, 0xb0, 0x0, 0x7f, 0xff, 0x60, 0xff, 0xff,
    0xff, 0xff, 0x90, 0x7, 0xff, 0xf6, 0xf, 0xff,
    0xda, 0xff, 0xff, 0x60, 0x7f, 0xff, 0x60, 0xff,
    0xfd, 0xc, 0xff, 0xff, 0x47, 0xff, 0xf6, 0xf,
    0xff, 0xd0, 0x1e, 0xff, 0xfe, 0x9f, 0xff, 0x60,
    0xff, 0xfd, 0x0, 0x3f, 0xff, 0xff, 0xff, 0xf6,
    0xf, 0xff, 0xd0, 0x0, 0x5f, 0xff, 0xff, 0xff,
    0x60, 0xff, 0xfd, 0x0, 0x0, 0x8f, 0xff, 0xff,
    0xf6, 0xf, 0xff, 0xd0, 0x0, 0x0, 0xbf, 0xff,
    0xff, 0x60, 0xff, 0xfd, 0x0, 0x0, 0x0, 0xdf,
    0xff, 0xf6, 0xf, 0xff, 0xd0, 0x0, 0x0, 0x2,
    0xef, 0xff, 0x60, 0xff, 0xfd, 0x0, 0x0, 0x0,
    0x3, 0xff, 0xf6,

    /* U+00D2 "Ò" */
    0x0, 0x0, 0x4, 0x88, 0x82, 0x0, 0x0, 0x0,
    0x0, 0x0, 0x0, 0x0, 0x0, 0x8f, 0xfe, 0x30,
    0x0, 0x0, 0x0, 0x0, 0x0, 0x0, 0x0, 0x3,
    0xdf, 0xf4, 0x0, 0x0, 0x0, 0x0, 0x0, 0x0,
    0x0, 0x0, 0x7, 0x87, 0x0, 0x0, 0x0, 0x0,
    0x0, 0x0, 0x0, 0x0, 0x0, 0x0, 0x0, 0x0,
    0x0, 0x0, 0x0, 0x0, 0x0, 0x5a, 0xdf, 0xfe,
    0xb6, 0x10, 0x0, 0x0, 0x0, 0x0, 0x4d, 0xff,
    0xff, 0xff, 0xff, 0xf7, 0x0, 0x0, 0x0, 0x7,
    0xff, 0xff, 0xff, 0xff, 0xff, 0xff, 0xa0, 0x0,
    0x0, 0x6f, 0xff, 0xfe, 0x85, 0x57, 0xdf, 0xff,
    0xf9, 0x0, 0x1, 0xff, 0xff, 0xa0, 0x0, 0x0,
    0x7, 0xff, 0xff, 0x40, 0x8, 0xff, 0xfc, 0x0,
    0x0, 0x0, 0x0, 0x8f, 0xff, 0xb0, 0xd, 0xff,
    0xf4, 0x0, 0x0, 0x0, 0x0, 0xf, 0xff, 0xf1,
    0xf, 0xff, 0xf0, 0x0, 0x0, 0x0, 0x0, 0xb,
    0xff, 0xf3, 0xf, 0xff, 0xe0, 0x0, 0x0, 0x0,
    0x0, 0xa, 0xff, 0xf4, 0xf, 0xff, 0xf0, 0x0,
    0x0, 0x0, 0x0, 0xb, 0xff, 0xf3, 0xd, 0xff,
    0xf3, 0x0, 0x0, 0x0, 0x0, 0xf, 0xff, 0xf1,
    0x8, 0xff, 0xfb, 0x0, 0x0, 0x0, 0x0, 0x8f,
    0xff, 0xb0, 0x1, 0xff, 0xff, 0xa0, 0x0, 0x0,
    0x6, 0xff, 0xff, 0x40, 0x0, 0x6f, 0xff, 0xfe,
    0x85, 0x57, 0xcf, 0xff, 0xfa, 0x0, 0x0, 0x8,
    0xff, 0xff, 0xff, 0xff, 0xff, 0xff, 0xb0, 0x0,
    0x0, 0x0, 0x5e, 0xff, 0xff, 0xff, 0xff, 0xf7,
    0x0, 0x0, 0x0, 0x0, 0x0, 0x5a, 0xdf, 0xfe,
    0xb7, 0x10, 0x0, 0x0,

    /* U+00D3 "Ó" */
    0x0, 0x0, 0x0, 0x0, 0x0, 0x7, 0x88, 0x60,
    0x0, 0x0, 0x0, 0x0, 0x0, 0x0, 0x1, 0xcf,
    0xfa, 0x10, 0x0, 0x0, 0x0, 0x0, 0x0, 0x0,
    0x2d, 0xff, 0x60, 0x0, 0x0, 0x0, 0x0, 0x0,
    0x0, 0x0, 0x68, 0x71, 0x0, 0x0, 0x0, 0x0,
    0x0, 0x0, 0x0, 0x0, 0x0, 0x0, 0x0, 0x0,
    0x0, 0x0, 0x0, 0x0, 0x0, 0x5a, 0xdf, 0xfe,
    0xb6, 0x10, 0x0, 0x0, 0x0, 0x0, 0x4d, 0xff,
    0xff, 0xff, 0xff, 0xf7, 0x0, 0x0, 0x0, 0x7,
    0xff, 0xff, 0xff, 0xff, 0xff, 0xff, 0xa0, 0x0,
    0x0, 0x6f, 0xff, 0xfe, 0x85, 0x57, 0xdf, 0xff,
    0xf9, 0x0, 0x1, 0xff, 0xff, 0xa0, 0x0, 0x0,
    0x7, 0xff, 0xff, 0x40, 0x8, 0xff, 0xfc, 0x0,
    0x0, 0x0, 0x0, 0x8f, 0xff, 0xb0, 0xd, 0xff,
    0xf4, 0x0, 0x0, 0x0, 0x0, 0xf, 0xff, 0xf1,
    0xf, 0xff, 0xf0, 0x0, 0x0, 0x0, 0x0, 0xb,
    0xff, 0xf3, 0xf, 0xff, 0xe0, 0x0, 0x0, 0x0,
    0x0, 0xa, 0xff, 0xf4, 0xf, 0xff, 0xf0, 0x0,
    0x0, 0x0, 0x0, 0xb, 0xff, 0xf3, 0xd, 0xff,
    0xf3, 0x0, 0x0, 0x0, 0x0, 0xf, 0xff, 0xf1,
    0x8, 0xff, 0xfb, 0x0, 0x0, 0x0, 0x0, 0x8f,
    0xff, 0xb0, 0x1, 0xff, 0xff, 0xa0, 0x0, 0x0,
    0x6, 0xff, 0xff, 0x40, 0x0, 0x6f, 0xff, 0xfe,
    0x85, 0x57, 0xcf, 0xff, 0xfa, 0x0, 0x0, 0x8,
    0xff, 0xff, 0xff, 0xff, 0xff, 0xff, 0xb0, 0x0,
    0x0, 0x0, 0x5e, 0xff, 0xff, 0xff, 0xff, 0xf7,
    0x0, 0x0, 0x0, 0x0, 0x0, 0x5a, 0xdf, 0xfe,
    0xb7, 0x10, 0x0, 0x0,

    /* U+00D4 "Ô" */
    0x0, 0x0, 0x0, 0x0, 0x68, 0x87, 0x0, 0x0,
    0x0, 0x0, 0x0, 0x0, 0x0, 0x9, 0xff, 0xff,
    0xc0, 0x0, 0x0, 0x0, 0x0, 0x0, 0x0, 0xaf,
    0xf6, 0x3e, 0xfc, 0x10, 0x0, 0x0, 0x0, 0x0,
    0x3, 0x88, 0x30, 0x1, 0x78, 0x50, 0x0, 0x0,
    0x0, 0x0, 0x0, 0x0, 0x0, 0x0, 0x0, 0x0,
    0x0, 0x0, 0x0, 0x0, 0x0, 0x5a, 0xdf, 0xfe,
    0xb6, 0x10, 0x0, 0x0, 0x0, 0x0, 0x4d, 0xff,
    0xff, 0xff, 0xff, 0xf7, 0x0, 0x0, 0x0, 0x7,
    0xff, 0xff, 0xff, 0xff, 0xff, 0xff, 0xa0, 0x0,
    0x0, 0x6f, 0xff, 0xfe, 0x85, 0x57, 0xdf, 0xff,
    0xf9, 0x0, 0x1, 0xff, 0xff, 0xa0, 0x0, 0x0,
    0x7, 0xff, 0xff, 0x40, 0x8, 0xff, 0xfc, 0x0,
    0x0, 0x0, 0x0, 0x8f, 0xff, 0xb0, 0xd, 0xff,
    0xf4, 0x0, 0x0, 0x0, 0x0, 0xf, 0xff, 0xf1,
    0xf, 0xff, 0xf0, 0x0, 0x0, 0x0, 0x0, 0xb,
    0xff, 0xf3, 0xf, 0xff, 0xe0, 0x0, 0x0, 0x0,
    0x0, 0xa, 0xff, 0xf4, 0xf, 0xff, 0xf0, 0x0,
    0x0, 0x0, 0x0, 0xb, 0xff, 0xf3, 0xd, 0xff,
    0xf3, 0x0, 0x0, 0x0, 0x0, 0xf, 0xff, 0xf1,
    0x8, 0xff, 0xfb, 0x0, 0x0, 0x0, 0x0, 0x8f,
    0xff, 0xb0, 0x1, 0xff, 0xff, 0xa0, 0x0, 0x0,
    0x6, 0xff, 0xff, 0x40, 0x0, 0x6f, 0xff, 0xfe,
    0x85, 0x57, 0xcf, 0xff, 0xfa, 0x0, 0x0, 0x8,
    0xff, 0xff, 0xff, 0xff, 0xff, 0xff, 0xb0, 0x0,
    0x0, 0x0, 0x5e, 0xff, 0xff, 0xff, 0xff, 0xf7,
    0x0, 0x0, 0x0, 0x0, 0x0, 0x5a, 0xdf, 0xfe,
    0xb7, 0x10, 0x0, 0x0,

    /* U+00D5 "Õ" */
    0x0, 0x0, 0x0, 0x3d, 0xfa, 0x0, 0x3f, 0xa0,
    0x0, 0x0, 0x0, 0x0, 0x0, 0xdf, 0xff, 0xd3,
    0xaf, 0x80, 0x0, 0x0, 0x0, 0x0, 0x4, 0xfd,
    0x3a, 0xff, 0xff, 0x20, 0x0, 0x0, 0x0, 0x0,
    0x6, 0xf8, 0x0, 0x7e, 0xe5, 0x0, 0x0, 0x0,
    0x0, 0x0, 0x0, 0x0, 0x0, 0x0, 0x0, 0x0,
    0x0, 0x0, 0x0, 0x0, 0x0, 0x5a, 0xdf, 0xfe,
    0xb6, 0x10, 0x0, 0x0, 0x0, 0x0, 0x4d, 0xff,
    0xff, 0xff, 0xff, 0xf7, 0x0, 0x0, 0x0, 0x7,
    0xff, 0xff, 0xff, 0xff, 0xff, 0xff, 0xa0, 0x0,
    0x0, 0x6f, 0xff, 0xfe, 0x85, 0x57, 0xdf, 0xff,
    0xf9, 0x0, 0x1, 0xff, 0xff, 0xa0, 0x0, 0x0,
    0x7, 0xff, 0xff, 0x40, 0x8, 0xff, 0xfc, 0x0,
    0x0, 0x0, 0x0, 0x8f, 0xff, 0xb0, 0xd, 0xff,
    0xf4, 0x0, 0x0, 0x0, 0x0, 0xf, 0xff, 0xf1,
    0xf, 0xff, 0xf0, 0x0, 0x0, 0x0, 0x0, 0xb,
    0xff, 0xf3, 0xf, 0xff, 0xe0, 0x0, 0x0, 0x0,
    0x0, 0xa, 0xff, 0xf4, 0xf, 0xff, 0xf0, 0x0,
    0x0, 0x0, 0x0, 0xb, 0xff, 0xf3, 0xd, 0xff,
    0xf3, 0x0, 0x0, 0x0, 0x0, 0xf, 0xff, 0xf1,
    0x8, 0xff, 0xfb, 0x0, 0x0, 0x0, 0x0, 0x8f,
    0xff, 0xb0, 0x1, 0xff, 0xff, 0xa0, 0x0, 0x0,
    0x6, 0xff, 0xff, 0x40, 0x0, 0x6f, 0xff, 0xfe,
    0x85, 0x57, 0xcf, 0xff, 0xfa, 0x0, 0x0, 0x8,
    0xff, 0xff, 0xff, 0xff, 0xff, 0xff, 0xb0, 0x0,
    0x0, 0x0, 0x5e, 0xff, 0xff, 0xff, 0xff, 0xf7,
    0x0, 0x0, 0x0, 0x0, 0x0, 0x5a, 0xdf, 0xfe,
    0xb7, 0x10, 0x0, 0x0,

    /* U+00D6 "Ö" */
    0x0, 0x0, 0x0, 0x7f, 0xc0, 0x9, 0xfa, 0x0,
    0x0, 0x0, 0x0, 0x0, 0x0, 0xef, 0xf4, 0xf,
    0xff, 0x20, 0x0, 0x0, 0x0, 0x0, 0x0, 0xaf,
    0xf1, 0xc, 0xfe, 0x0, 0x0, 0x0, 0x0, 0x0,
    0x0, 0x3, 0x10, 0x0, 0x30, 0x0, 0x0, 0x0,
    0x0, 0x0, 0x0, 0x0, 0x0, 0x0, 0x0, 0x0,
    0x0, 0x0, 0x0, 0x0, 0x0, 0x5a, 0xdf, 0xfe,
    0xb6, 0x10, 0x0, 0x0, 0x0, 0x0, 0x4d, 0xff,
    0xff, 0xff, 0xff, 0xf7, 0x0, 0x0, 0x0, 0x7,
    0xff, 0xff, 0xff, 0xff, 0xff, 0xff, 0xa0, 0x0,
    0x0, 0x6f, 0xff, 0xfe, 0x85, 0x57, 0xdf, 0xff,
    0xf9, 0x0, 0x1, 0xff, 0xff, 0xa0, 0x0, 0x0,
    0x7, 0xff, 0xff, 0x40, 0x8, 0xff, 0xfc, 0x0,
    0x0, 0x0, 0x0, 0x8f, 0xff, 0xb0, 0xd, 0xff,
    0xf4, 0x0, 0x0, 0x0, 0x0, 0xf, 0xff, 0xf1,
    0xf, 0xff, 0xf0, 0x0, 0x0, 0x0, 0x0, 0xb,
    0xff, 0xf3, 0xf, 0xff, 0xe0, 0x0, 0x0, 0x0,
    0x0, 0xa, 0xff, 0xf4, 0xf, 0xff, 0xf0, 0x0,
    0x0, 0x0, 0x0, 0xb, 0xff, 0xf3, 0xd, 0xff,
    0xf3, 0x0, 0x0, 0x0, 0x0, 0xf, 0xff, 0xf1,
    0x8, 0xff, 0xfb, 0x0, 0x0, 0x0, 0x0, 0x8f,
    0xff, 0xb0, 0x1, 0xff, 0xff, 0xa0, 0x0, 0x0,
    0x6, 0xff, 0xff, 0x40, 0x0, 0x6f, 0xff, 0xfe,
    0x85, 0x57, 0xcf, 0xff, 0xfa, 0x0, 0x0, 0x8,
    0xff, 0xff, 0xff, 0xff, 0xff, 0xff, 0xb0, 0x0,
    0x0, 0x0, 0x5e, 0xff, 0xff, 0xff, 0xff, 0xf7,
    0x0, 0x0, 0x0, 0x0, 0x0, 0x5a, 0xdf, 0xfe,
    0xb7, 0x10, 0x0, 0x0,

    /* U+00D7 "×" */
    0x0, 0x20, 0x0, 0x0, 0x20, 0x0, 0xae, 0x20,
    0x0, 0xae, 0x20, 0x9f, 0xfe, 0x20, 0xaf, 0xfe,
    0x2, 0xef, 0xfe, 0xdf, 0xff, 0x60, 0x2, 0xef,
    0xff, 0xff, 0x60, 0x0, 0x2, 0xff, 0xff, 0x90,
    0x0, 0x0, 0xaf, 0xff, 0xfe, 0x20, 0x0, 0xaf,
    0xff, 0xff, 0xfe, 0x20, 0x9f, 0xff, 0x62, 0xef,
    0xfe, 0x2, 0xef, 0x60, 0x2, 0xef, 0x60, 0x2,
    0x60, 0x0, 0x2, 0x60, 0x0,

    /* U+00D8 "Ø" */
    0x0, 0x0, 0x0, 0x0, 0x0, 0x0, 0x0, 0x0,
    0x78, 0x30, 0x0, 0x0, 0x0, 0x0, 0x0, 0x0,
    0x0, 0xa, 0xfd, 0x0, 0x0, 0x0, 0x0, 0x5a,
    0xdf, 0xfe, 0xb6, 0x7f, 0xf2, 0x0, 0x0, 0x0,
    0x4d, 0xff, 0xff, 0xff, 0xff, 0xff, 0x60, 0x0,
    0x0, 0x7, 0xff, 0xff, 0xff, 0xff, 0xff, 0xff,
    0xa0, 0x0, 0x0, 0x6f, 0xff, 0xfe, 0x85, 0x57,
    0xff, 0xff, 0xf9, 0x0, 0x1, 0xff, 0xff, 0xa0,
    0x0, 0x4, 0xff, 0xff, 0xff, 0x40, 0x8, 0xff,
    0xfc, 0x0, 0x0, 0x1e, 0xf8, 0x8f, 0xff, 0xb0,
    0xd, 0xff, 0xf4, 0x0, 0x0, 0xaf, 0xc0, 0xf,
    0xff, 0xf1, 0xf, 0xff, 0xf0, 0x0, 0x6, 0xff,
    0x20, 0xb, 0xff, 0xf3, 0xf, 0xff, 0xe0, 0x0,
    0x2f, 0xf6, 0x0, 0xa, 0xff, 0xf4, 0xf, 0xff,
    0xf0, 0x0, 0xcf, 0xa0, 0x0, 0xb, 0xff, 0xf3,
    0xd, 0xff, 0xf3, 0x8, 0xfe, 0x10, 0x0, 0xf,
    0xff, 0xf1, 0x8, 0xff, 0xfb, 0x4f, 0xf4, 0x0,
    0x0, 0x8f, 0xff, 0xb0, 0x1, 0xff, 0xff, 0xff,
    0x80, 0x0, 0x6, 0xff, 0xff, 0x40, 0x0, 0x6f,
    0xff, 0xff, 0x85, 0x57, 0xcf, 0xff, 0xfa, 0x0,
    0x0, 0x8, 0xff, 0xff, 0xff, 0xff, 0xff, 0xff,
    0xb0, 0x0, 0x0, 0x2, 0xff, 0xff, 0xff, 0xff,
    0xff, 0xf7, 0x0, 0x0, 0x0, 0xd, 0xfa, 0x5a,
    0xdf, 0xfe, 0xb7, 0x10, 0x0, 0x0, 0x0, 0x9f,
    0xe0, 0x0, 0x0, 0x0, 0x0, 0x0, 0x0, 0x0,
    0x0, 0x78, 0x30, 0x0, 0x0, 0x0, 0x0, 0x0,
    0x0, 0x0,

    /* U+00D9 "Ù" */
    0x0, 0x2, 0x78, 0x85, 0x0, 0x0, 0x0, 0x0,
    0x0, 0x0, 0x4, 0xef, 0xf7, 0x0, 0x0, 0x0,
    0x0, 0x0, 0x0, 0x1, 0xaf, 0xf9, 0x0, 0x0,
    0x0, 0x0, 0x0, 0x0, 0x0, 0x58, 0x83, 0x0,
    0x0, 0x0, 0x0, 0x0, 0x0, 0x0, 0x0, 0x0,
    0x0, 0x0, 0x2, 0xff, 0xfb, 0x0, 0x0, 0x0,
    0xc, 0xff, 0xf1, 0x2f, 0xff, 0xb0, 0x0, 0x0,
    0x0, 0xcf, 0xff, 0x12, 0xff, 0xfb, 0x0, 0x0,
    0x0, 0xc, 0xff, 0xf1, 0x2f, 0xff, 0xb0, 0x0,
    0x0, 0x0, 0xcf, 0xff, 0x12, 0xff, 0xfb, 0x0,
    0x0, 0x0, 0xc, 0xff, 0xf1, 0x2f, 0xff, 0xb0,
    0x0, 0x0, 0x0, 0xcf, 0xff, 0x12, 0xff, 0xfb,
    0x0, 0x0, 0x0, 0xc, 0xff, 0xf1, 0x2f, 0xff,
    0xb0, 0x0, 0x0, 0x0, 0xcf, 0xff, 0x12, 0xff,
    0xfb, 0x0, 0x0, 0x0, 0xc, 0xff, 0xf1, 0x2f,
    0xff, 0xb0, 0x0, 0x0, 0x0, 0xcf, 0xff, 0x1,
    0xff, 0xfd, 0x0, 0x0, 0x0, 0xe, 0xff, 0xf0,
    0xe, 0xff, 0xf1, 0x0, 0x0, 0x2, 0xff, 0xfd,
    0x0, 0xaf, 0xff, 0x90, 0x0, 0x0, 0xaf, 0xff,
    0x90, 0x3, 0xff, 0xff, 0xc6, 0x46, 0xcf, 0xff,
    0xf2, 0x0, 0x8, 0xff, 0xff, 0xff, 0xff, 0xff,
    0xf7, 0x0, 0x0, 0x8, 0xff, 0xff, 0xff, 0xff,
    0xf7, 0x0, 0x0, 0x0, 0x2, 0x8c, 0xef, 0xec,
    0x81, 0x0, 0x0,

    /* U+00DA "Ú" */
    0x0, 0x0, 0x0, 0x0, 0x5, 0x88, 0x71, 0x0,
    0x0, 0x0, 0x0, 0x0, 0x8, 0xff, 0xd3, 0x0,
    0x0, 0x0, 0x0, 0x0, 0x9, 0xff, 0x90, 0x0,
    0x0, 0x0, 0x0, 0x0, 0x3, 0x88, 0x40, 0x0,
    0x0, 0x0, 0x0, 0x0, 0x0, 0x0, 0x0, 0x0,
    0x0, 0x0, 0x2, 0xff, 0xfb, 0x0, 0x0, 0x0,
    0xc, 0xff, 0xf1, 0x2f, 0xff, 0xb0, 0x0, 0x0,
    0x0, 0xcf, 0xff, 0x12, 0xff, 0xfb, 0x0, 0x0,
    0x0, 0xc, 0xff, 0xf1, 0x2f, 0xff, 0xb0, 0x0,
    0x0, 0x0, 0xcf, 0xff, 0x12, 0xff, 0xfb, 0x0,
    0x0, 0x0, 0xc, 0xff, 0xf1, 0x2f, 0xff, 0xb0,
    0x0, 0x0, 0x0, 0xcf, 0xff, 0x12, 0xff, 0xfb,
    0x0, 0x0, 0x0, 0xc, 0xff, 0xf1, 0x2f, 0xff,
    0xb0, 0x0, 0x0, 0x0, 0xcf, 0xff, 0x12, 0xff,
    0xfb, 0x0, 0x0, 0x0, 0xc, 0xff, 0xf1, 0x2f,
    0xff, 0xb0, 0x0, 0x0, 0x0, 0xcf, 0xff, 0x1,
    0xff, 0xfd, 0x0, 0x0, 0x0, 0xe, 0xff, 0xf0,
    0xe, 0xff, 0xf1, 0x0, 0x0, 0x2, 0xff, 0xfd,
    0x0, 0xaf, 0xff, 0x90, 0x0, 0x0, 0xaf, 0xff,
    0x90, 0x3, 0xff, 0xff, 0xc6, 0x46, 0xcf, 0xff,
    0xf2, 0x0, 0x8, 0xff, 0xff, 0xff, 0xff, 0xff,
    0xf7, 0x0, 0x0, 0x8, 0xff, 0xff, 0xff, 0xff,
    0xf7, 0x0, 0x0, 0x0, 0x2, 0x8c, 0xef, 0xec,
    0x81, 0x0, 0x0,

    /* U+00DB "Û" */
    0x0, 0x0, 0x0, 0x38, 0x88, 0x30, 0x0, 0x0,
    0x0, 0x0, 0x0, 0x4f, 0xff, 0xff, 0x30, 0x0,
    0x0, 0x0, 0x0, 0x5f, 0xfa, 0x1b, 0xff, 0x40,
    0x0, 0x0, 0x0, 0x7, 0x85, 0x0, 0x6, 0x87,
    0x0, 0x0, 0x0, 0x0, 0x0, 0x0, 0x0, 0x0,
    0x0, 0x0, 0x2, 0xff, 0xfb, 0x0, 0x0, 0x0,
    0xc, 0xff, 0xf1, 0x2f, 0xff, 0xb0, 0x0, 0x0,
    0x0, 0xcf, 0xff, 0x12, 0xff, 0xfb, 0x0, 0x0,
    0x0, 0xc, 0xff, 0xf1, 0x2f, 0xff, 0xb0, 0x0,
    0x0, 0x0, 0xcf, 0xff, 0x12, 0xff, 0xfb, 0x0,
    0x0, 0x0, 0xc, 0xff, 0xf1, 0x2f, 0xff, 0xb0,
    0x0, 0x0, 0x0, 0xcf, 0xff, 0x12, 0xff, 0xfb,
    0x0, 0x0, 0x0, 0xc, 0xff, 0xf1, 0x2f, 0xff,
    0xb0, 0x0, 0x0, 0x0, 0xcf, 0xff, 0x12, 0xff,
    0xfb, 0x0, 0x0, 0x0, 0xc, 0xff, 0xf1, 0x2f,
    0xff, 0xb0, 0x0, 0x0, 0x0, 0xcf, 0xff, 0x1,
    0xff, 0xfd, 0x0, 0x0, 0x0, 0xe, 0xff, 0xf0,
    0xe, 0xff, 0xf1, 0x0, 0x0, 0x2, 0xff, 0xfd,
    0x0, 0xaf, 0xff, 0x90, 0x0, 0x0, 0xaf, 0xff,
    0x90, 0x3, 0xff, 0xff, 0xc6, 0x46, 0xcf, 0xff,
    0xf2, 0x0, 0x8, 0xff, 0xff, 0xff, 0xff, 0xff,
    0xf7, 0x0, 0x0, 0x8, 0xff, 0xff, 0xff, 0xff,
    0xf7, 0x0, 0x0, 0x0, 0x2, 0x8c, 0xef, 0xec,
    0x81, 0x0, 0x0,

    /* U+00DC "Ü" */
    0x0, 0x0, 0x2d, 0xe3, 0x4, 0xed, 0x20, 0x0,
    0x0, 0x0, 0x9, 0xff, 0xa0, 0xbf, 0xf8, 0x0,
    0x0, 0x0, 0x0, 0x5f, 0xf6, 0x7, 0xff, 0x40,
    0x0, 0x0, 0x0, 0x0, 0x22, 0x0, 0x3, 0x20,
    0x0, 0x0, 0x0, 0x0, 0x0, 0x0, 0x0, 0x0,
    0x0, 0x0, 0x2, 0xff, 0xfb, 0x0, 0x0, 0x0,
    0xc, 0xff, 0xf1, 0x2f, 0xff, 0xb0, 0x0, 0x0,
    0x0, 0xcf, 0xff, 0x12, 0xff, 0xfb, 0x0, 0x0,
    0x0, 0xc, 0xff, 0xf1, 0x2f, 0xff, 0xb0, 0x0,
    0x0, 0x0, 0xcf, 0xff, 0x12, 0xff, 0xfb, 0x0,
    0x0, 0x0, 0xc, 0xff, 0xf1, 0x2f, 0xff, 0xb0,
    0x0, 0x0, 0x0, 0xcf, 0xff, 0x12, 0xff, 0xfb,
    0x0, 0x0, 0x0, 0xc, 0xff, 0xf1, 0x2f, 0xff,
    0xb0, 0x0, 0x0, 0x0, 0xcf, 0xff, 0x12, 0xff,
    0xfb, 0x0, 0x0, 0x0, 0xc, 0xff, 0xf1, 0x2f,
    0xff, 0xb0, 0x0, 0x0, 0x0, 0xcf, 0xff, 0x1,
    0xff, 0xfd, 0x0, 0x0, 0x0, 0xe, 0xff, 0xf0,
    0xe, 0xff, 0xf1, 0x0, 0x0, 0x2, 0xff, 0xfd,
    0x0, 0xaf, 0xff, 0x90, 0x0, 0x0, 0xaf, 0xff,
    0x90, 0x3, 0xff, 0xff, 0xc6, 0x46, 0xcf, 0xff,
    0xf2, 0x0, 0x8, 0xff, 0xff, 0xff, 0xff, 0xff,
    0xf7, 0x0, 0x0, 0x8, 0xff, 0xff, 0xff, 0xff,
    0xf7, 0x0, 0x0, 0x0, 0x2, 0x8c, 0xef, 0xec,
    0x81, 0x0, 0x0,

    /* U+00DD "Ý" */
    0x0, 0x0, 0x0, 0x0, 0x0, 0x12, 0x22, 0x0,
    0x0, 0x0, 0x0, 0x0, 0x0, 0x8, 0xff, 0xe5,
    0x0, 0x0, 0x0, 0x0, 0x0, 0x0, 0x9f, 0xfb,
    0x10, 0x0, 0x0, 0x0, 0x0, 0x0, 0x8, 0xdd,
    0x60, 0x0, 0x0, 0x0, 0x0, 0x0, 0x0, 0x0,
    0x0, 0x0, 0x0, 0x0, 0x0, 0x1f, 0xff, 0xf1,
    0x0, 0x0, 0x0, 0x8, 0xff, 0xf4, 0x7, 0xff,
    0xfa, 0x0, 0x0, 0x0, 0x1f, 0xff, 0xb0, 0x0,
    0xdf, 0xff, 0x30, 0x0, 0x0, 0xaf, 0xff, 0x20,
    0x0, 0x4f, 0xff, 0xc0, 0x0, 0x3, 0xff, 0xf8,
    0x0, 0x0, 0xb, 0xff, 0xf5, 0x0, 0xc, 0xff,
    0xe0, 0x0, 0x0, 0x2, 0xff, 0xfd, 0x0, 0x5f,
    0xff, 0x60, 0x0, 0x0, 0x0, 0x8f, 0xff, 0x70,
    0xef, 0xfc, 0x0, 0x0, 0x0, 0x0, 0xe, 0xff,
    0xf9, 0xff, 0xf3, 0x0, 0x0, 0x0, 0x0, 0x6,
    0xff, 0xff, 0xff, 0xa0, 0x0, 0x0, 0x0, 0x0,
    0x0, 0xcf, 0xff, 0xff, 0x10, 0x0, 0x0, 0x0,
    0x0, 0x0, 0x3f, 0xff, 0xf8, 0x0, 0x0, 0x0,
    0x0, 0x0, 0x0, 0xf, 0xff, 0xf1, 0x0, 0x0,
    0x0, 0x0, 0x0, 0x0, 0xd, 0xff, 0xf1, 0x0,
    0x0, 0x0, 0x0, 0x0, 0x0, 0xd, 0xff, 0xf1,
    0x0, 0x0, 0x0, 0x0, 0x0, 0x0, 0xd, 0xff,
    0xf1, 0x0, 0x0, 0x0, 0x0, 0x0, 0x0, 0xd,
    0xff, 0xf1, 0x0, 0x0, 0x0, 0x0, 0x0, 0x0,
    0xd, 0xff, 0xf1, 0x0, 0x0, 0x0,

    /* U+00DE "Þ" */
    0xf, 0xff, 0xe0, 0x0, 0x0, 0x0, 0x0, 0x0,
    0xf, 0xff, 0xe0, 0x0, 0x0, 0x0, 0x0, 0x0,
    0xf, 0xff, 0xff, 0xff, 0xfe, 0xc7, 0x10, 0x0,
    0xf, 0xff, 0xff, 0xff, 0xff, 0xff, 0xf6, 0x0,
    0xf, 0xff, 0xff, 0xff, 0xff, 0xff, 0xff, 0x50,
    0xf, 0xff, 0xf2, 0x22, 0x35, 0xcf, 0xff, 0xe0,
    0xf, 0xff, 0xe0, 0x0, 0x0, 0xd, 0xff, 0xf5,
    0xf, 0xff, 0xe0, 0x0, 0x0, 0x7, 0xff, 0xf7,
    0xf, 0xff, 0xe0, 0x0, 0x0, 0x7, 0xff, 0xf8,
    0xf, 0xff, 0xe0, 0x0, 0x0, 0xc, 0xff, 0xf5,
    0xf, 0xff, 0xe0, 0x0, 0x3, 0xaf, 0xff, 0xf1,
    0xf, 0xff, 0xff, 0xff, 0xff, 0xff, 0xff, 0x70,
    0xf, 0xff, 0xff, 0xff, 0xff, 0xff, 0xf8, 0x0,
    0xf, 0xff, 0xff, 0xff, 0xff, 0xe9, 0x30, 0x0,
    0xf, 0xff, 0xf2, 0x22, 0x10, 0x0, 0x0, 0x0,
    0xf, 0xff, 0xe0, 0x0, 0x0, 0x0, 0x0, 0x0,
    0xf, 0xff, 0xe0, 0x0, 0x0, 0x0, 0x0, 0x0,

    /* U+00DF "ß" */
    0x0, 0x0, 0x0, 0x0, 0x0, 0x0, 0x0, 0x0,
    0x0, 0x17, 0xce, 0xfe, 0xb5, 0x0, 0x0, 0x0,
    0x4e, 0xff, 0xff, 0xff, 0xfb, 0x0, 0x0, 0x2f,
    0xff, 0xff, 0xff, 0xff, 0xf9, 0x0, 0xa, 0xff,
    0xf9, 0x20, 0x4e, 0xff, 0xf1, 0x0, 0xff, 0xfc,
    0x0, 0x0, 0x6f, 0xff, 0x50, 0x2f, 0xff, 0x80,
    0x0, 0x4, 0xff, 0xf5, 0x4, 0xff, 0xf7, 0x0,
    0x0, 0x7f, 0xff, 0x20, 0x4f, 0xff, 0x70, 0x1,
    0x6f, 0xff, 0xb0, 0x4, 0xff, 0xf7, 0x2, 0xff,
    0xff, 0xf1, 0x0, 0x4f, 0xff, 0x70, 0x2f, 0xff,
    0xff, 0xc2, 0x4, 0xff, 0xf7, 0x1, 0xff, 0xff,
    0xff, 0xe1, 0x4f, 0xff, 0x70, 0x0, 0x2, 0xbf,
    0xff, 0x94, 0xff, 0xf7, 0x0, 0x0, 0x0, 0xff,
    0xfc, 0x4f, 0xff, 0x70, 0x0, 0x0, 0xf, 0xff,
    0xc4, 0xff, 0xf7, 0x2, 0x11, 0x3b, 0xff, 0xfa,
    0x4f, 0xff, 0x70, 0xbf, 0xff, 0xff, 0xff, 0x34,
    0xff, 0xf7, 0xd, 0xff, 0xff, 0xff, 0x50, 0x4f,
    0xff, 0x70, 0xbe, 0xff, 0xd8, 0x20, 0x0,

    /* U+00E0 "à" */
    0x0, 0x3e, 0xff, 0xb0, 0x0, 0x0, 0x0, 0x0,
    0x1, 0xcf, 0xfa, 0x0, 0x0, 0x0, 0x0, 0x0,
    0xa, 0xff, 0x90, 0x0, 0x0, 0x0, 0x0, 0x0,
    0x58, 0x82, 0x0, 0x0, 0x0, 0x0, 0x0, 0x0,
    0x0, 0x0, 0x0, 0x0, 0x17, 0xbe, 0xff, 0xda,
    0x30, 0x0, 0x5, 0xff, 0xff, 0xff, 0xff, 0xf9,
    0x0, 0x2, 0xff, 0xff, 0xff, 0xff, 0xff, 0x60,
    0x0, 0xac, 0x50, 0x1, 0x9f, 0xff, 0xd0, 0x0,
    0x10, 0x0, 0x0, 0xd, 0xff, 0xf0, 0x0, 0x0,
    0x1, 0x22, 0x2c, 0xff, 0xf2, 0x0, 0x5c, 0xff,
    0xff, 0xff, 0xff, 0xf2, 0x7, 0xff, 0xff, 0xff,
    0xff, 0xff, 0xf2, 0xf, 0xff, 0xd3, 0x0, 0x9,
    0xff, 0xf2, 0x1f, 0xff, 0x90, 0x0, 0xf, 0xff,
    0xf2, 0xe, 0xff, 0xf8, 0x56, 0xdf, 0xff, 0xf2,
    0x4, 0xff, 0xff, 0xff, 0xfd, 0xff, 0xf2, 0x0,
    0x2a, 0xef, 0xec, 0x55, 0xff, 0xf2,

    /* U+00E1 "á" */
    0x0, 0x0, 0x0, 0x2, 0xef, 0xfb, 0x10, 0x0,
    0x0, 0x0, 0x1e, 0xff, 0x80, 0x0, 0x0, 0x0,
    0x1, 0xdf, 0xf5, 0x0, 0x0, 0x0, 0x0, 0x5,
    0x88, 0x20, 0x0, 0x0, 0x0, 0x0, 0x0, 0x0,
    0x0, 0x0, 0x0, 0x0, 0x17, 0xbe, 0xff, 0xda,
    0x30, 0x0, 0x5, 0xff, 0xff, 0xff, 0xff, 0xf9,
    0x0, 0x2, 0xff, 0xff, 0xff, 0xff, 0xff, 0x60,
    0x0, 0xac, 0x50, 0x1, 0x9f, 0xff, 0xd0, 0x0,
    0x10, 0x0, 0x0, 0xd, 0xff, 0xf0, 0x0, 0x0,
    0x1, 0x22, 0x2c, 0xff, 0xf2, 0x0, 0x5c, 0xff,
    0xff, 0xff, 0xff, 0xf2, 0x7, 0xff, 0xff, 0xff,
    0xff, 0xff, 0xf2, 0xf, 0xff, 0xd3, 0x0, 0x9,
    0xff, 0xf2, 0x1f, 0xff, 0x90, 0x0, 0xf, 0xff,
    0xf2, 0xe, 0xff, 0xf8, 0x56, 0xdf, 0xff, 0xf2,
    0x4, 0xff, 0xff, 0xff, 0xfd, 0xff, 0xf2, 0x0,
    0x2a, 0xef, 0xec, 0x55, 0xff, 0xf2,

    /* U+00E2 "â" */
    0x0, 0x0, 0xc, 0xff, 0xf6, 0x0, 0x0, 0x0,
    0x0, 0xaf, 0xff, 0xff, 0x50, 0x0, 0x0, 0x9,
    0xff, 0x50, 0xaf, 0xf4, 0x0, 0x0, 0x28, 0x84,
    0x0, 0x6, 0x87, 0x0, 0x0, 0x0, 0x0, 0x0,
    0x0, 0x0, 0x0, 0x0, 0x17, 0xbe, 0xff, 0xda,
    0x30, 0x0, 0x5, 0xff, 0xff, 0xff, 0xff, 0xf9,
    0x0, 0x2, 0xff, 0xff, 0xff, 0xff, 0xff, 0x60,
    0x0, 0xac, 0x50, 0x1, 0x9f, 0xff, 0xd0, 0x0,
    0x10, 0x0, 0x0, 0xd, 0xff, 0xf0, 0x0, 0x0,
    0x1, 0x22, 0x2c, 0xff, 0xf2, 0x0, 0x5c, 0xff,
    0xff, 0xff, 0xff, 0xf2, 0x7, 0xff, 0xff, 0xff,
    0xff, 0xff, 0xf2, 0xf, 0xff, 0xd3, 0x0, 0x9,
    0xff, 0xf2, 0x1f, 0xff, 0x90, 0x0, 0xf, 0xff,
    0xf2, 0xe, 0xff, 0xf8, 0x56, 0xdf, 0xff, 0xf2,
    0x4, 0xff, 0xff, 0xff, 0xfd, 0xff, 0xf2, 0x0,
    0x2a, 0xef, 0xec, 0x55, 0xff, 0xf2,

    /* U+00E3 "ã" */
    0x0, 0x2, 0xcf, 0xd7, 0x13, 0xfd, 0x0, 0x0,
    0xd, 0xff, 0xff, 0xff, 0xf9, 0x0, 0x0, 0x2f,
    0xd3, 0x5c, 0xff, 0xb1, 0x0, 0x0, 0x2, 0x10,
    0x0, 0x0, 0x0, 0x0, 0x0, 0x0, 0x0, 0x0,
    0x0, 0x0, 0x0, 0x0, 0x17, 0xbe, 0xff, 0xda,
    0x30, 0x0, 0x5, 0xff, 0xff, 0xff, 0xff, 0xf9,
    0x0, 0x2, 0xff, 0xff, 0xff, 0xff, 0xff, 0x60,
    0x0, 0xac, 0x50, 0x1, 0x9f, 0xff, 0xd0, 0x0,
    0x10, 0x0, 0x0, 0xd, 0xff, 0xf0, 0x0, 0x0,
    0x1, 0x22, 0x2c, 0xff, 0xf2, 0x0, 0x5c, 0xff,
    0xff, 0xff, 0xff, 0xf2, 0x7, 0xff, 0xff, 0xff,
    0xff, 0xff, 0xf2, 0xf, 0xff, 0xd3, 0x0, 0x9,
    0xff, 0xf2, 0x1f, 0xff, 0x90, 0x0, 0xf, 0xff,
    0xf2, 0xe, 0xff, 0xf8, 0x56, 0xdf, 0xff, 0xf2,
    0x4, 0xff, 0xff, 0xff, 0xfd, 0xff, 0xf2, 0x0,
    0x2a, 0xef, 0xec, 0x55, 0xff, 0xf2,

    /* U+00E4 "ä" */
    0x0, 0x4, 0xed, 0x20, 0x6f, 0xc1, 0x0, 0x0,
    0xb, 0xff, 0x70, 0xdf, 0xf5, 0x0, 0x0, 0x7,
    0xff, 0x40, 0x9f, 0xf2, 0x0, 0x0, 0x0, 0x32,
    0x0, 0x3, 0x10, 0x0, 0x0, 0x0, 0x0, 0x0,
    0x0, 0x0, 0x0, 0x0, 0x17, 0xbe, 0xff, 0xda,
    0x30, 0x0, 0x5, 0xff, 0xff, 0xff, 0xff, 0xf9,
    0x0, 0x2, 0xff, 0xff, 0xff, 0xff, 0xff, 0x60,
    0x0, 0xac, 0x50, 0x1, 0x9f, 0xff, 0xd0, 0x0,
    0x10, 0x0, 0x0, 0xd, 0xff, 0xf0, 0x0, 0x0,
    0x1, 0x22, 0x2c, 0xff, 0xf2, 0x0, 0x5c, 0xff,
    0xff, 0xff, 0xff, 0xf2, 0x7, 0xff, 0xff, 0xff,
    0xff, 0xff, 0xf2, 0xf, 0xff, 0xd3, 0x0, 0x9,
    0xff, 0xf2, 0x1f, 0xff, 0x90, 0x0, 0xf, 0xff,
    0xf2, 0xe, 0xff, 0xf8, 0x56, 0xdf, 0xff, 0xf2,
    0x4, 0xff, 0xff, 0xff, 0xfd, 0xff, 0xf2, 0x0,
    0x2a, 0xef, 0xec, 0x55, 0xff, 0xf2,

    /* U+00E5 "å" */
    0x0, 0x0, 0x0, 0x1, 0x0, 0x0, 0x0, 0x0,
    0x0, 0x6, 0xff, 0xc2, 0x0, 0x0, 0x0, 0x0,
    0x3f, 0xa5, 0xed, 0x0, 0x0, 0x0, 0x0, 0x9f,
    0x0, 0x5f, 0x30, 0x0, 0x0, 0x0, 0x9e, 0x0,
    0x4f, 0x30, 0x0, 0x0, 0x0, 0x5f, 0x72, 0xce,
    0x0, 0x0, 0x0, 0x0, 0x9, 0xff, 0xf4, 0x0,
    0x0, 0x0, 0x0, 0x0, 0x24, 0x0, 0x0, 0x0,
    0x0, 0x17, 0xbe, 0xff, 0xda, 0x30, 0x0, 0x5,
    0xff, 0xff, 0xff, 0xff, 0xf9, 0x0, 0x2, 0xff,
    0xff, 0xff, 0xff, 0xff, 0x60, 0x0, 0xac, 0x50,
    0x1, 0x9f, 0xff, 0xd0, 0x0, 0x10, 0x0, 0x0,
    0xd, 0xff, 0xf0, 0x0, 0x0, 0x1, 0x22, 0x2c,
    0xff, 0xf2, 0x0, 0x5c, 0xff, 0xff, 0xff, 0xff,
    0xf2, 0x7, 0xff, 0xff, 0xff, 0xff, 0xff, 0xf2,
    0xf, 0xff, 0xd3, 0x0, 0x9, 0xff, 0xf2, 0x1f,
    0xff, 0x90, 0x0, 0xf, 0xff, 0xf2, 0xe, 0xff,
    0xf8, 0x56, 0xdf, 0xff, 0xf2, 0x4, 0xff, 0xff,
    0xff, 0xfd, 0xff, 0xf2, 0x0, 0x2a, 0xef, 0xec,
    0x55, 0xff, 0xf2,

    /* U+00E6 "æ" */
    0x0, 0x17, 0xbe, 0xff, 0xd9, 0x20, 0x5, 0xbe,
    0xfe, 0xb5, 0x0, 0x0, 0x5, 0xff, 0xff, 0xff,
    0xff, 0xf7, 0xcf, 0xff, 0xff, 0xff, 0xc1, 0x0,
    0x1, 0xff, 0xff, 0xff, 0xff, 0xff, 0xff, 0xff,
    0xff, 0xff, 0xfd, 0x0, 0x0, 0x78, 0x30, 0x1,
    0x9f, 0xff, 0xff, 0x81, 0x2, 0xaf, 0xff, 0x80,
    0x0, 0x0, 0x0, 0x0, 0xc, 0xff, 0xf9, 0x0,
    0x0, 0xc, 0xff, 0xd0, 0x0, 0x18, 0xde, 0xff,
    0xff, 0xff, 0xff, 0xff, 0xff, 0xff, 0xff, 0xf0,
    0x3, 0xff, 0xff, 0xff, 0xff, 0xff, 0xff, 0xff,
    0xff, 0xff, 0xff, 0xf1, 0xd, 0xff, 0xf6, 0x32,
    0x2b, 0xff, 0xf7, 0x22, 0x22, 0x22, 0x22, 0x20,
    0xf, 0xff, 0x90, 0x0, 0xa, 0xff, 0xfa, 0x0,
    0x0, 0x0, 0x10, 0x0, 0xf, 0xff, 0xb0, 0x0,
    0x2f, 0xff, 0xff, 0xa2, 0x0, 0x4c, 0xd1, 0x0,
    0xb, 0xff, 0xfc, 0x89, 0xff, 0xff, 0xff, 0xff,
    0xff, 0xff, 0xfc, 0x0, 0x2, 0xef, 0xff, 0xff,
    0xff, 0x91, 0xcf, 0xff, 0xff, 0xff, 0xf8, 0x0,
    0x0, 0x7, 0xcf, 0xfe, 0xa4, 0x0, 0x5, 0xae,
    0xff, 0xd9, 0x20, 0x0,

    /* U+00E7 "ç" */
    0x0, 0x0, 0x49, 0xdf, 0xfd, 0x82, 0x0, 0x0,
    0x1a, 0xff, 0xff, 0xff, 0xff, 0x60, 0x0, 0xcf,
    0xff, 0xff, 0xff, 0xff, 0xf4, 0x7, 0xff, 0xfe,
    0x51, 0x17, 0xff, 0xe5, 0xe, 0xff, 0xf2, 0x0,
    0x0, 0x57, 0x0, 0x1f, 0xff, 0xb0, 0x0, 0x0,
    0x0, 0x0, 0x3f, 0xff, 0x90, 0x0, 0x0, 0x0,
    0x0, 0x1f, 0xff, 0xb0, 0x0, 0x0, 0x0, 0x0,
    0xe, 0xff, 0xf2, 0x0, 0x0, 0x46, 0x0, 0x7,
    0xff, 0xfe, 0x50, 0x16, 0xff, 0xd4, 0x0, 0xcf,
    0xff, 0xff, 0xff, 0xff, 0xf4, 0x0, 0x1a, 0xff,
    0xff, 0xff, 0xff, 0x60, 0x0, 0x0, 0x49, 0xff,
    0xfd, 0x82, 0x0, 0x0, 0x0, 0x0, 0xdf, 0x20,
    0x0, 0x0, 0x0, 0x0, 0x1, 0xff, 0xf7, 0x0,
    0x0, 0x0, 0x0, 0x0, 0x6, 0xff, 0x0, 0x0,
    0x0, 0x0, 0x4e, 0xce, 0xfe, 0x0, 0x0, 0x0,
    0x0, 0x5d, 0xfe, 0xa2, 0x0, 0x0,

    /* U+00E8 "è" */
    0x0, 0x1c, 0xff, 0xe1, 0x0, 0x0, 0x0, 0x0,
    0x0, 0x9, 0xff, 0xd1, 0x0, 0x0, 0x0, 0x0,
    0x0, 0x6, 0xff, 0xc0, 0x0, 0x0, 0x0, 0x0,
    0x0, 0x3, 0x88, 0x40, 0x0, 0x0, 0x0, 0x0,
    0x0, 0x0, 0x0, 0x0, 0x0, 0x0, 0x0, 0x4,
    0xad, 0xfe, 0xc7, 0x10, 0x0, 0x0, 0x1b, 0xff,
    0xff, 0xff, 0xfe, 0x40, 0x0, 0xc, 0xff, 0xff,
    0xde, 0xff, 0xff, 0x30, 0x7, 0xff, 0xf9, 0x0,
    0x4, 0xef, 0xfc, 0x0, 0xef, 0xfc, 0x0, 0x0,
    0x5, 0xff, 0xf2, 0x1f, 0xff, 0xff, 0xff, 0xff,
    0xff, 0xff, 0x43, 0xff, 0xff, 0xff, 0xff, 0xff,
    0xff, 0xf5, 0x1f, 0xff, 0xb2, 0x22, 0x22, 0x22,
    0x22, 0x0, 0xef, 0xfe, 0x10, 0x0, 0x0, 0x20,
    0x0, 0x7, 0xff, 0xfd, 0x40, 0x2, 0x9f, 0x30,
    0x0, 0xc, 0xff, 0xff, 0xff, 0xff, 0xfe, 0x20,
    0x0, 0x1a, 0xff, 0xff, 0xff, 0xff, 0xb1, 0x0,
    0x0, 0x3, 0x9d, 0xff, 0xea, 0x50, 0x0,

    /* U+00E9 "é" */
    0x0, 0x0, 0x0, 0x0, 0xcf, 0xfd, 0x20, 0x0,
    0x0, 0x0, 0x0, 0xbf, 0xfb, 0x10, 0x0, 0x0,
    0x0, 0x0, 0xaf, 0xf8, 0x0, 0x0, 0x0, 0x0,
    0x0, 0x28, 0x85, 0x0, 0x0, 0x0, 0x0, 0x0,
    0x0, 0x0, 0x0, 0x0, 0x0, 0x0, 0x0, 0x4,
    0xad, 0xfe, 0xc7, 0x10, 0x0, 0x0, 0x1b, 0xff,
    0xff, 0xff, 0xfe, 0x40, 0x0, 0xc, 0xff, 0xff,
    0xde, 0xff, 0xff, 0x30, 0x7, 0xff, 0xf9, 0x0,
    0x4, 0xef, 0xfc, 0x0, 0xef, 0xfc, 0x0, 0x0,
    0x5, 0xff, 0xf2, 0x1f, 0xff, 0xff, 0xff, 0xff,
    0xff, 0xff, 0x43, 0xff, 0xff, 0xff, 0xff, 0xff,
    0xff, 0xf5, 0x1f, 0xff, 0xb2, 0x22, 0x22, 0x22,
    0x22, 0x0, 0xef, 0xfe, 0x10, 0x0, 0x0, 0x20,
    0x0, 0x7, 0xff, 0xfd, 0x40, 0x2, 0x9f, 0x30,
    0x0, 0xc, 0xff, 0xff, 0xff, 0xff, 0xfe, 0x20,
    0x0, 0x1a, 0xff, 0xff, 0xff, 0xff, 0xb1, 0x0,
    0x0, 0x3, 0x9d, 0xff, 0xea, 0x50, 0x0,

    /* U+00EA "ê" */
    0x0, 0x0, 0x8, 0xff, 0xfa, 0x0, 0x0, 0x0,
    0x0, 0x6, 0xff, 0xff, 0xf9, 0x0, 0x0, 0x0,
    0x5, 0xff, 0x90, 0x7f, 0xf7, 0x0, 0x0, 0x0,
    0x78, 0x60, 0x0, 0x48, 0x71, 0x0, 0x0, 0x0,
    0x0, 0x0, 0x0, 0x0, 0x0, 0x0, 0x0, 0x4,
    0xad, 0xfe, 0xc7, 0x10, 0x0, 0x0, 0x1b, 0xff,
    0xff, 0xff, 0xfe, 0x40, 0x0, 0xc, 0xff, 0xff,
    0xde, 0xff, 0xff, 0x30, 0x7, 0xff, 0xf9, 0x0,
    0x4, 0xef, 0xfc, 0x0, 0xef, 0xfc, 0x0, 0x0,
    0x5, 0xff, 0xf2, 0x1f, 0xff, 0xff, 0xff, 0xff,
    0xff, 0xff, 0x43, 0xff, 0xff, 0xff, 0xff, 0xff,
    0xff, 0xf5, 0x1f, 0xff, 0xb2, 0x22, 0x22, 0x22,
    0x22, 0x0, 0xef, 0xfe, 0x10, 0x0, 0x0, 0x20,
    0x0, 0x7, 0xff, 0xfd, 0x40, 0x2, 0x9f, 0x30,
    0x0, 0xc, 0xff, 0xff, 0xff, 0xff, 0xfe, 0x20,
    0x0, 0x1a, 0xff, 0xff, 0xff, 0xff, 0xb1, 0x0,
    0x0, 0x3, 0x9d, 0xff, 0xea, 0x50, 0x0,

    /* U+00EB "ë" */
    0x0, 0x1, 0xde, 0x50, 0x3e, 0xe3, 0x0, 0x0,
    0x0, 0x7f, 0xfc, 0x9, 0xff, 0xa0, 0x0, 0x0,
    0x3, 0xff, 0x80, 0x5f, 0xf6, 0x0, 0x0, 0x0,
    0x2, 0x30, 0x0, 0x22, 0x0, 0x0, 0x0, 0x0,
    0x0, 0x0, 0x0, 0x0, 0x0, 0x0, 0x0, 0x4,
    0xad, 0xfe, 0xc7, 0x10, 0x0, 0x0, 0x1b, 0xff,
    0xff, 0xff, 0xfe, 0x40, 0x0, 0xc, 0xff, 0xff,
    0xde, 0xff, 0xff, 0x30, 0x7, 0xff, 0xf9, 0x0,
    0x4, 0xef, 0xfc, 0x0, 0xef, 0xfc, 0x0, 0x0,
    0x5, 0xff, 0xf2, 0x1f, 0xff, 0xff, 0xff, 0xff,
    0xff, 0xff, 0x43, 0xff, 0xff, 0xff, 0xff, 0xff,
    0xff, 0xf5, 0x1f, 0xff, 0xb2, 0x22, 0x22, 0x22,
    0x22, 0x0, 0xef, 0xfe, 0x10, 0x0, 0x0, 0x20,
    0x0, 0x7, 0xff, 0xfd, 0x40, 0x2, 0x9f, 0x30,
    0x0, 0xc, 0xff, 0xff, 0xff, 0xff, 0xfe, 0x20,
    0x0, 0x1a, 0xff, 0xff, 0xff, 0xff, 0xb1, 0x0,
    0x0, 0x3, 0x9d, 0xff, 0xea, 0x50, 0x0,

    /* U+00EC "ì" */
    0x1c, 0xff, 0xe1, 0x0, 0x0, 0x9f, 0xfd, 0x10,
    0x0, 0x6, 0xff, 0xc0, 0x0, 0x0, 0x38, 0x84,
    0x0, 0x0, 0x0, 0x0, 0x0, 0x4, 0xff, 0xf7,
    0x0, 0x4, 0xff, 0xf7, 0x0, 0x4, 0xff, 0xf7,
    0x0, 0x4, 0xff, 0xf7, 0x0, 0x4, 0xff, 0xf7,
    0x0, 0x4, 0xff, 0xf7, 0x0, 0x4, 0xff, 0xf7,
    0x0, 0x4, 0xff, 0xf7, 0x0, 0x4, 0xff, 0xf7,
    0x0, 0x4, 0xff, 0xf7, 0x0, 0x4, 0xff, 0xf7,
    0x0, 0x4, 0xff, 0xf7, 0x0, 0x4, 0xff, 0xf7,

    /* U+00ED "í" */
    0x0, 0xc, 0xff, 0xe3, 0x0, 0xbf, 0xfb, 0x10,
    0xa, 0xff, 0x90, 0x0, 0x28, 0x85, 0x0, 0x0,
    0x0, 0x0, 0x0, 0x0, 0x4f, 0xff, 0x70, 0x0,
    0x4f, 0xff, 0x70, 0x0, 0x4f, 0xff, 0x70, 0x0,
    0x4f, 0xff, 0x70, 0x0, 0x4f, 0xff, 0x70, 0x0,
    0x4f, 0xff, 0x70, 0x0, 0x4f, 0xff, 0x70, 0x0,
    0x4f, 0xff, 0x70, 0x0, 0x4f, 0xff, 0x70, 0x0,
    0x4f, 0xff, 0x70, 0x0, 0x4f, 0xff, 0x70, 0x0,
    0x4f, 0xff, 0x70, 0x0, 0x4f, 0xff, 0x70, 0x0,

    /* U+00EE "î" */
    0x0, 0x6f, 0xff, 0x90, 0x0, 0x2f, 0xff, 0xff,
    0x50, 0xd, 0xfd, 0x1b, 0xff, 0x23, 0x88, 0x20,
    0x7, 0x85, 0x0, 0x0, 0x0, 0x0, 0x0, 0x4,
    0xff, 0xf7, 0x0, 0x0, 0x4f, 0xff, 0x70, 0x0,
    0x4, 0xff, 0xf7, 0x0, 0x0, 0x4f, 0xff, 0x70,
    0x0, 0x4, 0xff, 0xf7, 0x0, 0x0, 0x4f, 0xff,
    0x70, 0x0, 0x4, 0xff, 0xf7, 0x0, 0x0, 0x4f,
    0xff, 0x70, 0x0, 0x4, 0xff, 0xf7, 0x0, 0x0,
    0x4f, 0xff, 0x70, 0x0, 0x4, 0xff, 0xf7, 0x0,
    0x0, 0x4f, 0xff, 0x70, 0x0, 0x4, 0xff, 0xf7,
    0x0,

    /* U+00EF "ï" */
    0x6f, 0xa0, 0x8f, 0x90, 0xef, 0xf2, 0xff, 0xf1,
    0x9f, 0xd0, 0xbf, 0xc0, 0x2, 0x0, 0x3, 0x0,
    0x0, 0x0, 0x0, 0x0, 0x4, 0xff, 0xf7, 0x0,
    0x4, 0xff, 0xf7, 0x0, 0x4, 0xff, 0xf7, 0x0,
    0x4, 0xff, 0xf7, 0x0, 0x4, 0xff, 0xf7, 0x0,
    0x4, 0xff, 0xf7, 0x0, 0x4, 0xff, 0xf7, 0x0,
    0x4, 0xff, 0xf7, 0x0, 0x4, 0xff, 0xf7, 0x0,
    0x4, 0xff, 0xf7, 0x0, 0x4, 0xff, 0xf7, 0x0,
    0x4, 0xff, 0xf7, 0x0, 0x4, 0xff, 0xf7, 0x0,

    /* U+00F0 "ð" */
    0x0, 0x7a, 0xcd, 0xdb, 0x84, 0x0, 0x0, 0x0,
    0xe, 0xff, 0xff, 0xff, 0xfe, 0xac, 0xd0, 0x0,
    0xbf, 0xff, 0xff, 0xff, 0xff, 0xff, 0x20, 0x4,
    0x41, 0x29, 0xff, 0xff, 0xff, 0x50, 0x0, 0x6,
    0xcf, 0xff, 0xed, 0xff, 0xfd, 0x0, 0x0, 0xdf,
    0xfa, 0x40, 0x9, 0xff, 0xf5, 0x0, 0x5, 0x61,
    0x0, 0x0, 0x3f, 0xff, 0x90, 0x0, 0x17, 0xbd,
    0xda, 0x40, 0xff, 0xfc, 0x0, 0x5e, 0xff, 0xff,
    0xff, 0xbf, 0xff, 0xe0, 0x4f, 0xff, 0xff, 0xff,
    0xff, 0xff, 0xff, 0xd, 0xff, 0xfb, 0x20, 0x29,
    0xff, 0xff, 0xe1, 0xff, 0xfd, 0x0, 0x0, 0xb,
    0xff, 0xfc, 0x3f, 0xff, 0x90, 0x0, 0x0, 0x6f,
    0xff, 0x91, 0xff, 0xfc, 0x0, 0x0, 0x9, 0xff,
    0xf3, 0xc, 0xff, 0xf9, 0x0, 0x7, 0xff, 0xfc,
    0x0, 0x4f, 0xff, 0xff, 0xef, 0xff, 0xff, 0x20,
    0x0, 0x5e, 0xff, 0xff, 0xff, 0xfd, 0x20, 0x0,
    0x0, 0x17, 0xce, 0xfd, 0xb5, 0x0, 0x0,

    /* U+00F1 "ñ" */
    0x0, 0x2, 0xcf, 0xd7, 0x13, 0xfd, 0x0, 0x0,
    0xd, 0xff, 0xff, 0xff, 0xf9, 0x0, 0x0, 0x2f,
    0xe3, 0x5c, 0xff, 0xb1, 0x0, 0x0, 0x2, 0x10,
    0x0, 0x0, 0x0, 0x0, 0x0, 0x0, 0x0, 0x0,
    0x0, 0x0, 0x0, 0x4f, 0xff, 0x43, 0xae, 0xfe,
    0xa3, 0x0, 0x4f, 0xff, 0xbf, 0xff, 0xff, 0xff,
    0x70, 0x4f, 0xff, 0xff, 0xff, 0xff, 0xff, 0xf3,
    0x4f, 0xff, 0xfd, 0x64, 0x6e, 0xff, 0xf9, 0x4f,
    0xff, 0xe1, 0x0, 0x3, 0xff, 0xfc, 0x4f, 0xff,
    0x90, 0x0, 0x0, 0xef, 0xfe, 0x4f, 0xff, 0x70,
    0x0, 0x0, 0xdf, 0xfe, 0x4f, 0xff, 0x70, 0x0,
    0x0, 0xdf, 0xfe, 0x4f, 0xff, 0x70, 0x0, 0x0,
    0xdf, 0xfe, 0x4f, 0xff, 0x70, 0x0, 0x0, 0xdf,
    0xfe, 0x4f, 0xff, 0x70, 0x0, 0x0, 0xdf, 0xfe,
    0x4f, 0xff, 0x70, 0x0, 0x0, 0xdf, 0xfe, 0x4f,
    0xff, 0x70, 0x0, 0x0, 0xdf, 0xfe,

    /* U+00F2 "ò" */
    0x0, 0x9, 0xff, 0xf4, 0x0, 0x0, 0x0, 0x0,
    0x0, 0x6, 0xff, 0xf3, 0x0, 0x0, 0x0, 0x0,
    0x0, 0x3, 0xef, 0xe2, 0x0, 0x0, 0x0, 0x0,
    0x0, 0x1, 0x78, 0x60, 0x0, 0x0, 0x0, 0x0,
    0x0, 0x0, 0x0, 0x0, 0x0, 0x0, 0x0, 0x4,
    0xad, 0xfe, 0xd8, 0x20, 0x0, 0x0, 0x1a, 0xff,
    0xff, 0xff, 0xff, 0x70, 0x0, 0xc, 0xff, 0xff,
    0xff, 0xff, 0xff, 0x80, 0x7, 0xff, 0xfe, 0x51,
    0x27, 0xff, 0xff, 0x30, 0xef, 0xff, 0x20, 0x0,
    0x6, 0xff, 0xf9, 0x1f, 0xff, 0xb0, 0x0, 0x0,
    0xf, 0xff, 0xd3, 0xff, 0xf9, 0x0, 0x0, 0x0,
    0xdf, 0xfe, 0x1f, 0xff, 0xb0, 0x0, 0x0, 0xf,
    0xff, 0xd0, 0xef, 0xff, 0x20, 0x0, 0x6, 0xff,
    0xf9, 0x7, 0xff, 0xfe, 0x51, 0x27, 0xff, 0xff,
    0x30, 0xc, 0xff, 0xff, 0xff, 0xff, 0xff, 0x80,
    0x0, 0x1a, 0xff, 0xff, 0xff, 0xff, 0x70, 0x0,
    0x0, 0x4, 0xad, 0xfe, 0xd8, 0x20, 0x0,

    /* U+00F3 "ó" */
    0x0, 0x0, 0x0, 0x0, 0x9f, 0xff, 0x50, 0x0,
    0x0, 0x0, 0x0, 0x8f, 0xfd, 0x20, 0x0, 0x0,
    0x0, 0x0, 0x6f, 0xfb, 0x10, 0x0, 0x0, 0x0,
    0x0, 0x17, 0x86, 0x0, 0x0, 0x0, 0x0, 0x0,
    0x0, 0x0, 0x0, 0x0, 0x0, 0x0, 0x0, 0x4,
    0xad, 0xfe, 0xd8, 0x20, 0x0, 0x0, 0x1a, 0xff,
    0xff, 0xff, 0xff, 0x70, 0x0, 0xc, 0xff, 0xff,
    0xff, 0xff, 0xff, 0x80, 0x7, 0xff, 0xfe, 0x51,
    0x27, 0xff, 0xff, 0x30, 0xef, 0xff, 0x20, 0x0,
    0x6, 0xff, 0xf9, 0x1f, 0xff, 0xb0, 0x0, 0x0,
    0xf, 0xff, 0xd3, 0xff, 0xf9, 0x0, 0x0, 0x0,
    0xdf, 0xfe, 0x1f, 0xff, 0xb0, 0x0, 0x0, 0xf,
    0xff, 0xd0, 0xef, 0xff, 0x20, 0x0, 0x6, 0xff,
    0xf9, 0x7, 0xff, 0xfe, 0x51, 0x27, 0xff, 0xff,
    0x30, 0xc, 0xff, 0xff, 0xff, 0xff, 0xff, 0x80,
    0x0, 0x1a, 0xff, 0xff, 0xff, 0xff, 0x70, 0x0,
    0x0, 0x4, 0xad, 0xfe, 0xd8, 0x20, 0x0,

    /* U+00F4 "ô" */
    0x0, 0x0, 0x4, 0xff, 0xfd, 0x10, 0x0, 0x0,
    0x0, 0x3, 0xff, 0xff, 0xfc, 0x0, 0x0, 0x0,
    0x2, 0xef, 0xc1, 0x4f, 0xfb, 0x0, 0x0, 0x0,
    0x68, 0x70, 0x0, 0x28, 0x83, 0x0, 0x0, 0x0,
    0x0, 0x0, 0x0, 0x0, 0x0, 0x0, 0x0, 0x4,
    0xad, 0xfe, 0xd8, 0x20, 0x0, 0x0, 0x1a, 0xff,
    0xff, 0xff, 0xff, 0x70, 0x0, 0xc, 0xff, 0xff,
    0xff, 0xff, 0xff, 0x80, 0x7, 0xff, 0xfe, 0x51,
    0x27, 0xff, 0xff, 0x30, 0xef, 0xff, 0x20, 0x0,
    0x6, 0xff, 0xf9, 0x1f, 0xff, 0xb0, 0x0, 0x0,
    0xf, 0xff, 0xd3, 0xff, 0xf9, 0x0, 0x0, 0x0,
    0xdf, 0xfe, 0x1f, 0xff, 0xb0, 0x0, 0x0, 0xf,
    0xff, 0xd0, 0xef, 0xff, 0x20, 0x0, 0x6, 0xff,
    0xf9, 0x7, 0xff, 0xfe, 0x51, 0x27, 0xff, 0xff,
    0x30, 0xc, 0xff, 0xff, 0xff, 0xff, 0xff, 0x80,
    0x0, 0x1a, 0xff, 0xff, 0xff, 0xff, 0x70, 0x0,
    0x0, 0x4, 0xad, 0xfe, 0xd8, 0x20, 0x0,

    /* U+00F5 "õ" */
    0x0, 0x0, 0x0, 0x10, 0x0, 0x12, 0x0, 0x0,
    0x0, 0x9, 0xff, 0xc4, 0xb, 0xf5, 0x0, 0x0,
    0x6, 0xff, 0xff, 0xff, 0xff, 0x10, 0x0, 0x0,
    0xaf, 0x61, 0x7e, 0xfe, 0x50, 0x0, 0x0, 0x1,
    0x20, 0x0, 0x1, 0x0, 0x0, 0x0, 0x0, 0x0,
    0x0, 0x0, 0x0, 0x0, 0x0, 0x0, 0x0, 0x4a,
    0xdf, 0xed, 0x82, 0x0, 0x0, 0x1, 0xaf, 0xff,
    0xff, 0xff, 0xf7, 0x0, 0x0, 0xcf, 0xff, 0xff,
    0xff, 0xff, 0xf8, 0x0, 0x7f, 0xff, 0xe5, 0x12,
    0x7f, 0xff, 0xf3, 0xe, 0xff, 0xf2, 0x0, 0x0,
    0x6f, 0xff, 0x91, 0xff, 0xfb, 0x0, 0x0, 0x0,
    0xff, 0xfd, 0x3f, 0xff, 0x90, 0x0, 0x0, 0xd,
    0xff, 0xe1, 0xff, 0xfb, 0x0, 0x0, 0x0, 0xff,
    0xfd, 0xe, 0xff, 0xf2, 0x0, 0x0, 0x6f, 0xff,
    0x90, 0x7f, 0xff, 0xe5, 0x12, 0x7f, 0xff, 0xf3,
    0x0, 0xcf, 0xff, 0xff, 0xff, 0xff, 0xf8, 0x0,
    0x1, 0xaf, 0xff, 0xff, 0xff, 0xf7, 0x0, 0x0,
    0x0, 0x4a, 0xdf, 0xed, 0x82, 0x0, 0x0,

    /* U+00F6 "ö" */
    0x0, 0x0, 0xbf, 0x80, 0x1c, 0xf6, 0x0, 0x0,
    0x0, 0x3f, 0xff, 0x5, 0xff, 0xd0, 0x0, 0x0,
    0x1, 0xef, 0xc0, 0x2f, 0xf9, 0x0, 0x0, 0x0,
    0x1, 0x30, 0x0, 0x13, 0x0, 0x0, 0x0, 0x0,
    0x0, 0x0, 0x0, 0x0, 0x0, 0x0, 0x0, 0x4,
    0xad, 0xfe, 0xd8, 0x20, 0x0, 0x0, 0x1a, 0xff,
    0xff, 0xff, 0xff, 0x70, 0x0, 0xc, 0xff, 0xff,
    0xff, 0xff, 0xff, 0x80, 0x7, 0xff, 0xfe, 0x51,
    0x27, 0xff, 0xff, 0x30, 0xef, 0xff, 0x20, 0x0,
    0x6, 0xff, 0xf9, 0x1f, 0xff, 0xb0, 0x0, 0x0,
    0xf, 0xff, 0xd3, 0xff, 0xf9, 0x0, 0x0, 0x0,
    0xdf, 0xfe, 0x1f, 0xff, 0xb0, 0x0, 0x0, 0xf,
    0xff, 0xd0, 0xef, 0xff, 0x20, 0x0, 0x6, 0xff,
    0xf9, 0x7, 0xff, 0xfe, 0x51, 0x27, 0xff, 0xff,
    0x30, 0xc, 0xff, 0xff, 0xff, 0xff, 0xff, 0x80,
    0x0, 0x1a, 0xff, 0xff, 0xff, 0xff, 0x70, 0x0,
    0x0, 0x4, 0xad, 0xfe, 0xd8, 0x20, 0x0,

    /* U+00F7 "÷" */
    0x0, 0x0, 0x2c, 0xe6, 0x0, 0x0, 0x0, 0x0,
    0xbf, 0xff, 0x10, 0x0, 0x0, 0x0, 0xbf, 0xff,
    0x10, 0x0, 0x0, 0x0, 0x2d, 0xf7, 0x0, 0x0,
    0x0, 0x0, 0x0, 0x0, 0x0, 0x0, 0x0, 0x0,
    0x0, 0x0, 0x0, 0x0, 0x8f, 0xff, 0xff, 0xff,
    0xff, 0xfe, 0x8f, 0xff, 0xff, 0xff, 0xff, 0xfe,
    0x7e, 0xee, 0xee, 0xee, 0xee, 0xed, 0x0, 0x0,
    0x0, 0x0, 0x0, 0x0, 0x0, 0x0, 0x2c, 0xe6,
    0x0, 0x0, 0x0, 0x0, 0xbf, 0xff, 0x10, 0x0,
    0x0, 0x0, 0xbf, 0xff, 0x10, 0x0, 0x0, 0x0,
    0x2d, 0xf7, 0x0, 0x0,

    /* U+00F8 "ø" */
    0x0, 0x0, 0x0, 0x0, 0x0, 0x0, 0x77, 0x0,
    0x0, 0x0, 0x0, 0x0, 0x0, 0x7f, 0x60, 0x0,
    0x0, 0x4a, 0xdf, 0xed, 0xbf, 0xb0, 0x0, 0x1,
    0xaf, 0xff, 0xff, 0xff, 0xf9, 0x0, 0x0, 0xcf,
    0xff, 0xff, 0xff, 0xff, 0xf8, 0x0, 0x7f, 0xff,
    0xe5, 0x14, 0xff, 0xff, 0xf3, 0xe, 0xff, 0xf2,
    0x0, 0xcf, 0x8f, 0xff, 0x91, 0xff, 0xfb, 0x0,
    0x7f, 0x60, 0xff, 0xfd, 0x3f, 0xff, 0x90, 0x2f,
    0xb0, 0xd, 0xff, 0xe1, 0xff, 0xfb, 0xc, 0xf2,
    0x0, 0xff, 0xfd, 0xe, 0xff, 0xf9, 0xf6, 0x0,
    0x6f, 0xff, 0x90, 0x7f, 0xff, 0xff, 0x12, 0x7f,
    0xff, 0xf3, 0x0, 0xcf, 0xff, 0xff, 0xff, 0xff,
    0xf8, 0x0, 0x1, 0xff, 0xff, 0xff, 0xff, 0xf7,
    0x0, 0x0, 0x1f, 0xfa, 0xdf, 0xed, 0x82, 0x0,
    0x0, 0xb, 0xf2, 0x0, 0x0, 0x0, 0x0, 0x0,
    0x1, 0x84, 0x0, 0x0, 0x0, 0x0, 0x0, 0x0,

    /* U+00F9 "ù" */
    0x0, 0x5f, 0xff, 0x90, 0x0, 0x0, 0x0, 0x0,
    0x2, 0xdf, 0xf8, 0x0, 0x0, 0x0, 0x0, 0x0,
    0x1b, 0xff, 0x70, 0x0, 0x0, 0x0, 0x0, 0x0,
    0x68, 0x71, 0x0, 0x0, 0x0, 0x0, 0x0, 0x0,
    0x0, 0x0, 0x0, 0x5f, 0xff, 0x60, 0x0, 0x0,
    0xff, 0xfb, 0x5f, 0xff, 0x60, 0x0, 0x0, 0xff,
    0xfb, 0x5f, 0xff, 0x60, 0x0, 0x0, 0xff, 0xfb,
    0x5f, 0xff, 0x60, 0x0, 0x0, 0xff, 0xfb, 0x5f,
    0xff, 0x60, 0x0, 0x0, 0xff, 0xfb, 0x5f, 0xff,
    0x60, 0x0, 0x0, 0xff, 0xfb, 0x5f, 0xff, 0x60,
    0x0, 0x0, 0xff, 0xfb, 0x5f, 0xff, 0x80, 0x0,
    0x2, 0xff, 0xfb, 0x3f, 0xff, 0xc0, 0x0, 0x9,
    0xff, 0xfb, 0xf, 0xff, 0xfa, 0x44, 0x9f, 0xff,
    0xfb, 0x9, 0xff, 0xff, 0xff, 0xff, 0xff, 0xfb,
    0x0, 0xcf, 0xff, 0xff, 0xfd, 0xef, 0xfb, 0x0,
    0x7, 0xce, 0xfd, 0x70, 0xdf, 0xfb,

    /* U+00FA "ú" */
    0x0, 0x0, 0x0, 0x4, 0xff, 0xf9, 0x0, 0x0,
    0x0, 0x0, 0x3f, 0xff, 0x60, 0x0, 0x0, 0x0,
    0x2, 0xef, 0xe3, 0x0, 0x0, 0x0, 0x0, 0x6,
    0x87, 0x10, 0x0, 0x0, 0x0, 0x0, 0x0, 0x0,
    0x0, 0x0, 0x0, 0x5f, 0xff, 0x60, 0x0, 0x0,
    0xff, 0xfb, 0x5f, 0xff, 0x60, 0x0, 0x0, 0xff,
    0xfb, 0x5f, 0xff, 0x60, 0x0, 0x0, 0xff, 0xfb,
    0x5f, 0xff, 0x60, 0x0, 0x0, 0xff, 0xfb, 0x5f,
    0xff, 0x60, 0x0, 0x0, 0xff, 0xfb, 0x5f, 0xff,
    0x60, 0x0, 0x0, 0xff, 0xfb, 0x5f, 0xff, 0x60,
    0x0, 0x0, 0xff, 0xfb, 0x5f, 0xff, 0x80, 0x0,
    0x2, 0xff, 0xfb, 0x3f, 0xff, 0xc0, 0x0, 0x9,
    0xff, 0xfb, 0xf, 0xff, 0xfa, 0x44, 0x9f, 0xff,
    0xfb, 0x9, 0xff, 0xff, 0xff, 0xff, 0xff, 0xfb,
    0x0, 0xcf, 0xff, 0xff, 0xfd, 0xef, 0xfb, 0x0,
    0x7, 0xce, 0xfd, 0x70, 0xdf, 0xfb,

    /* U+00FB "û" */
    0x0, 0x0, 0x1d, 0xff, 0xf4, 0x0, 0x0, 0x0,
    0x0, 0xcf, 0xff, 0xff, 0x30, 0x0, 0x0, 0xb,
    0xff, 0x41, 0xcf, 0xe2, 0x0, 0x0, 0x38, 0x82,
    0x0, 0x7, 0x86, 0x0, 0x0, 0x0, 0x0, 0x0,
    0x0, 0x0, 0x0, 0x5f, 0xff, 0x60, 0x0, 0x0,
    0xff, 0xfb, 0x5f, 0xff, 0x60, 0x0, 0x0, 0xff,
    0xfb, 0x5f, 0xff, 0x60, 0x0, 0x0, 0xff, 0xfb,
    0x5f, 0xff, 0x60, 0x0, 0x0, 0xff, 0xfb, 0x5f,
    0xff, 0x60, 0x0, 0x0, 0xff, 0xfb, 0x5f, 0xff,
    0x60, 0x0, 0x0, 0xff, 0xfb, 0x5f, 0xff, 0x60,
    0x0, 0x0, 0xff, 0xfb, 0x5f, 0xff, 0x80, 0x0,
    0x2, 0xff, 0xfb, 0x3f, 0xff, 0xc0, 0x0, 0x9,
    0xff, 0xfb, 0xf, 0xff, 0xfa, 0x44, 0x9f, 0xff,
    0xfb, 0x9, 0xff, 0xff, 0xff, 0xff, 0xff, 0xfb,
    0x0, 0xcf, 0xff, 0xff, 0xfd, 0xef, 0xfb, 0x0,
    0x7, 0xce, 0xfd, 0x70, 0xdf, 0xfb,

    /* U+00FC "ü" */
    0x0, 0x6, 0xfc, 0x10, 0x8f, 0xb0, 0x0, 0x0,
    0xd, 0xff, 0x50, 0xff, 0xf3, 0x0, 0x0, 0xa,
    0xff, 0x20, 0xcf, 0xe1, 0x0, 0x0, 0x0, 0x31,
    0x0, 0x3, 0x10, 0x0, 0x0, 0x0, 0x0, 0x0,
    0x0, 0x0, 0x0, 0x5f, 0xff, 0x60, 0x0, 0x0,
    0xff, 0xfb, 0x5f, 0xff, 0x60, 0x0, 0x0, 0xff,
    0xfb, 0x5f, 0xff, 0x60, 0x0, 0x0, 0xff, 0xfb,
    0x5f, 0xff, 0x60, 0x0, 0x0, 0xff, 0xfb, 0x5f,
    0xff, 0x60, 0x0, 0x0, 0xff, 0xfb, 0x5f, 0xff,
    0x60, 0x0, 0x0, 0xff, 0xfb, 0x5f, 0xff, 0x60,
    0x0, 0x0, 0xff, 0xfb, 0x5f, 0xff, 0x80, 0x0,
    0x2, 0xff, 0xfb, 0x3f, 0xff, 0xc0, 0x0, 0x9,
    0xff, 0xfb, 0xf, 0xff, 0xfa, 0x44, 0x9f, 0xff,
    0xfb, 0x9, 0xff, 0xff, 0xff, 0xff, 0xff, 0xfb,
    0x0, 0xcf, 0xff, 0xff, 0xfd, 0xef, 0xfb, 0x0,
    0x7, 0xce, 0xfd, 0x70, 0xdf, 0xfb,

    /* U+00FD "ý" */
    0x0, 0x0, 0x0, 0x0, 0x28, 0x88, 0x50, 0x0,
    0x0, 0x0, 0x0, 0x3, 0xef, 0xf8, 0x0, 0x0,
    0x0, 0x0, 0x0, 0x3f, 0xfd, 0x30, 0x0, 0x0,
    0x0, 0x0, 0x0, 0x78, 0x70, 0x0, 0x0, 0x0,
    0x0, 0x0, 0x0, 0x0, 0x0, 0x0, 0x0, 0x0,
    0xe, 0xff, 0xd0, 0x0, 0x0, 0x4, 0xff, 0xf5,
    0x8, 0xff, 0xf4, 0x0, 0x0, 0xa, 0xff, 0xe0,
    0x2, 0xff, 0xfa, 0x0, 0x0, 0x1f, 0xff, 0x70,
    0x0, 0xbf, 0xff, 0x10, 0x0, 0x7f, 0xff, 0x10,
    0x0, 0x4f, 0xff, 0x70, 0x0, 0xef, 0xfa, 0x0,
    0x0, 0xd, 0xff, 0xe0, 0x4, 0xff, 0xf3, 0x0,
    0x0, 0x7, 0xff, 0xf4, 0xb, 0xff, 0xd0, 0x0,
    0x0, 0x0, 0xff, 0xfb, 0x2f, 0xff, 0x60, 0x0,
    0x0, 0x0, 0x9f, 0xff, 0xaf, 0xfe, 0x0, 0x0,
    0x0, 0x0, 0x2f, 0xff, 0xff, 0xf8, 0x0, 0x0,
    0x0, 0x0, 0xb, 0xff, 0xff, 0xf2, 0x0, 0x0,
    0x0, 0x0, 0x5, 0xff, 0xff, 0xb0, 0x0, 0x0,
    0x0, 0x0, 0x0, 0xff, 0xff, 0x40, 0x0, 0x0,
    0x0, 0x0, 0x0, 0xff, 0xfd, 0x0, 0x0, 0x0,
    0x1, 0x92, 0x7, 0xff, 0xf6, 0x0, 0x0, 0x0,
    0x8, 0xff, 0xff, 0xff, 0xd0, 0x0, 0x0, 0x0,
    0x1f, 0xff, 0xff, 0xfe, 0x20, 0x0, 0x0, 0x0,
    0x4, 0xbe, 0xfe, 0x91, 0x0, 0x0, 0x0, 0x0,

    /* U+00FE "þ" */
    0x14, 0x44, 0x10, 0x0, 0x0, 0x0, 0x0, 0x4,
    0xff, 0xf7, 0x0, 0x0, 0x0, 0x0, 0x0, 0x4f,
    0xff, 0x70, 0x0, 0x0, 0x0, 0x0, 0x4, 0xff,
    0xf7, 0x0, 0x0, 0x0, 0x0, 0x0, 0x4f, 0xff,
    0x70, 0x0, 0x0, 0x0, 0x0, 0x4, 0xff, 0xf7,
    0x4b, 0xef, 0xda, 0x30, 0x0, 0x4f, 0xff, 0xff,
    0xff, 0xff, 0xff, 0x80, 0x4, 0xff, 0xff, 0xff,
    0xff, 0xff, 0xff, 0x70, 0x4f, 0xff, 0xfd, 0x41,
    0x29, 0xff, 0xff, 0x14, 0xff, 0xff, 0x10, 0x0,
    0x9, 0xff, 0xf7, 0x4f, 0xff, 0xe0, 0x0, 0x0,
    0x2f, 0xff, 0xa4, 0xff, 0xfb, 0x0, 0x0, 0x0,
    0xff, 0xfc, 0x4f, 0xff, 0xd0, 0x0, 0x0, 0x2f,
    0xff, 0xa4, 0xff, 0xff, 0x10, 0x0, 0x9, 0xff,
    0xf8, 0x4f, 0xff, 0xfd, 0x41, 0x29, 0xff, 0xff,
    0x24, 0xff, 0xff, 0xff, 0xff, 0xff, 0xff, 0x80,
    0x4f, 0xff, 0xef, 0xff, 0xff, 0xff, 0x90, 0x4,
    0xff, 0xf7, 0x4b, 0xef, 0xda, 0x30, 0x0, 0x4f,
    0xff, 0x70, 0x0, 0x0, 0x0, 0x0, 0x4, 0xff,
    0xf7, 0x0, 0x0, 0x0, 0x0, 0x0, 0x4f, 0xff,
    0x70, 0x0, 0x0, 0x0, 0x0, 0x4, 0xff, 0xf7,
    0x0, 0x0, 0x0, 0x0, 0x0, 0x4f, 0xff, 0x70,
    0x0, 0x0, 0x0, 0x0, 0x0,

    /* U+00FF "ÿ" */
    0x0, 0x0, 0xaf, 0x90, 0xb, 0xf7, 0x0, 0x0,
    0x0, 0x2, 0xff, 0xf1, 0x4f, 0xff, 0x0, 0x0,
    0x0, 0x0, 0xdf, 0xd0, 0x1e, 0xfb, 0x0, 0x0,
    0x0, 0x0, 0x3, 0x0, 0x1, 0x30, 0x0, 0x0,
    0x0, 0x0, 0x0, 0x0, 0x0, 0x0, 0x0, 0x0,
    0xe, 0xff, 0xd0, 0x0, 0x0, 0x4, 0xff, 0xf5,
    0x8, 0xff, 0xf4, 0x0, 0x0, 0xa, 0xff, 0xe0,
    0x2, 0xff, 0xfa, 0x0, 0x0, 0x1f, 0xff, 0x70,
    0x0, 0xbf, 0xff, 0x10, 0x0, 0x7f, 0xff, 0x10,
    0x0, 0x4f, 0xff, 0x70, 0x0, 0xef, 0xfa, 0x0,
    0x0, 0xd, 0xff, 0xe0, 0x4, 0xff, 0xf3, 0x0,
    0x0, 0x7, 0xff, 0xf4, 0xb, 0xff, 0xd0, 0x0,
    0x0, 0x0, 0xff, 0xfb, 0x2f, 0xff, 0x60, 0x0,
    0x0, 0x0, 0x9f, 0xff, 0xaf, 0xfe, 0x0, 0x0,
    0x0, 0x0, 0x2f, 0xff, 0xff, 0xf8, 0x0, 0x0,
    0x0, 0x0, 0xb, 0xff, 0xff, 0xf2, 0x0, 0x0,
    0x0, 0x0, 0x5, 0xff, 0xff, 0xb0, 0x0, 0x0,
    0x0, 0x0, 0x0, 0xff, 0xff, 0x40, 0x0, 0x0,
    0x0, 0x0, 0x0, 0xff, 0xfd, 0x0, 0x0, 0x0,
    0x1, 0x92, 0x7, 0xff, 0xf6, 0x0, 0x0, 0x0,
    0x8, 0xff, 0xff, 0xff, 0xd0, 0x0, 0x0, 0x0,
    0x1f, 0xff, 0xff, 0xfe, 0x20, 0x0, 0x0, 0x0,
    0x4, 0xbe, 0xfe, 0x91, 0x0, 0x0, 0x0, 0x0,

    /* U+0100 "Ā" */
    0x0, 0x0, 0x4, 0xff, 0xff, 0xff, 0xff, 0xa0,
    0x0, 0x0, 0x0, 0x0, 0x4, 0xff, 0xff, 0xff,
    0xff, 0xa0, 0x0, 0x0, 0x0, 0x0, 0x0, 0x11,
    0x11, 0x11, 0x11, 0x0, 0x0, 0x0, 0x0, 0x0,
    0x0, 0x0, 0x0, 0x0, 0x0, 0x0, 0x0, 0x0,
    0x0, 0x0, 0x0, 0x0, 0xef, 0xff, 0x50, 0x0,
    0x0, 0x0, 0x0, 0x0, 0x0, 0x6, 0xff, 0xff,
    0xc0, 0x0, 0x0, 0x0, 0x0, 0x0, 0x0, 0xd,
    0xff, 0xff, 0xf3, 0x0, 0x0, 0x0, 0x0, 0x0,
    0x0, 0x4f, 0xff, 0xff, 0xfa, 0x0, 0x0, 0x0,
    0x0, 0x0, 0x0, 0xbf, 0xfe, 0x8f, 0xff, 0x10,
    0x0, 0x0, 0x0, 0x0, 0x2, 0xff, 0xf7, 0x2f,
    0xff, 0x80, 0x0, 0x0, 0x0, 0x0, 0x9, 0xff,
    0xf1, 0xb, 0xff, 0xe0, 0x0, 0x0, 0x0, 0x0,
    0x1f, 0xff, 0xa0, 0x5, 0xff, 0xf6, 0x0, 0x0,
    0x0, 0x0, 0x7f, 0xff, 0x30, 0x0, 0xef, 0xfd,
    0x0, 0x0, 0x0, 0x0, 0xef, 0xfd, 0x0, 0x0,
    0x8f, 0xff, 0x40, 0x0, 0x0, 0x5, 0xff, 0xff,
    0xff, 0xff, 0xff, 0xff, 0xb0, 0x0, 0x0, 0xc,
    0xff, 0xff, 0xff, 0xff, 0xff, 0xff, 0xf3, 0x0,
    0x0, 0x3f, 0xff, 0xff, 0xff, 0xff, 0xff, 0xff,
    0xfa, 0x0, 0x0, 0xaf, 0xff, 0x30, 0x0, 0x0,
    0x0, 0xdf, 0xff, 0x10, 0x2, 0xff, 0xfc, 0x0,
    0x0, 0x0, 0x0, 0x7f, 0xff, 0x80, 0x8, 0xff,
    0xf6, 0x0, 0x0, 0x0, 0x0, 0x1f, 0xff, 0xe0,
    0xf, 0xff, 0xe0, 0x0, 0x0, 0x0, 0x0, 0xa,
    0xff, 0xf6,

    /* U+0101 "ā" */
    0x0, 0x1, 0x11, 0x11, 0x11, 0x11, 0x0, 0x0,
    0x2f, 0xff, 0xff, 0xff, 0xfc, 0x0, 0x0, 0x2f,
    0xff, 0xff, 0xff, 0xfc, 0x0, 0x0, 0x0, 0x0,
    0x0, 0x0, 0x0, 0x0, 0x0, 0x0, 0x0, 0x0,
    0x0, 0x0, 0x0, 0x0, 0x17, 0xbe, 0xff, 0xda,
    0x30, 0x0, 0x5, 0xff, 0xff, 0xff, 0xff, 0xf9,
    0x0, 0x2, 0xff, 0xff, 0xff, 0xff, 0xff, 0x60,
    0x0, 0xac, 0x50, 0x1, 0x9f, 0xff, 0xd0, 0x0,
    0x10, 0x0, 0x0, 0xd, 0xff, 0xf0, 0x0, 0x0,
    0x1, 0x22, 0x2c, 0xff, 0xf2, 0x0, 0x5c, 0xff,
    0xff, 0xff, 0xff, 0xf2, 0x7, 0xff, 0xff, 0xff,
    0xff, 0xff, 0xf2, 0xf, 0xff, 0xd3, 0x0, 0x9,
    0xff, 0xf2, 0x1f, 0xff, 0x90, 0x0, 0xf, 0xff,
    0xf2, 0xe, 0xff, 0xf8, 0x56, 0xdf, 0xff, 0xf2,
    0x4, 0xff, 0xff, 0xff, 0xfd, 0xff, 0xf2, 0x0,
    0x2a, 0xef, 0xec, 0x55, 0xff, 0xf2,

    /* U+0102 "Ă" */
    0x0, 0x0, 0x1, 0x88, 0x10, 0x0, 0x68, 0x40,
    0x0, 0x0, 0x0, 0x0, 0x0, 0xff, 0xa0, 0x5,
    0xff, 0x60, 0x0, 0x0, 0x0, 0x0, 0x0, 0x7f,
    0xff, 0xff, 0xfc, 0x0, 0x0, 0x0, 0x0, 0x0,
    0x0, 0x4, 0xbe, 0xfd, 0x70, 0x0, 0x0, 0x0,
    0x0, 0x0, 0x0, 0x0, 0x0, 0x0, 0x0, 0x0,
    0x0, 0x0, 0x0, 0x0, 0x0, 0x0, 0xef, 0xff,
    0x50, 0x0, 0x0, 0x0, 0x0, 0x0, 0x0, 0x6,
    0xff, 0xff, 0xc0, 0x0, 0x0, 0x0, 0x0, 0x0,
    0x0, 0xd, 0xff, 0xff, 0xf3, 0x0, 0x0, 0x0,
    0x0, 0x0, 0x0, 0x4f, 0xff, 0xff, 0xfa, 0x0,
    0x0, 0x0, 0x0, 0x0, 0x0, 0xbf, 0xfe, 0x8f,
    0xff, 0x10, 0x0, 0x0, 0x0, 0x0, 0x2, 0xff,
    0xf7, 0x2f, 0xff, 0x80, 0x0, 0x0, 0x0, 0x0,
    0x9, 0xff, 0xf1, 0xb, 0xff, 0xe0, 0x0, 0x0,
    0x0, 0x0, 0x1f, 0xff, 0xa0, 0x5, 0xff, 0xf6,
    0x0, 0x0, 0x0, 0x0, 0x7f, 0xff, 0x30, 0x0,
    0xef, 0xfd, 0x0, 0x0, 0x0, 0x0, 0xef, 0xfd,
    0x0, 0x0, 0x8f, 0xff, 0x40, 0x0, 0x0, 0x5,
    0xff, 0xff, 0xff, 0xff, 0xff, 0xff, 0xb0, 0x0,
    0x0, 0xc, 0xff, 0xff, 0xff, 0xff, 0xff, 0xff,
    0xf3, 0x0, 0x0, 0x3f, 0xff, 0xff, 0xff, 0xff,
    0xff, 0xff, 0xfa, 0x0, 0x0, 0xaf, 0xff, 0x30,
    0x0, 0x0, 0x0, 0xdf, 0xff, 0x10, 0x2, 0xff,
    0xfc, 0x0, 0x0, 0x0, 0x0, 0x7f, 0xff, 0x80,
    0x8, 0xff, 0xf6, 0x0, 0x0, 0x0, 0x0, 0x1f,
    0xff, 0xe0, 0xf, 0xff, 0xe0, 0x0, 0x0, 0x0,
    0x0, 0xa, 0xff, 0xf6,

    /* U+0103 "ă" */
    0x0, 0xf, 0xf9, 0x10, 0x3d, 0xfa, 0x0, 0x0,
    0x7, 0xff, 0xff, 0xff, 0xf2, 0x0, 0x0, 0x0,
    0x4a, 0xde, 0xc8, 0x10, 0x0, 0x0, 0x0, 0x0,
    0x0, 0x0, 0x0, 0x0, 0x0, 0x0, 0x0, 0x0,
    0x0, 0x0, 0x0, 0x0, 0x17, 0xbe, 0xff, 0xda,
    0x30, 0x0, 0x5, 0xff, 0xff, 0xff, 0xff, 0xf9,
    0x0, 0x2, 0xff, 0xff, 0xff, 0xff, 0xff, 0x60,
    0x0, 0xac, 0x50, 0x1, 0x9f, 0xff, 0xd0, 0x0,
    0x10, 0x0, 0x0, 0xd, 0xff, 0xf0, 0x0, 0x0,
    0x1, 0x22, 0x2c, 0xff, 0xf2, 0x0, 0x5c, 0xff,
    0xff, 0xff, 0xff, 0xf2, 0x7, 0xff, 0xff, 0xff,
    0xff, 0xff, 0xf2, 0xf, 0xff, 0xd3, 0x0, 0x9,
    0xff, 0xf2, 0x1f, 0xff, 0x90, 0x0, 0xf, 0xff,
    0xf2, 0xe, 0xff, 0xf8, 0x56, 0xdf, 0xff, 0xf2,
    0x4, 0xff, 0xff, 0xff, 0xfd, 0xff, 0xf2, 0x0,
    0x2a, 0xef, 0xec, 0x55, 0xff, 0xf2,

    /* U+0104 "Ą" */
    0x0, 0x0, 0x0, 0x0, 0xef, 0xff, 0x50, 0x0,
    0x0, 0x0, 0x0, 0x0, 0x0, 0x0, 0x6f, 0xff,
    0xfc, 0x0, 0x0, 0x0, 0x0, 0x0, 0x0, 0x0,
    0xd, 0xff, 0xff, 0xf3, 0x0, 0x0, 0x0, 0x0,
    0x0, 0x0, 0x4, 0xff, 0xff, 0xff, 0xa0, 0x0,
    0x0, 0x0, 0x0, 0x0, 0x0, 0xbf, 0xfe, 0x8f,
    0xff, 0x10, 0x0, 0x0, 0x0, 0x0, 0x0, 0x2f,
    0xff, 0x72, 0xff, 0xf8, 0x0, 0x0, 0x0, 0x0,
    0x0, 0x9, 0xff, 0xf1, 0xb, 0xff, 0xe0, 0x0,
    0x0, 0x0, 0x0, 0x1, 0xff, 0xfa, 0x0, 0x5f,
    0xff, 0x60, 0x0, 0x0, 0x0, 0x0, 0x7f, 0xff,
    0x30, 0x0, 0xef, 0xfd, 0x0, 0x0, 0x0, 0x0,
    0xe, 0xff, 0xd0, 0x0, 0x8, 0xff, 0xf4, 0x0,
    0x0, 0x0, 0x5, 0xff, 0xff, 0xff, 0xff, 0xff,
    0xff, 0xb0, 0x0, 0x0, 0x0, 0xcf, 0xff, 0xff,
    0xff, 0xff, 0xff, 0xff, 0x30, 0x0, 0x0, 0x3f,
    0xff, 0xff, 0xff, 0xff, 0xff, 0xff, 0xfa, 0x0,
    0x0, 0xa, 0xff, 0xf3, 0x0, 0x0, 0x0, 0xd,
    0xff, 0xf1, 0x0, 0x2, 0xff, 0xfc, 0x0, 0x0,
    0x0, 0x0, 0x7f, 0xff, 0x80, 0x0, 0x8f, 0xff,
    0x60, 0x0, 0x0, 0x0, 0x1, 0xff, 0xfe, 0x0,
    0xf, 0xff, 0xe0, 0x0, 0x0, 0x0, 0x0, 0xa,
    0xff, 0xf8, 0x0, 0x0, 0x0, 0x0, 0x0, 0x0,
    0x0, 0x0, 0x6f, 0xf9, 0x10, 0x0, 0x0, 0x0,
    0x0, 0x0, 0x0, 0x0, 0x2f, 0xf6, 0x0, 0x0,
    0x0, 0x0, 0x0, 0x0, 0x0, 0x0, 0x7, 0xfe,
    0x0, 0x0, 0x0, 0x0, 0x0, 0x0, 0x0, 0x0,
    0x0, 0x7f, 0xf3, 0x2, 0x0, 0x0, 0x0, 0x0,
    0x0, 0x0, 0x0, 0x2, 0xff, 0xff, 0xe0, 0x0,
    0x0, 0x0, 0x0, 0x0, 0x0, 0x0, 0x3, 0xad,
    0xc9, 0x0,

    /* U+0105 "ą" */
    0x0, 0x17, 0xbe, 0xff, 0xda, 0x30, 0x0, 0x5,
    0xff, 0xff, 0xff, 0xff, 0xf9, 0x0, 0x2, 0xff,
    0xff, 0xff, 0xff, 0xff, 0x60, 0x0, 0xac, 0x50,
    0x1, 0x9f, 0xff, 0xd0, 0x0, 0x10, 0x0, 0x0,
    0xd, 0xff, 0xf0, 0x0, 0x0, 0x1, 0x22, 0x2c,
    0xff, 0xf2, 0x0, 0x5c, 0xff, 0xff, 0xff, 0xff,
    0xf2, 0x7, 0xff, 0xff, 0xff, 0xff, 0xff, 0xf2,
    0xf, 0xff, 0xd3, 0x0, 0x9, 0xff, 0xf2, 0x1f,
    0xff, 0x90, 0x0, 0xf, 0xff, 0xf2, 0xe, 0xff,
    0xf8, 0x56, 0xdf, 0xff, 0xf2, 0x4, 0xff, 0xff,
    0xff, 0xfd, 0xff, 0xf2, 0x0, 0x2a, 0xef, 0xec,
    0x55, 0xff, 0xf2, 0x0, 0x0, 0x0, 0x0, 0xb,
    0xfe, 0x50, 0x0, 0x0, 0x0, 0x0, 0x9f, 0xd1,
    0x0, 0x0, 0x0, 0x0, 0x0, 0xef, 0x60, 0x0,
    0x0, 0x0, 0x0, 0x0, 0xef, 0xa0, 0x21, 0x0,
    0x0, 0x0, 0x0, 0x9f, 0xff, 0xf7, 0x0, 0x0,
    0x0, 0x0, 0x7, 0xcd, 0xb5,

    /* U+0106 "Ć" */
    0x0, 0x0, 0x0, 0x0, 0x0, 0x28, 0x88, 0x50,
    0x0, 0x0, 0x0, 0x0, 0x0, 0x2e, 0xff, 0x80,
    0x0, 0x0, 0x0, 0x0, 0x0, 0x3f, 0xfe, 0x40,
    0x0, 0x0, 0x0, 0x0, 0x0, 0x7, 0x87, 0x0,
    0x0, 0x0, 0x0, 0x0, 0x0, 0x0, 0x0, 0x0,
    0x0, 0x0, 0x0, 0x0, 0x0, 0x5, 0xad, 0xff,
    0xdb, 0x60, 0x0, 0x0, 0x0, 0x5e, 0xff, 0xff,
    0xff, 0xff, 0xe5, 0x0, 0x0, 0x8f, 0xff, 0xff,
    0xff, 0xff, 0xff, 0xf7, 0x0, 0x6f, 0xff, 0xfe,
    0x95, 0x57, 0xcf, 0xff, 0x60, 0x1f, 0xff, 0xfa,
    0x0, 0x0, 0x0, 0x5e, 0x40, 0x8, 0xff, 0xfc,
    0x0, 0x0, 0x0, 0x0, 0x0, 0x0, 0xdf, 0xff,
    0x40, 0x0, 0x0, 0x0, 0x0, 0x0, 0xf, 0xff,
    0xf0, 0x0, 0x0, 0x0, 0x0, 0x0, 0x0, 0xff,
    0xfe, 0x0, 0x0, 0x0, 0x0, 0x0, 0x0, 0xf,
    0xff, 0xf0, 0x0, 0x0, 0x0, 0x0, 0x0, 0x0,
    0xdf, 0xff, 0x30, 0x0, 0x0, 0x0, 0x0, 0x0,
    0x8, 0xff, 0xfc, 0x0, 0x0, 0x0, 0x0, 0x0,
    0x0, 0x1f, 0xff, 0xfa, 0x0, 0x0, 0x0, 0x5e,
    0x40, 0x0, 0x6f, 0xff, 0xfe, 0x85, 0x46, 0xcf,
    0xff, 0x60, 0x0, 0x8f, 0xff, 0xff, 0xff, 0xff,
    0xff, 0xf7, 0x0, 0x0, 0x5e, 0xff, 0xff, 0xff,
    0xff, 0xe5, 0x0, 0x0, 0x0, 0x6, 0xad, 0xff,
    0xdb, 0x60, 0x0,

    /* U+0107 "ć" */
    0x0, 0x0, 0x0, 0x1, 0xdf, 0xfd, 0x20, 0x0,
    0x0, 0x0, 0xc, 0xff, 0xa0, 0x0, 0x0, 0x0,
    0x0, 0xbf, 0xf7, 0x0, 0x0, 0x0, 0x0, 0x3,
    0x88, 0x40, 0x0, 0x0, 0x0, 0x0, 0x0, 0x0,
    0x0, 0x0, 0x0, 0x0, 0x0, 0x49, 0xdf, 0xfd,
    0x82, 0x0, 0x0, 0x1a, 0xff, 0xff, 0xff, 0xff,
    0x60, 0x0, 0xcf, 0xff, 0xff, 0xff, 0xff, 0xf4,
    0x7, 0xff, 0xfe, 0x51, 0x17, 0xff, 0xe5, 0xe,
    0xff, 0xf2, 0x0, 0x0, 0x56, 0x0, 0x1f, 0xff,
    0xb0, 0x0, 0x0, 0x0, 0x0, 0x3f, 0xff, 0x90,
    0x0, 0x0, 0x0, 0x0, 0x1f, 0xff, 0xb0, 0x0,
    0x0, 0x0, 0x0, 0xe, 0xff, 0xf2, 0x0, 0x0,
    0x56, 0x0, 0x7, 0xff, 0xfe, 0x51, 0x17, 0xff,
    0xd4, 0x0, 0xcf, 0xff, 0xff, 0xff, 0xff, 0xf4,
    0x0, 0x1a, 0xff, 0xff, 0xff, 0xff, 0x60, 0x0,
    0x0, 0x49, 0xdf, 0xfd, 0x82, 0x0,

    /* U+0108 "Ĉ" */
    0x0, 0x0, 0x0, 0x0, 0x78, 0x86, 0x0, 0x0,
    0x0, 0x0, 0x0, 0x0, 0xbf, 0xff, 0xfa, 0x0,
    0x0, 0x0, 0x0, 0x0, 0xcf, 0xe4, 0x5f, 0xfa,
    0x0, 0x0, 0x0, 0x0, 0x58, 0x71, 0x0, 0x27,
    0x84, 0x0, 0x0, 0x0, 0x0, 0x0, 0x0, 0x0,
    0x0, 0x0, 0x0, 0x0, 0x0, 0x5, 0xad, 0xff,
    0xdb, 0x60, 0x0, 0x0, 0x0, 0x5e, 0xff, 0xff,
    0xff, 0xff, 0xe5, 0x0, 0x0, 0x8f, 0xff, 0xff,
    0xff, 0xff, 0xff, 0xf7, 0x0, 0x6f, 0xff, 0xfe,
    0x95, 0x57, 0xcf, 0xff, 0x60, 0x1f, 0xff, 0xfa,
    0x0, 0x0, 0x0, 0x5e, 0x40, 0x8, 0xff, 0xfc,
    0x0, 0x0, 0x0, 0x0, 0x0, 0x0, 0xdf, 0xff,
    0x40, 0x0, 0x0, 0x0, 0x0, 0x0, 0xf, 0xff,
    0xf0, 0x0, 0x0, 0x0, 0x0, 0x0, 0x0, 0xff,
    0xfe, 0x0, 0x0, 0x0, 0x0, 0x0, 0x0, 0xf,
    0xff, 0xf0, 0x0, 0x0, 0x0, 0x0, 0x0, 0x0,
    0xdf, 0xff, 0x30, 0x0, 0x0, 0x0, 0x0, 0x0,
    0x8, 0xff, 0xfc, 0x0, 0x0, 0x0, 0x0, 0x0,
    0x0, 0x1f, 0xff, 0xfa, 0x0, 0x0, 0x0, 0x5e,
    0x40, 0x0, 0x6f, 0xff, 0xfe, 0x85, 0x46, 0xcf,
    0xff, 0x60, 0x0, 0x8f, 0xff, 0xff, 0xff, 0xff,
    0xff, 0xf7, 0x0, 0x0, 0x5e, 0xff, 0xff, 0xff,
    0xff, 0xe5, 0x0, 0x0, 0x0, 0x6, 0xad, 0xff,
    0xdb, 0x60, 0x0,

    /* U+0109 "ĉ" */
    0x0, 0x0, 0x9, 0xff, 0xf9, 0x0, 0x0, 0x0,
    0x0, 0x8f, 0xff, 0xff, 0x80, 0x0, 0x0, 0x6,
    0xff, 0x80, 0x8f, 0xf6, 0x0, 0x0, 0x7, 0x85,
    0x0, 0x5, 0x87, 0x10, 0x0, 0x0, 0x0, 0x0,
    0x0, 0x0, 0x0, 0x0, 0x0, 0x49, 0xdf, 0xfd,
    0x82, 0x0, 0x0, 0x1a, 0xff, 0xff, 0xff, 0xff,
    0x60, 0x0, 0xcf, 0xff, 0xff, 0xff, 0xff, 0xf4,
    0x7, 0xff, 0xfe, 0x51, 0x17, 0xff, 0xe5, 0xe,
    0xff, 0xf2, 0x0, 0x0, 0x56, 0x0, 0x1f, 0xff,
    0xb0, 0x0, 0x0, 0x0, 0x0, 0x3f, 0xff, 0x90,
    0x0, 0x0, 0x0, 0x0, 0x1f, 0xff, 0xb0, 0x0,
    0x0, 0x0, 0x0, 0xe, 0xff, 0xf2, 0x0, 0x0,
    0x56, 0x0, 0x7, 0xff, 0xfe, 0x51, 0x17, 0xff,
    0xd4, 0x0, 0xcf, 0xff, 0xff, 0xff, 0xff, 0xf4,
    0x0, 0x1a, 0xff, 0xff, 0xff, 0xff, 0x60, 0x0,
    0x0, 0x49, 0xdf, 0xfd, 0x82, 0x0,

    /* U+010A "Ċ" */
    0x0, 0x0, 0x0, 0x0, 0x0, 0x0, 0x0, 0x0,
    0x0, 0x0, 0x0, 0x0, 0x6, 0xee, 0x40, 0x0,
    0x0, 0x0, 0x0, 0x0, 0x0, 0xff, 0xfd, 0x0,
    0x0, 0x0, 0x0, 0x0, 0x0, 0xf, 0xff, 0xd0,
    0x0, 0x0, 0x0, 0x0, 0x0, 0x0, 0x6e, 0xe4,
    0x0, 0x0, 0x0, 0x0, 0x0, 0x0, 0x0, 0x0,
    0x0, 0x0, 0x0, 0x0, 0x0, 0x0, 0x5a, 0xdf,
    0xfd, 0xb6, 0x0, 0x0, 0x0, 0x5, 0xef, 0xff,
    0xff, 0xff, 0xfe, 0x50, 0x0, 0x8, 0xff, 0xff,
    0xff, 0xff, 0xff, 0xff, 0x70, 0x6, 0xff, 0xff,
    0xe9, 0x55, 0x7c, 0xff, 0xf6, 0x1, 0xff, 0xff,
    0xa0, 0x0, 0x0, 0x5, 0xe4, 0x0, 0x8f, 0xff,
    0xc0, 0x0, 0x0, 0x0, 0x0, 0x0, 0xd, 0xff,
    0xf4, 0x0, 0x0, 0x0, 0x0, 0x0, 0x0, 0xff,
    0xff, 0x0, 0x0, 0x0, 0x0, 0x0, 0x0, 0xf,
    0xff, 0xe0, 0x0, 0x0, 0x0, 0x0, 0x0, 0x0,
    0xff, 0xff, 0x0, 0x0, 0x0, 0x0, 0x0, 0x0,
    0xd, 0xff, 0xf3, 0x0, 0x0, 0x0, 0x0, 0x0,
    0x0, 0x8f, 0xff, 0xc0, 0x0, 0x0, 0x0, 0x0,
    0x0, 0x1, 0xff, 0xff, 0xa0, 0x0, 0x0, 0x5,
    0xe4, 0x0, 0x6, 0xff, 0xff, 0xe8, 0x54, 0x6c,
    0xff, 0xf6, 0x0, 0x8, 0xff, 0xff, 0xff, 0xff,
    0xff, 0xff, 0x70, 0x0, 0x5, 0xef, 0xff, 0xff,
    0xff, 0xfe, 0x50, 0x0, 0x0, 0x0, 0x6a, 0xdf,
    0xfd, 0xb6, 0x0, 0x0,

    /* U+010B "ċ" */
    0x0, 0x0, 0x0, 0xbf, 0xb0, 0x0, 0x0, 0x0,
    0x0, 0x6, 0xff, 0xf6, 0x0, 0x0, 0x0, 0x0,
    0x6, 0xff, 0xf6, 0x0, 0x0, 0x0, 0x0, 0x0,
    0xbf, 0xb0, 0x0, 0x0, 0x0, 0x0, 0x0, 0x0,
    0x0, 0x0, 0x0, 0x0, 0x0, 0x0, 0x0, 0x0,
    0x0, 0x0, 0x0, 0x0, 0x49, 0xdf, 0xfd, 0x82,
    0x0, 0x0, 0x1a, 0xff, 0xff, 0xff, 0xff, 0x60,
    0x0, 0xcf, 0xff, 0xff, 0xff, 0xff, 0xf4, 0x7,
    0xff, 0xfe, 0x51, 0x17, 0xff, 0xe5, 0xe, 0xff,
    0xf2, 0x0, 0x0, 0x56, 0x0, 0x1f, 0xff, 0xb0,
    0x0, 0x0, 0x0, 0x0, 0x3f, 0xff, 0x90, 0x0,
    0x0, 0x0, 0x0, 0x1f, 0xff, 0xb0, 0x0, 0x0,
    0x0, 0x0, 0xe, 0xff, 0xf2, 0x0, 0x0, 0x56,
    0x0, 0x7, 0xff, 0xfe, 0x51, 0x17, 0xff, 0xd4,
    0x0, 0xcf, 0xff, 0xff, 0xff, 0xff, 0xf4, 0x0,
    0x1a, 0xff, 0xff, 0xff, 0xff, 0x60, 0x0, 0x0,
    0x49, 0xdf, 0xfd, 0x82, 0x0,

    /* U+010C "Č" */
    0x0, 0x0, 0x5, 0x87, 0x10, 0x2, 0x78, 0x40,
    0x0, 0x0, 0x0, 0xc, 0xfe, 0x45, 0xff, 0xa0,
    0x0, 0x0, 0x0, 0x0, 0xb, 0xff, 0xff, 0xa0,
    0x0, 0x0, 0x0, 0x0, 0x0, 0x7, 0x88, 0x60,
    0x0, 0x0, 0x0, 0x0, 0x0, 0x0, 0x0, 0x0,
    0x0, 0x0, 0x0, 0x0, 0x0, 0x5, 0xad, 0xff,
    0xdb, 0x60, 0x0, 0x0, 0x0, 0x5e, 0xff, 0xff,
    0xff, 0xff, 0xe5, 0x0, 0x0, 0x8f, 0xff, 0xff,
    0xff, 0xff, 0xff, 0xf7, 0x0, 0x6f, 0xff, 0xfe,
    0x95, 0x57, 0xcf, 0xff, 0x60, 0x1f, 0xff, 0xfa,
    0x0, 0x0, 0x0, 0x5e, 0x40, 0x8, 0xff, 0xfc,
    0x0, 0x0, 0x0, 0x0, 0x0, 0x0, 0xdf, 0xff,
    0x40, 0x0, 0x0, 0x0, 0x0, 0x0, 0xf, 0xff,
    0xf0, 0x0, 0x0, 0x0, 0x0, 0x0, 0x0, 0xff,
    0xfe, 0x0, 0x0, 0x0, 0x0, 0x0, 0x0, 0xf,
    0xff, 0xf0, 0x0, 0x0, 0x0, 0x0, 0x0, 0x0,
    0xdf, 0xff, 0x30, 0x0, 0x0, 0x0, 0x0, 0x0,
    0x8, 0xff, 0xfc, 0x0, 0x0, 0x0, 0x0, 0x0,
    0x0, 0x1f, 0xff, 0xfa, 0x0, 0x0, 0x0, 0x5e,
    0x40, 0x0, 0x6f, 0xff, 0xfe, 0x85, 0x46, 0xcf,
    0xff, 0x60, 0x0, 0x8f, 0xff, 0xff, 0xff, 0xff,
    0xff, 0xf7, 0x0, 0x0, 0x5e, 0xff, 0xff, 0xff,
    0xff, 0xe5, 0x0, 0x0, 0x0, 0x6, 0xad, 0xff,
    0xdb, 0x60, 0x0,

    /* U+010D "č" */
    0x0, 0xc, 0xfd, 0x10, 0x1d, 0xfd, 0x10, 0x0,
    0x1, 0xdf, 0xe5, 0xef, 0xe1, 0x0, 0x0, 0x0,
    0x2e, 0xff, 0xfe, 0x20, 0x0, 0x0, 0x0, 0x2,
    0x88, 0x83, 0x0, 0x0, 0x0, 0x0, 0x0, 0x0,
    0x0, 0x0, 0x0, 0x0, 0x0, 0x49, 0xdf, 0xfd,
    0x82, 0x0, 0x0, 0x1a, 0xff, 0xff, 0xff, 0xff,
    0x60, 0x0, 0xcf, 0xff, 0xff, 0xff, 0xff, 0xf4,
    0x7, 0xff, 0xfe, 0x51, 0x17, 0xff, 0xe5, 0xe,
    0xff, 0xf2, 0x0, 0x0, 0x56, 0x0, 0x1f, 0xff,
    0xb0, 0x0, 0x0, 0x0, 0x0, 0x3f, 0xff, 0x90,
    0x0, 0x0, 0x0, 0x0, 0x1f, 0xff, 0xb0, 0x0,
    0x0, 0x0, 0x0, 0xe, 0xff, 0xf2, 0x0, 0x0,
    0x56, 0x0, 0x7, 0xff, 0xfe, 0x51, 0x17, 0xff,
    0xd4, 0x0, 0xcf, 0xff, 0xff, 0xff, 0xff, 0xf4,
    0x0, 0x1a, 0xff, 0xff, 0xff, 0xff, 0x60, 0x0,
    0x0, 0x49, 0xdf, 0xfd, 0x82, 0x0,

    /* U+010E "Ď" */
    0x0, 0x5, 0x87, 0x0, 0x2, 0x88, 0x30, 0x0,
    0x0, 0x0, 0x2, 0xef, 0xc1, 0x3e, 0xfc, 0x0,
    0x0, 0x0, 0x0, 0x0, 0x3f, 0xff, 0xff, 0xd1,
    0x0, 0x0, 0x0, 0x0, 0x0, 0x4, 0xff, 0xfe,
    0x10, 0x0, 0x0, 0x0, 0x0, 0x0, 0x0, 0x0,
    0x0, 0x0, 0x0, 0x0, 0x0, 0xf, 0xff, 0xff,
    0xff, 0xff, 0xda, 0x50, 0x0, 0x0, 0xf, 0xff,
    0xff, 0xff, 0xff, 0xff, 0xfd, 0x30, 0x0, 0xf,
    0xff, 0xff, 0xff, 0xff, 0xff, 0xff, 0xf6, 0x0,
    0xf, 0xff, 0xe2, 0x22, 0x24, 0x8e, 0xff, 0xff,
    0x40, 0xf, 0xff, 0xe0, 0x0, 0x0, 0x0, 0xbf,
    0xff, 0xe0, 0xf, 0xff, 0xe0, 0x0, 0x0, 0x0,
    0xd, 0xff, 0xf6, 0xf, 0xff, 0xe0, 0x0, 0x0,
    0x0, 0x6, 0xff, 0xfa, 0xf, 0xff, 0xe0, 0x0,
    0x0, 0x0, 0x2, 0xff, 0xfd, 0xf, 0xff, 0xe0,
    0x0, 0x0, 0x0, 0x1, 0xff, 0xfe, 0xf, 0xff,
    0xe0, 0x0, 0x0, 0x0, 0x2, 0xff, 0xfd, 0xf,
    0xff, 0xe0, 0x0, 0x0, 0x0, 0x6, 0xff, 0xfa,
    0xf, 0xff, 0xe0, 0x0, 0x0, 0x0, 0xd, 0xff,
    0xf6, 0xf, 0xff, 0xe0, 0x0, 0x0, 0x0, 0xbf,
    0xff, 0xe0, 0xf, 0xff, 0xe2, 0x22, 0x24, 0x8e,
    0xff, 0xff, 0x40, 0xf, 0xff, 0xff, 0xff, 0xff,
    0xff, 0xff, 0xf6, 0x0, 0xf, 0xff, 0xff, 0xff,
    0xff, 0xff, 0xfd, 0x30, 0x0, 0xf, 0xff, 0xff,
    0xff, 0xff, 0xda, 0x50, 0x0, 0x0,

    /* U+010F "ď" */
    0x0, 0x0, 0x0, 0x0, 0x0, 0x0, 0x0, 0x0,
    0x1c, 0xc7, 0x0, 0x0, 0x0, 0x0, 0x0, 0xb,
    0xdd, 0xb0, 0x2f, 0xf8, 0x0, 0x0, 0x0, 0x0,
    0x0, 0xd, 0xff, 0xe0, 0x2f, 0xf6, 0x0, 0x0,
    0x0, 0x0, 0x0, 0xd, 0xff, 0xe0, 0x2f, 0xf5,
    0x0, 0x0, 0x0, 0x0, 0x0, 0xd, 0xff, 0xe0,
    0x2f, 0xf3, 0x0, 0x0, 0x0, 0x0, 0x0, 0xd,
    0xff, 0xe0, 0x0, 0x0, 0x0, 0x0, 0x6c, 0xef,
    0xd8, 0x1d, 0xff, 0xe0, 0x0, 0x0, 0x0, 0x2c,
    0xff, 0xff, 0xff, 0xef, 0xff, 0xe0, 0x0, 0x0,
    0x0, 0xdf, 0xff, 0xff, 0xff, 0xff, 0xff, 0xe0,
    0x0, 0x0, 0x8, 0xff, 0xfe, 0x51, 0x27, 0xff,
    0xff, 0xe0, 0x0, 0x0, 0xe, 0xff, 0xf3, 0x0,
    0x0, 0x6f, 0xff, 0xe0, 0x0, 0x0, 0x1f, 0xff,
    0xc0, 0x0, 0x0, 0xf, 0xff, 0xe0, 0x0, 0x0,
    0x2f, 0xff, 0xa0, 0x0, 0x0, 0xf, 0xff, 0xe0,
    0x0, 0x0, 0x1f, 0xff, 0xc0, 0x0, 0x0, 0xf,
    0xff, 0xe0, 0x0, 0x0, 0xe, 0xff, 0xf3, 0x0,
    0x0, 0x6f, 0xff, 0xe0, 0x0, 0x0, 0x8, 0xff,
    0xfe, 0x51, 0x17, 0xff, 0xff, 0xe0, 0x0, 0x0,
    0x0, 0xdf, 0xff, 0xff, 0xff, 0xff, 0xff, 0xe0,
    0x0, 0x0, 0x0, 0x2c, 0xff, 0xff, 0xff, 0xee,
    0xff, 0xe0, 0x0, 0x0, 0x0, 0x0, 0x6c, 0xef,
    0xd9, 0x1b, 0xff, 0xe0, 0x0, 0x0,

    /* U+0110 "Đ" */
    0x0, 0xbf, 0xff, 0xff, 0xff, 0xfe, 0xb7, 0x10,
    0x0, 0x0, 0x0, 0xbf, 0xff, 0xff, 0xff, 0xff,
    0xff, 0xf6, 0x0, 0x0, 0x0, 0xbf, 0xff, 0xff,
    0xff, 0xff, 0xff, 0xff, 0xb0, 0x0, 0x0, 0xbf,
    0xff, 0x52, 0x22, 0x36, 0xcf, 0xff, 0xf9, 0x0,
    0x0, 0xbf, 0xff, 0x30, 0x0, 0x0, 0x7, 0xff,
    0xff, 0x40, 0x0, 0xbf, 0xff, 0x30, 0x0, 0x0,
    0x0, 0x9f, 0xff, 0xb0, 0x0, 0xbf, 0xff, 0x30,
    0x0, 0x0, 0x0, 0x1f, 0xff, 0xf0, 0x89, 0xff,
    0xff, 0xc9, 0x99, 0x30, 0x0, 0xd, 0xff, 0xf2,
    0xff, 0xff, 0xff, 0xff, 0xff, 0x60, 0x0, 0xc,
    0xff, 0xf3, 0xff, 0xff, 0xff, 0xff, 0xff, 0x60,
    0x0, 0xd, 0xff, 0xf2, 0x0, 0xbf, 0xff, 0x30,
    0x0, 0x0, 0x0, 0x1f, 0xff, 0xf0, 0x0, 0xbf,
    0xff, 0x30, 0x0, 0x0, 0x0, 0x9f, 0xff, 0xb0,
    0x0, 0xbf, 0xff, 0x30, 0x0, 0x0, 0x7, 0xff,
    0xff, 0x40, 0x0, 0xbf, 0xff, 0x52, 0x22, 0x36,
    0xcf, 0xff, 0xf9, 0x0, 0x0, 0xbf, 0xff, 0xff,
    0xff, 0xff, 0xff, 0xff, 0xb0, 0x0, 0x0, 0xbf,
    0xff, 0xff, 0xff, 0xff, 0xff, 0xf6, 0x0, 0x0,
    0x0, 0xbf, 0xff, 0xff, 0xff, 0xfe, 0xb7, 0x10,
    0x0, 0x0,

    /* U+0111 "đ" */
    0x0, 0x0, 0x0, 0x0, 0x0, 0xd, 0xff, 0xe0,
    0x0, 0x0, 0x0, 0x4, 0xff, 0xff, 0xff, 0xff,
    0xfa, 0x0, 0x0, 0x0, 0x4f, 0xff, 0xff, 0xff,
    0xff, 0xa0, 0x0, 0x0, 0x0, 0x22, 0x22, 0xff,
    0xff, 0x21, 0x0, 0x0, 0x0, 0x0, 0x0, 0xd,
    0xff, 0xe0, 0x0, 0x0, 0x6, 0xce, 0xfd, 0x81,
    0xdf, 0xfe, 0x0, 0x0, 0x2c, 0xff, 0xff, 0xff,
    0xef, 0xff, 0xe0, 0x0, 0xd, 0xff, 0xff, 0xff,
    0xff, 0xff, 0xfe, 0x0, 0x8, 0xff, 0xfe, 0x51,
    0x27, 0xff, 0xff, 0xe0, 0x0, 0xef, 0xff, 0x30,
    0x0, 0x6, 0xff, 0xfe, 0x0, 0x1f, 0xff, 0xc0,
    0x0, 0x0, 0xf, 0xff, 0xe0, 0x2, 0xff, 0xfa,
    0x0, 0x0, 0x0, 0xff, 0xfe, 0x0, 0x1f, 0xff,
    0xc0, 0x0, 0x0, 0xf, 0xff, 0xe0, 0x0, 0xef,
    0xff, 0x30, 0x0, 0x6, 0xff, 0xfe, 0x0, 0x8,
    0xff, 0xfe, 0x51, 0x17, 0xff, 0xff, 0xe0, 0x0,
    0xd, 0xff, 0xff, 0xff, 0xff, 0xff, 0xfe, 0x0,
    0x0, 0x2c, 0xff, 0xff, 0xff, 0xee, 0xff, 0xe0,
    0x0, 0x0, 0x6, 0xce, 0xfd, 0x91, 0xbf, 0xfe,
    0x0,

    /* U+0112 "Ē" */
    0x0, 0x1f, 0xff, 0xff, 0xff, 0xfc, 0x0, 0x0,
    0x1f, 0xff, 0xff, 0xff, 0xfc, 0x0, 0x0, 0x1,
    0x11, 0x11, 0x11, 0x11, 0x0, 0x0, 0x0, 0x0,
    0x0, 0x0, 0x0, 0x0, 0xf, 0xff, 0xff, 0xff,
    0xff, 0xff, 0xfb, 0xf, 0xff, 0xff, 0xff, 0xff,
    0xff, 0xfb, 0xf, 0xff, 0xff, 0xff, 0xff, 0xff,
    0xfb, 0xf, 0xff, 0xd1, 0x11, 0x11, 0x11, 0x11,
    0xf, 0xff, 0xd0, 0x0, 0x0, 0x0, 0x0, 0xf,
    0xff, 0xd0, 0x0, 0x0, 0x0, 0x0, 0xf, 0xff,
    0xd0, 0x0, 0x0, 0x0, 0x0, 0xf, 0xff, 0xff,
    0xff, 0xff, 0xff, 0xa0, 0xf, 0xff, 0xff, 0xff,
    0xff, 0xff, 0xa0, 0xf, 0xff, 0xff, 0xff, 0xff,
    0xff, 0xa0, 0xf, 0xff, 0xd0, 0x0, 0x0, 0x0,
    0x0, 0xf, 0xff, 0xd0, 0x0, 0x0, 0x0, 0x0,
    0xf, 0xff, 0xd0, 0x0, 0x0, 0x0, 0x0, 0xf,
    0xff, 0xd1, 0x11, 0x11, 0x11, 0x11, 0xf, 0xff,
    0xff, 0xff, 0xff, 0xff, 0xff, 0xf, 0xff, 0xff,
    0xff, 0xff, 0xff, 0xff, 0xf, 0xff, 0xff, 0xff,
    0xff, 0xff, 0xff,

    /* U+0113 "ē" */
    0x0, 0x1, 0x11, 0x11, 0x11, 0x11, 0x0, 0x0,
    0x0, 0xdf, 0xff, 0xff, 0xff, 0xf0, 0x0, 0x0,
    0xd, 0xff, 0xff, 0xff, 0xff, 0x0, 0x0, 0x0,
    0x0, 0x0, 0x0, 0x0, 0x0, 0x0, 0x0, 0x0,
    0x0, 0x0, 0x0, 0x0, 0x0, 0x0, 0x0, 0x4,
    0xad, 0xfe, 0xc7, 0x10, 0x0, 0x0, 0x1b, 0xff,
    0xff, 0xff, 0xfe, 0x40, 0x0, 0xc, 0xff, 0xff,
    0xde, 0xff, 0xff, 0x30, 0x7, 0xff, 0xf9, 0x0,
    0x4, 0xef, 0xfc, 0x0, 0xef, 0xfc, 0x0, 0x0,
    0x5, 0xff, 0xf2, 0x1f, 0xff, 0xff, 0xff, 0xff,
    0xff, 0xff, 0x43, 0xff, 0xff, 0xff, 0xff, 0xff,
    0xff, 0xf5, 0x1f, 0xff, 0xb2, 0x22, 0x22, 0x22,
    0x22, 0x0, 0xef, 0xfe, 0x10, 0x0, 0x0, 0x20,
    0x0, 0x7, 0xff, 0xfd, 0x40, 0x2, 0x9f, 0x30,
    0x0, 0xc, 0xff, 0xff, 0xff, 0xff, 0xfe, 0x20,
    0x0, 0x1a, 0xff, 0xff, 0xff, 0xff, 0xb1, 0x0,
    0x0, 0x3, 0x9d, 0xff, 0xea, 0x50, 0x0,

    /* U+0114 "Ĕ" */
    0x0, 0x7, 0x82, 0x0, 0x5, 0x85, 0x0, 0x0,
    0xd, 0xfc, 0x10, 0x3e, 0xf9, 0x0, 0x0, 0x4,
    0xff, 0xff, 0xff, 0xe1, 0x0, 0x0, 0x0, 0x3a,
    0xef, 0xd8, 0x10, 0x0, 0x0, 0x0, 0x0, 0x0,
    0x0, 0x0, 0x0, 0xf, 0xff, 0xff, 0xff, 0xff,
    0xff, 0xfb, 0xf, 0xff, 0xff, 0xff, 0xff, 0xff,
    0xfb, 0xf, 0xff, 0xff, 0xff, 0xff, 0xff, 0xfb,
    0xf, 0xff, 0xd1, 0x11, 0x11, 0x11, 0x11, 0xf,
    0xff, 0xd0, 0x0, 0x0, 0x0, 0x0, 0xf, 0xff,
    0xd0, 0x0, 0x0, 0x0, 0x0, 0xf, 0xff, 0xd0,
    0x0, 0x0, 0x0, 0x0, 0xf, 0xff, 0xff, 0xff,
    0xff, 0xff, 0xa0, 0xf, 0xff, 0xff, 0xff, 0xff,
    0xff, 0xa0, 0xf, 0xff, 0xff, 0xff, 0xff, 0xff,
    0xa0, 0xf, 0xff, 0xd0, 0x0, 0x0, 0x0, 0x0,
    0xf, 0xff, 0xd0, 0x0, 0x0, 0x0, 0x0, 0xf,
    0xff, 0xd0, 0x0, 0x0, 0x0, 0x0, 0xf, 0xff,
    0xd1, 0x11, 0x11, 0x11, 0x11, 0xf, 0xff, 0xff,
    0xff, 0xff, 0xff, 0xff, 0xf, 0xff, 0xff, 0xff,
    0xff, 0xff, 0xff, 0xf, 0xff, 0xff, 0xff, 0xff,
    0xff, 0xff,

    /* U+0115 "ĕ" */
    0x0, 0xb, 0xfc, 0x20, 0x1b, 0xfe, 0x0, 0x0,
    0x0, 0x4f, 0xff, 0xff, 0xff, 0x60, 0x0, 0x0,
    0x0, 0x29, 0xde, 0xda, 0x30, 0x0, 0x0, 0x0,
    0x0, 0x0, 0x0, 0x0, 0x0, 0x0, 0x0, 0x0,
    0x0, 0x0, 0x0, 0x0, 0x0, 0x0, 0x0, 0x4,
    0xad, 0xfe, 0xc7, 0x10, 0x0, 0x0, 0x1b, 0xff,
    0xff, 0xff, 0xfe, 0x40, 0x0, 0xc, 0xff, 0xff,
    0xde, 0xff, 0xff, 0x30, 0x7, 0xff, 0xf9, 0x0,
    0x4, 0xef, 0xfc, 0x0, 0xef, 0xfc, 0x0, 0x0,
    0x5, 0xff, 0xf2, 0x1f, 0xff, 0xff, 0xff, 0xff,
    0xff, 0xff, 0x43, 0xff, 0xff, 0xff, 0xff, 0xff,
    0xff, 0xf5, 0x1f, 0xff, 0xb2, 0x22, 0x22, 0x22,
    0x22, 0x0, 0xef, 0xfe, 0x10, 0x0, 0x0, 0x20,
    0x0, 0x7, 0xff, 0xfd, 0x40, 0x2, 0x9f, 0x30,
    0x0, 0xc, 0xff, 0xff, 0xff, 0xff, 0xfe, 0x20,
    0x0, 0x1a, 0xff, 0xff, 0xff, 0xff, 0xb1, 0x0,
    0x0, 0x3, 0x9d, 0xff, 0xea, 0x50, 0x0,

    /* U+0116 "Ė" */
    0x0, 0x0, 0x0, 0x0, 0x0, 0x0, 0x0, 0x0,
    0x0, 0x1, 0xcf, 0x90, 0x0, 0x0, 0x0, 0x0,
    0x8, 0xff, 0xf4, 0x0, 0x0, 0x0, 0x0, 0x8,
    0xff, 0xf4, 0x0, 0x0, 0x0, 0x0, 0x1, 0xcf,
    0x90, 0x0, 0x0, 0x0, 0x0, 0x0, 0x0, 0x0,
    0x0, 0x0, 0xf, 0xff, 0xff, 0xff, 0xff, 0xff,
    0xfb, 0xf, 0xff, 0xff, 0xff, 0xff, 0xff, 0xfb,
    0xf, 0xff, 0xff, 0xff, 0xff, 0xff, 0xfb, 0xf,
    0xff, 0xd1, 0x11, 0x11, 0x11, 0x11, 0xf, 0xff,
    0xd0, 0x0, 0x0, 0x0, 0x0, 0xf, 0xff, 0xd0,
    0x0, 0x0, 0x0, 0x0, 0xf, 0xff, 0xd0, 0x0,
    0x0, 0x0, 0x0, 0xf, 0xff, 0xff, 0xff, 0xff,
    0xff, 0xa0, 0xf, 0xff, 0xff, 0xff, 0xff, 0xff,
    0xa0, 0xf, 0xff, 0xff, 0xff, 0xff, 0xff, 0xa0,
    0xf, 0xff, 0xd0, 0x0, 0x0, 0x0, 0x0, 0xf,
    0xff, 0xd0, 0x0, 0x0, 0x0, 0x0, 0xf, 0xff,
    0xd0, 0x0, 0x0, 0x0, 0x0, 0xf, 0xff, 0xd1,
    0x11, 0x11, 0x11, 0x11, 0xf, 0xff, 0xff, 0xff,
    0xff, 0xff, 0xff, 0xf, 0xff, 0xff, 0xff, 0xff,
    0xff, 0xff, 0xf, 0xff, 0xff, 0xff, 0xff, 0xff,
    0xff,

    /* U+0117 "ė" */
    0x0, 0x0, 0x0, 0xaf, 0xb1, 0x0, 0x0, 0x0,
    0x0, 0x0, 0x5f, 0xff, 0x70, 0x0, 0x0, 0x0,
    0x0, 0x5, 0xff, 0xf7, 0x0, 0x0, 0x0, 0x0,
    0x0, 0xb, 0xfc, 0x10, 0x0, 0x0, 0x0, 0x0,
    0x0, 0x0, 0x0, 0x0, 0x0, 0x0, 0x0, 0x0,
    0x0, 0x0, 0x0, 0x0, 0x0, 0x0, 0x0, 0x4a,
    0xdf, 0xec, 0x71, 0x0, 0x0, 0x1, 0xbf, 0xff,
    0xff, 0xff, 0xe4, 0x0, 0x0, 0xcf, 0xff, 0xfd,
    0xef, 0xff, 0xf3, 0x0, 0x7f, 0xff, 0x90, 0x0,
    0x4e, 0xff, 0xc0, 0xe, 0xff, 0xc0, 0x0, 0x0,
    0x5f, 0xff, 0x21, 0xff, 0xff, 0xff, 0xff, 0xff,
    0xff, 0xf4, 0x3f, 0xff, 0xff, 0xff, 0xff, 0xff,
    0xff, 0x51, 0xff, 0xfb, 0x22, 0x22, 0x22, 0x22,
    0x20, 0xe, 0xff, 0xe1, 0x0, 0x0, 0x2, 0x0,
    0x0, 0x7f, 0xff, 0xd4, 0x0, 0x29, 0xf3, 0x0,
    0x0, 0xcf, 0xff, 0xff, 0xff, 0xff, 0xe2, 0x0,
    0x1, 0xaf, 0xff, 0xff, 0xff, 0xfb, 0x10, 0x0,
    0x0, 0x39, 0xdf, 0xfe, 0xa5, 0x0, 0x0,

    /* U+0118 "Ę" */
    0xf, 0xff, 0xff, 0xff, 0xff, 0xff, 0xfb, 0x0,
    0xff, 0xff, 0xff, 0xff, 0xff, 0xff, 0xb0, 0xf,
    0xff, 0xff, 0xff, 0xff, 0xff, 0xfb, 0x0, 0xff,
    0xfd, 0x11, 0x11, 0x11, 0x11, 0x10, 0xf, 0xff,
    0xd0, 0x0, 0x0, 0x0, 0x0, 0x0, 0xff, 0xfd,
    0x0, 0x0, 0x0, 0x0, 0x0, 0xf, 0xff, 0xd0,
    0x0, 0x0, 0x0, 0x0, 0x0, 0xff, 0xff, 0xff,
    0xff, 0xff, 0xfa, 0x0, 0xf, 0xff, 0xff, 0xff,
    0xff, 0xff, 0xa0, 0x0, 0xff, 0xff, 0xff, 0xff,
    0xff, 0xfa, 0x0, 0xf, 0xff, 0xd0, 0x0, 0x0,
    0x0, 0x0, 0x0, 0xff, 0xfd, 0x0, 0x0, 0x0,
    0x0, 0x0, 0xf, 0xff, 0xd0, 0x0, 0x0, 0x0,
    0x0, 0x0, 0xff, 0xfd, 0x11, 0x11, 0x11, 0x11,
    0x10, 0xf, 0xff, 0xff, 0xff, 0xff, 0xff, 0xff,
    0x0, 0xff, 0xff, 0xff, 0xff, 0xff, 0xff, 0xf0,
    0xf, 0xff, 0xff, 0xff, 0xff, 0xff, 0xff, 0x0,
    0x0, 0x0, 0x0, 0x0, 0x1d, 0xfd, 0x40, 0x0,
    0x0, 0x0, 0x0, 0xb, 0xfc, 0x0, 0x0, 0x0,
    0x0, 0x0, 0x1, 0xff, 0x40, 0x0, 0x0, 0x0,
    0x0, 0x0, 0x1f, 0xf8, 0x2, 0x0, 0x0, 0x0,
    0x0, 0x0, 0xbf, 0xff, 0xf5, 0x0, 0x0, 0x0,
    0x0, 0x0, 0x8c, 0xdb, 0x30,

    /* U+0119 "ę" */
    0x0, 0x0, 0x4a, 0xdf, 0xec, 0x71, 0x0, 0x0,
    0x1, 0xbf, 0xff, 0xff, 0xff, 0xe4, 0x0, 0x0,
    0xcf, 0xff, 0xfd, 0xef, 0xff, 0xf3, 0x0, 0x7f,
    0xff, 0x90, 0x0, 0x4e, 0xff, 0xc0, 0xe, 0xff,
    0xc0, 0x0, 0x0, 0x5f, 0xff, 0x21, 0xff, 0xff,
    0xff, 0xff, 0xff, 0xff, 0xf4, 0x3f, 0xff, 0xff,
    0xff, 0xff, 0xff, 0xff, 0x51, 0xff, 0xfb, 0x22,
    0x22, 0x22, 0x22, 0x20, 0xe, 0xff, 0xe1, 0x0,
    0x0, 0x2, 0x0, 0x0, 0x7f, 0xff, 0xd4, 0x0,
    0x29, 0xf3, 0x0, 0x0, 0xcf, 0xff, 0xff, 0xff,
    0xff, 0xe2, 0x0, 0x1, 0xaf, 0xff, 0xff, 0xff,
    0xfb, 0x10, 0x0, 0x0, 0x39, 0xdf, 0xff, 0xf8,
    0x0, 0x0, 0x0, 0x0, 0x0, 0xc, 0xf7, 0x0,
    0x0, 0x0, 0x0, 0x0, 0x5, 0xff, 0x0, 0x0,
    0x0, 0x0, 0x0, 0x0, 0x7f, 0xf1, 0x1, 0x0,
    0x0, 0x0, 0x0, 0x3, 0xff, 0xfe, 0xd0, 0x0,
    0x0, 0x0, 0x0, 0x5, 0xcf, 0xeb, 0x10,

    /* U+011A "Ě" */
    0x0, 0x18, 0x84, 0x0, 0x6, 0x87, 0x0, 0x0,
    0x9, 0xff, 0x60, 0xaf, 0xf4, 0x0, 0x0, 0x0,
    0xaf, 0xff, 0xff, 0x50, 0x0, 0x0, 0x0, 0xb,
    0xff, 0xf7, 0x0, 0x0, 0x0, 0x0, 0x0, 0x0,
    0x0, 0x0, 0x0, 0xf, 0xff, 0xff, 0xff, 0xff,
    0xff, 0xfb, 0xf, 0xff, 0xff, 0xff, 0xff, 0xff,
    0xfb, 0xf, 0xff, 0xff, 0xff, 0xff, 0xff, 0xfb,
    0xf, 0xff, 0xd1, 0x11, 0x11, 0x11, 0x11, 0xf,
    0xff, 0xd0, 0x0, 0x0, 0x0, 0x0, 0xf, 0xff,
    0xd0, 0x0, 0x0, 0x0, 0x0, 0xf, 0xff, 0xd0,
    0x0, 0x0, 0x0, 0x0, 0xf, 0xff, 0xff, 0xff,
    0xff, 0xff, 0xa0, 0xf, 0xff, 0xff, 0xff, 0xff,
    0xff, 0xa0, 0xf, 0xff, 0xff, 0xff, 0xff, 0xff,
    0xa0, 0xf, 0xff, 0xd0, 0x0, 0x0, 0x0, 0x0,
    0xf, 0xff, 0xd0, 0x0, 0x0, 0x0, 0x0, 0xf,
    0xff, 0xd0, 0x0, 0x0, 0x0, 0x0, 0xf, 0xff,
    0xd1, 0x11, 0x11, 0x11, 0x11, 0xf, 0xff, 0xff,
    0xff, 0xff, 0xff, 0xff, 0xf, 0xff, 0xff, 0xff,
    0xff, 0xff, 0xff, 0xf, 0xff, 0xff, 0xff, 0xff,
    0xff, 0xff,

    /* U+011B "ě" */
    0x0, 0xc, 0xfe, 0x20, 0x1c, 0xfd, 0x10, 0x0,
    0x0, 0xd, 0xfe, 0x5d, 0xfe, 0x20, 0x0, 0x0,
    0x0, 0x1e, 0xff, 0xff, 0x30, 0x0, 0x0, 0x0,
    0x0, 0x28, 0x88, 0x30, 0x0, 0x0, 0x0, 0x0,
    0x0, 0x0, 0x0, 0x0, 0x0, 0x0, 0x0, 0x4,
    0xad, 0xfe, 0xc7, 0x10, 0x0, 0x0, 0x1b, 0xff,
    0xff, 0xff, 0xfe, 0x40, 0x0, 0xc, 0xff, 0xff,
    0xde, 0xff, 0xff, 0x30, 0x7, 0xff, 0xf9, 0x0,
    0x4, 0xef, 0xfc, 0x0, 0xef, 0xfc, 0x0, 0x0,
    0x5, 0xff, 0xf2, 0x1f, 0xff, 0xff, 0xff, 0xff,
    0xff, 0xff, 0x43, 0xff, 0xff, 0xff, 0xff, 0xff,
    0xff, 0xf5, 0x1f, 0xff, 0xb2, 0x22, 0x22, 0x22,
    0x22, 0x0, 0xef, 0xfe, 0x10, 0x0, 0x0, 0x20,
    0x0, 0x7, 0xff, 0xfd, 0x40, 0x2, 0x9f, 0x30,
    0x0, 0xc, 0xff, 0xff, 0xff, 0xff, 0xfe, 0x20,
    0x0, 0x1a, 0xff, 0xff, 0xff, 0xff, 0xb1, 0x0,
    0x0, 0x3, 0x9d, 0xff, 0xea, 0x50, 0x0,

    /* U+011C "Ĝ" */
    0x0, 0x0, 0x0, 0x0, 0x78, 0x87, 0x0, 0x0,
    0x0, 0x0, 0x0, 0x0, 0xa, 0xff, 0xff, 0xa0,
    0x0, 0x0, 0x0, 0x0, 0x0, 0xbf, 0xe4, 0x4e,
    0xfb, 0x0, 0x0, 0x0, 0x0, 0x4, 0x87, 0x20,
    0x1, 0x78, 0x40, 0x0, 0x0, 0x0, 0x0, 0x0,
    0x0, 0x0, 0x0, 0x0, 0x0, 0x0, 0x0, 0x0,
    0x5a, 0xdf, 0xfe, 0xb7, 0x10, 0x0, 0x0, 0x0,
    0x5e, 0xff, 0xff, 0xff, 0xff, 0xf8, 0x0, 0x0,
    0x8, 0xff, 0xff, 0xff, 0xff, 0xff, 0xff, 0xb0,
    0x0, 0x6f, 0xff, 0xfe, 0x95, 0x56, 0xbf, 0xff,
    0x80, 0x1, 0xff, 0xff, 0xa0, 0x0, 0x0, 0x3,
    0xd6, 0x0, 0x8, 0xff, 0xfc, 0x0, 0x0, 0x0,
    0x0, 0x0, 0x0, 0xd, 0xff, 0xf4, 0x0, 0x0,
    0x0, 0x0, 0x0, 0x0, 0xf, 0xff, 0xf0, 0x0,
    0x0, 0x0, 0x0, 0x0, 0x0, 0xf, 0xff, 0xe0,
    0x0, 0x0, 0x0, 0x7, 0xcc, 0xa0, 0xf, 0xff,
    0xf0, 0x0, 0x0, 0x0, 0xa, 0xff, 0xe0, 0xd,
    0xff, 0xf4, 0x0, 0x0, 0x0, 0xa, 0xff, 0xe0,
    0x8, 0xff, 0xfc, 0x0, 0x0, 0x0, 0xa, 0xff,
    0xe0, 0x1, 0xff, 0xff, 0xa0, 0x0, 0x0, 0xc,
    0xff, 0xe0, 0x0, 0x6f, 0xff, 0xfe, 0x85, 0x46,
    0xaf, 0xff, 0xe0, 0x0, 0x8, 0xff, 0xff, 0xff,
    0xff, 0xff, 0xff, 0xf0, 0x0, 0x0, 0x5e, 0xff,
    0xff, 0xff, 0xff, 0xfb, 0x20, 0x0, 0x0, 0x0,
    0x6a, 0xdf, 0xfe, 0xb7, 0x20, 0x0,

    /* U+011D "ĝ" */
    0x0, 0x0, 0x0, 0x58, 0x87, 0x10, 0x0, 0x0,
    0x0, 0x0, 0x8, 0xff, 0xff, 0xd1, 0x0, 0x0,
    0x0, 0x0, 0x9f, 0xf7, 0x3d, 0xfd, 0x10, 0x0,
    0x0, 0x3, 0x88, 0x30, 0x0, 0x78, 0x50, 0x0,
    0x0, 0x0, 0x0, 0x0, 0x0, 0x0, 0x0, 0x0,
    0x0, 0x0, 0x6c, 0xef, 0xd8, 0x18, 0xff, 0xf0,
    0x0, 0x2d, 0xff, 0xff, 0xff, 0xea, 0xff, 0xf0,
    0x0, 0xdf, 0xff, 0xfe, 0xef, 0xff, 0xff, 0xf0,
    0x8, 0xff, 0xfd, 0x30, 0x3, 0xdf, 0xff, 0xf0,
    0xe, 0xff, 0xf1, 0x0, 0x0, 0x2f, 0xff, 0xf0,
    0x1f, 0xff, 0xa0, 0x0, 0x0, 0xf, 0xff, 0xf0,
    0x3f, 0xff, 0x90, 0x0, 0x0, 0xf, 0xff, 0xf0,
    0x1f, 0xff, 0xb0, 0x0, 0x0, 0xf, 0xff, 0xf0,
    0xe, 0xff, 0xf3, 0x0, 0x0, 0x4f, 0xff, 0xf0,
    0x8, 0xff, 0xfe, 0x61, 0x16, 0xff, 0xff, 0xf0,
    0x0, 0xdf, 0xff, 0xff, 0xff, 0xff, 0xff, 0xf0,
    0x0, 0x2c, 0xff, 0xff, 0xff, 0xee, 0xff, 0xf0,
    0x0, 0x0, 0x6c, 0xef, 0xd8, 0x1d, 0xff, 0xe0,
    0x0, 0x0, 0x0, 0x0, 0x0, 0x2f, 0xff, 0xb0,
    0x0, 0x7d, 0x73, 0x0, 0x4, 0xdf, 0xff, 0x50,
    0x1, 0xff, 0xff, 0xff, 0xff, 0xff, 0xfc, 0x0,
    0x3, 0xdf, 0xff, 0xff, 0xff, 0xff, 0xb1, 0x0,
    0x0, 0x4, 0x9c, 0xef, 0xfd, 0xa4, 0x0, 0x0,

    /* U+011E "Ğ" */
    0x0, 0x0, 0x2, 0x87, 0x0, 0x0, 0x78, 0x30,
    0x0, 0x0, 0x0, 0x3, 0xff, 0x81, 0x18, 0xff,
    0x30, 0x0, 0x0, 0x0, 0x0, 0x9f, 0xff, 0xff,
    0xf9, 0x0, 0x0, 0x0, 0x0, 0x0, 0x4, 0xbd,
    0xdb, 0x40, 0x0, 0x0, 0x0, 0x0, 0x0, 0x0,
    0x0, 0x0, 0x0, 0x0, 0x0, 0x0, 0x0, 0x0,
    0x5a, 0xdf, 0xfe, 0xb7, 0x10, 0x0, 0x0, 0x0,
    0x5e, 0xff, 0xff, 0xff, 0xff, 0xf8, 0x0, 0x0,
    0x8, 0xff, 0xff, 0xff, 0xff, 0xff, 0xff, 0xb0,
    0x0, 0x6f, 0xff, 0xfe, 0x95, 0x56, 0xbf, 0xff,
    0x80, 0x1, 0xff, 0xff, 0xa0, 0x0, 0x0, 0x3,
    0xd6, 0x0, 0x8, 0xff, 0xfc, 0x0, 0x0, 0x0,
    0x0, 0x0, 0x0, 0xd, 0xff, 0xf4, 0x0, 0x0,
    0x0, 0x0, 0x0, 0x0, 0xf, 0xff, 0xf0, 0x0,
    0x0, 0x0, 0x0, 0x0, 0x0, 0xf, 0xff, 0xe0,
    0x0, 0x0, 0x0, 0x7, 0xcc, 0xa0, 0xf, 0xff,
    0xf0, 0x0, 0x0, 0x0, 0xa, 0xff, 0xe0, 0xd,
    0xff, 0xf4, 0x0, 0x0, 0x0, 0xa, 0xff, 0xe0,
    0x8, 0xff, 0xfc, 0x0, 0x0, 0x0, 0xa, 0xff,
    0xe0, 0x1, 0xff, 0xff, 0xa0, 0x0, 0x0, 0xc,
    0xff, 0xe0, 0x0, 0x6f, 0xff, 0xfe, 0x85, 0x46,
    0xaf, 0xff, 0xe0, 0x0, 0x8, 0xff, 0xff, 0xff,
    0xff, 0xff, 0xff, 0xf0, 0x0, 0x0, 0x5e, 0xff,
    0xff, 0xff, 0xff, 0xfb, 0x20, 0x0, 0x0, 0x0,
    0x6a, 0xdf, 0xfe, 0xb7, 0x20, 0x0,

    /* U+011F "ğ" */
    0x0, 0x1, 0x88, 0x40, 0x2, 0x78, 0x40, 0x0,
    0x0, 0x0, 0xcf, 0xff, 0xff, 0xff, 0x30, 0x0,
    0x0, 0x0, 0x6, 0xbd, 0xec, 0x92, 0x0, 0x0,
    0x0, 0x0, 0x0, 0x0, 0x0, 0x0, 0x0, 0x0,
    0x0, 0x0, 0x0, 0x0, 0x0, 0x0, 0x0, 0x0,
    0x0, 0x0, 0x6c, 0xef, 0xd8, 0x18, 0xff, 0xf0,
    0x0, 0x2d, 0xff, 0xff, 0xff, 0xea, 0xff, 0xf0,
    0x0, 0xdf, 0xff, 0xfe, 0xef, 0xff, 0xff, 0xf0,
    0x8, 0xff, 0xfd, 0x30, 0x3, 0xdf, 0xff, 0xf0,
    0xe, 0xff, 0xf1, 0x0, 0x0, 0x2f, 0xff, 0xf0,
    0x1f, 0xff, 0xa0, 0x0, 0x0, 0xf, 0xff, 0xf0,
    0x3f, 0xff, 0x90, 0x0, 0x0, 0xf, 0xff, 0xf0,
    0x1f, 0xff, 0xb0, 0x0, 0x0, 0xf, 0xff, 0xf0,
    0xe, 0xff, 0xf3, 0x0, 0x0, 0x4f, 0xff, 0xf0,
    0x8, 0xff, 0xfe, 0x61, 0x16, 0xff, 0xff, 0xf0,
    0x0, 0xdf, 0xff, 0xff, 0xff, 0xff, 0xff, 0xf0,
    0x0, 0x2c, 0xff, 0xff, 0xff, 0xee, 0xff, 0xf0,
    0x0, 0x0, 0x6c, 0xef, 0xd8, 0x1d, 0xff, 0xe0,
    0x0, 0x0, 0x0, 0x0, 0x0, 0x2f, 0xff, 0xb0,
    0x0, 0x7d, 0x73, 0x0, 0x4, 0xdf, 0xff, 0x50,
    0x1, 0xff, 0xff, 0xff, 0xff, 0xff, 0xfc, 0x0,
    0x3, 0xdf, 0xff, 0xff, 0xff, 0xff, 0xb1, 0x0,
    0x0, 0x4, 0x9c, 0xef, 0xfd, 0xa4, 0x0, 0x0,

    /* U+0120 "Ġ" */
    0x0, 0x0, 0x0, 0x0, 0x0, 0x0, 0x0, 0x0,
    0x0, 0x0, 0x0, 0x0, 0x0, 0x5e, 0xe5, 0x0,
    0x0, 0x0, 0x0, 0x0, 0x0, 0x0, 0xef, 0xfe,
    0x0, 0x0, 0x0, 0x0, 0x0, 0x0, 0x0, 0xef,
    0xfe, 0x0, 0x0, 0x0, 0x0, 0x0, 0x0, 0x0,
    0x5e, 0xe5, 0x0, 0x0, 0x0, 0x0, 0x0, 0x0,
    0x0, 0x0, 0x0, 0x0, 0x0, 0x0, 0x0, 0x0,
    0x0, 0x5a, 0xdf, 0xfe, 0xb7, 0x10, 0x0, 0x0,
    0x0, 0x5e, 0xff, 0xff, 0xff, 0xff, 0xf8, 0x0,
    0x0, 0x8, 0xff, 0xff, 0xff, 0xff, 0xff, 0xff,
    0xb0, 0x0, 0x6f, 0xff, 0xfe, 0x95, 0x56, 0xbf,
    0xff, 0x80, 0x1, 0xff, 0xff, 0xa0, 0x0, 0x0,
    0x3, 0xd6, 0x0, 0x8, 0xff, 0xfc, 0x0, 0x0,
    0x0, 0x0, 0x0, 0x0, 0xd, 0xff, 0xf4, 0x0,
    0x0, 0x0, 0x0, 0x0, 0x0, 0xf, 0xff, 0xf0,
    0x0, 0x0, 0x0, 0x0, 0x0, 0x0, 0xf, 0xff,
    0xe0, 0x0, 0x0, 0x0, 0x7, 0xcc, 0xa0, 0xf,
    0xff, 0xf0, 0x0, 0x0, 0x0, 0xa, 0xff, 0xe0,
    0xd, 0xff, 0xf4, 0x0, 0x0, 0x0, 0xa, 0xff,
    0xe0, 0x8, 0xff, 0xfc, 0x0, 0x0, 0x0, 0xa,
    0xff, 0xe0, 0x1, 0xff, 0xff, 0xa0, 0x0, 0x0,
    0xc, 0xff, 0xe0, 0x0, 0x6f, 0xff, 0xfe, 0x85,
    0x46, 0xaf, 0xff, 0xe0, 0x0, 0x8, 0xff, 0xff,
    0xff, 0xff, 0xff, 0xff, 0xf0, 0x0, 0x0, 0x5e,
    0xff, 0xff, 0xff, 0xff, 0xfb, 0x20, 0x0, 0x0,
    0x0, 0x6a, 0xdf, 0xfe, 0xb7, 0x20, 0x0,

    /* U+0121 "ġ" */
    0x0, 0x0, 0x0, 0x0, 0x0, 0x0, 0x0, 0x0,
    0x0, 0x0, 0x0, 0x3d, 0xf7, 0x0, 0x0, 0x0,
    0x0, 0x0, 0x0, 0xbf, 0xff, 0x10, 0x0, 0x0,
    0x0, 0x0, 0x0, 0xbf, 0xff, 0x10, 0x0, 0x0,
    0x0, 0x0, 0x0, 0x3d, 0xf7, 0x0, 0x0, 0x0,
    0x0, 0x0, 0x0, 0x0, 0x0, 0x0, 0x0, 0x0,
    0x0, 0x0, 0x6c, 0xef, 0xd8, 0x18, 0xff, 0xf0,
    0x0, 0x2d, 0xff, 0xff, 0xff, 0xea, 0xff, 0xf0,
    0x0, 0xdf, 0xff, 0xfe, 0xef, 0xff, 0xff, 0xf0,
    0x8, 0xff, 0xfd, 0x30, 0x3, 0xdf, 0xff, 0xf0,
    0xe, 0xff, 0xf1, 0x0, 0x0, 0x2f, 0xff, 0xf0,
    0x1f, 0xff, 0xa0, 0x0, 0x0, 0xf, 0xff, 0xf0,
    0x3f, 0xff, 0x90, 0x0, 0x0, 0xf, 0xff, 0xf0,
    0x1f, 0xff, 0xb0, 0x0, 0x0, 0xf, 0xff, 0xf0,
    0xe, 0xff, 0xf3, 0x0, 0x0, 0x4f, 0xff, 0xf0,
    0x8, 0xff, 0xfe, 0x61, 0x16, 0xff, 0xff, 0xf0,
    0x0, 0xdf, 0xff, 0xff, 0xff, 0xff, 0xff, 0xf0,
    0x0, 0x2c, 0xff, 0xff, 0xff, 0xee, 0xff, 0xf0,
    0x0, 0x0, 0x6c, 0xef, 0xd8, 0x1d, 0xff, 0xe0,
    0x0, 0x0, 0x0, 0x0, 0x0, 0x2f, 0xff, 0xb0,
    0x0, 0x7d, 0x73, 0x0, 0x4, 0xdf, 0xff, 0x50,
    0x1, 0xff, 0xff, 0xff, 0xff, 0xff, 0xfc, 0x0,
    0x3, 0xdf, 0xff, 0xff, 0xff, 0xff, 0xb1, 0x0,
    0x0, 0x4, 0x9c, 0xef, 0xfd, 0xa4, 0x0, 0x0,

    /* U+0122 "Ģ" */
    0x0, 0x0, 0x0, 0x5a, 0xdf, 0xfe, 0xb7, 0x10,
    0x0, 0x0, 0x0, 0x5e, 0xff, 0xff, 0xff, 0xff,
    0xf8, 0x0, 0x0, 0x8, 0xff, 0xff, 0xff, 0xff,
    0xff, 0xff, 0xb0, 0x0, 0x6f, 0xff, 0xfe, 0x95,
    0x56, 0xbf, 0xff, 0x80, 0x1, 0xff, 0xff, 0xa0,
    0x0, 0x0, 0x3, 0xd6, 0x0, 0x8, 0xff, 0xfc,
    0x0, 0x0, 0x0, 0x0, 0x0, 0x0, 0xd, 0xff,
    0xf4, 0x0, 0x0, 0x0, 0x0, 0x0, 0x0, 0xf,
    0xff, 0xf0, 0x0, 0x0, 0x0, 0x0, 0x0, 0x0,
    0xf, 0xff, 0xe0, 0x0, 0x0, 0x0, 0x7, 0xcc,
    0xa0, 0xf, 0xff, 0xf0, 0x0, 0x0, 0x0, 0xa,
    0xff, 0xe0, 0xd, 0xff, 0xf4, 0x0, 0x0, 0x0,
    0xa, 0xff, 0xe0, 0x8, 0xff, 0xfc, 0x0, 0x0,
    0x0, 0xa, 0xff, 0xe0, 0x1, 0xff, 0xff, 0xa0,
    0x0, 0x0, 0xc, 0xff, 0xe0, 0x0, 0x6f, 0xff,
    0xfe, 0x85, 0x46, 0xaf, 0xff, 0xe0, 0x0, 0x8,
    0xff, 0xff, 0xff, 0xff, 0xff, 0xff, 0xf0, 0x0,
    0x0, 0x5e, 0xff, 0xff, 0xff, 0xff, 0xfb, 0x20,
    0x0, 0x0, 0x0, 0x6a, 0xdf, 0xfe, 0xb7, 0x20,
    0x0, 0x0, 0x0, 0x0, 0x0, 0x0, 0x0, 0x0,
    0x0, 0x0, 0x0, 0x0, 0x0, 0x0, 0x0, 0x0,
    0x0, 0x0, 0x0, 0x0, 0x0, 0x0, 0x0, 0x4c,
    0xa0, 0x0, 0x0, 0x0, 0x0, 0x0, 0x0, 0x0,
    0xdf, 0xf5, 0x0, 0x0, 0x0, 0x0, 0x0, 0x0,
    0x0, 0x7f, 0xf4, 0x0, 0x0, 0x0, 0x0, 0x0,
    0x0, 0x0, 0x2f, 0xd0, 0x0, 0x0, 0x0, 0x0,
    0x0, 0x0, 0x0, 0x7f, 0x60, 0x0, 0x0, 0x0,

    /* U+0123 "ģ" */
    0x0, 0x0, 0x0, 0x6, 0xfb, 0x0, 0x0, 0x0,
    0x0, 0x0, 0x0, 0xe, 0xf5, 0x0, 0x0, 0x0,
    0x0, 0x0, 0x0, 0x6f, 0xfa, 0x0, 0x0, 0x0,
    0x0, 0x0, 0x0, 0xaf, 0xff, 0x0, 0x0, 0x0,
    0x0, 0x0, 0x0, 0x3b, 0xc6, 0x0, 0x0, 0x0,
    0x0, 0x0, 0x0, 0x0, 0x0, 0x0, 0x0, 0x0,
    0x0, 0x0, 0x6c, 0xef, 0xd8, 0x18, 0xff, 0xf0,
    0x0, 0x2d, 0xff, 0xff, 0xff, 0xea, 0xff, 0xf0,
    0x0, 0xdf, 0xff, 0xfe, 0xef, 0xff, 0xff, 0xf0,
    0x8, 0xff, 0xfd, 0x30, 0x3, 0xdf, 0xff, 0xf0,
    0xe, 0xff, 0xf1, 0x0, 0x0, 0x2f, 0xff, 0xf0,
    0x1f, 0xff, 0xa0, 0x0, 0x0, 0xf, 0xff, 0xf0,
    0x3f, 0xff, 0x90, 0x0, 0x0, 0xf, 0xff, 0xf0,
    0x1f, 0xff, 0xb0, 0x0, 0x0, 0xf, 0xff, 0xf0,
    0xe, 0xff, 0xf3, 0x0, 0x0, 0x4f, 0xff, 0xf0,
    0x8, 0xff, 0xfe, 0x61, 0x16, 0xff, 0xff, 0xf0,
    0x0, 0xdf, 0xff, 0xff, 0xff, 0xff, 0xff, 0xf0,
    0x0, 0x2c, 0xff, 0xff, 0xff, 0xee, 0xff, 0xf0,
    0x0, 0x0, 0x6c, 0xef, 0xd8, 0x1d, 0xff, 0xe0,
    0x0, 0x0, 0x0, 0x0, 0x0, 0x2f, 0xff, 0xb0,
    0x0, 0x7d, 0x73, 0x0, 0x4, 0xdf, 0xff, 0x50,
    0x1, 0xff, 0xff, 0xff, 0xff, 0xff, 0xfc, 0x0,
    0x3, 0xdf, 0xff, 0xff, 0xff, 0xff, 0xb1, 0x0,
    0x0, 0x4, 0x9c, 0xef, 0xfd, 0xa4, 0x0, 0x0,

    /* U+0124 "Ĥ" */
    0x0, 0x0, 0x0, 0x17, 0x88, 0x40, 0x0, 0x0,
    0x0, 0x0, 0x0, 0xc, 0xff, 0xff, 0x40, 0x0,
    0x0, 0x0, 0x0, 0xb, 0xff, 0x6c, 0xff, 0x30,
    0x0, 0x0, 0x0, 0xa, 0xfe, 0x30, 0xb, 0xfe,
    0x20, 0x0, 0x0, 0x0, 0x0, 0x0, 0x0, 0x0,
    0x0, 0x0, 0x0, 0xff, 0xfe, 0x0, 0x0, 0x0,
    0x7, 0xff, 0xf6, 0xf, 0xff, 0xe0, 0x0, 0x0,
    0x0, 0x7f, 0xff, 0x60, 0xff, 0xfe, 0x0, 0x0,
    0x0, 0x7, 0xff, 0xf6, 0xf, 0xff, 0xe0, 0x0,
    0x0, 0x0, 0x7f, 0xff, 0x60, 0xff, 0xfe, 0x0,
    0x0, 0x0, 0x7, 0xff, 0xf6, 0xf, 0xff, 0xe0,
    0x0, 0x0, 0x0, 0x7f, 0xff, 0x60, 0xff, 0xfe,
    0x0, 0x0, 0x0, 0x7, 0xff, 0xf6, 0xf, 0xff,
    0xff, 0xff, 0xff, 0xff, 0xff, 0xff, 0x60, 0xff,
    0xff, 0xff, 0xff, 0xff, 0xff, 0xff, 0xf6, 0xf,
    0xff, 0xff, 0xff, 0xff, 0xff, 0xff, 0xff, 0x60,
    0xff, 0xff, 0x44, 0x44, 0x44, 0x4b, 0xff, 0xf6,
    0xf, 0xff, 0xe0, 0x0, 0x0, 0x0, 0x7f, 0xff,
    0x60, 0xff, 0xfe, 0x0, 0x0, 0x0, 0x7, 0xff,
    0xf6, 0xf, 0xff, 0xe0, 0x0, 0x0, 0x0, 0x7f,
    0xff, 0x60, 0xff, 0xfe, 0x0, 0x0, 0x0, 0x7,
    0xff, 0xf6, 0xf, 0xff, 0xe0, 0x0, 0x0, 0x0,
    0x7f, 0xff, 0x60, 0xff, 0xfe, 0x0, 0x0, 0x0,
    0x7, 0xff, 0xf6,

    /* U+0125 "ĥ" */
    0x0, 0x2, 0x88, 0x83, 0x0, 0x0, 0x0, 0x0,
    0x0, 0x1, 0xdf, 0xff, 0xf3, 0x0, 0x0, 0x0,
    0x0, 0x0, 0xcf, 0xe5, 0xdf, 0xe2, 0x0, 0x0,
    0x0, 0x0, 0xbf, 0xe2, 0x1, 0xcf, 0xd1, 0x0,
    0x0, 0x0, 0x0, 0x0, 0x0, 0x0, 0x0, 0x0,
    0x0, 0x0, 0x0, 0x0, 0x2a, 0xaa, 0x40, 0x0,
    0x0, 0x0, 0x0, 0x0, 0x4, 0xff, 0xf7, 0x0,
    0x0, 0x0, 0x0, 0x0, 0x0, 0x4f, 0xff, 0x70,
    0x0, 0x0, 0x0, 0x0, 0x0, 0x4, 0xff, 0xf7,
    0x0, 0x0, 0x0, 0x0, 0x0, 0x0, 0x4f, 0xff,
    0x70, 0x0, 0x0, 0x0, 0x0, 0x0, 0x4, 0xff,
    0xf7, 0x3a, 0xef, 0xea, 0x30, 0x0, 0x0, 0x4f,
    0xff, 0xef, 0xff, 0xff, 0xff, 0x70, 0x0, 0x4,
    0xff, 0xff, 0xff, 0xff, 0xff, 0xff, 0x30, 0x0,
    0x4f, 0xff, 0xfd, 0x64, 0x6e, 0xff, 0xf9, 0x0,
    0x4, 0xff, 0xfe, 0x10, 0x0, 0x3f, 0xff, 0xc0,
    0x0, 0x4f, 0xff, 0x90, 0x0, 0x0, 0xef, 0xfe,
    0x0, 0x4, 0xff, 0xf7, 0x0, 0x0, 0xd, 0xff,
    0xe0, 0x0, 0x4f, 0xff, 0x70, 0x0, 0x0, 0xdf,
    0xfe, 0x0, 0x4, 0xff, 0xf7, 0x0, 0x0, 0xd,
    0xff, 0xe0, 0x0, 0x4f, 0xff, 0x70, 0x0, 0x0,
    0xdf, 0xfe, 0x0, 0x4, 0xff, 0xf7, 0x0, 0x0,
    0xd, 0xff, 0xe0, 0x0, 0x4f, 0xff, 0x70, 0x0,
    0x0, 0xdf, 0xfe, 0x0, 0x4, 0xff, 0xf7, 0x0,
    0x0, 0xd, 0xff, 0xe0,

    /* U+0126 "Ħ" */
    0x0, 0xbf, 0xff, 0x30, 0x0, 0x0, 0x2, 0xff,
    0xfb, 0x0, 0x0, 0xbf, 0xff, 0x30, 0x0, 0x0,
    0x2, 0xff, 0xfb, 0x0, 0x89, 0xff, 0xff, 0xc9,
    0x99, 0x99, 0x9b, 0xff, 0xff, 0x98, 0xff, 0xff,
    0xff, 0xff, 0xff, 0xff, 0xff, 0xff, 0xff, 0xff,
    0xff, 0xff, 0xff, 0xff, 0xff, 0xff, 0xff, 0xff,
    0xff, 0xff, 0x0, 0xbf, 0xff, 0x30, 0x0, 0x0,
    0x2, 0xff, 0xfb, 0x0, 0x0, 0xbf, 0xff, 0x30,
    0x0, 0x0, 0x2, 0xff, 0xfb, 0x0, 0x0, 0xbf,
    0xff, 0xff, 0xff, 0xff, 0xff, 0xff, 0xfb, 0x0,
    0x0, 0xbf, 0xff, 0xff, 0xff, 0xff, 0xff, 0xff,
    0xfb, 0x0, 0x0, 0xbf, 0xff, 0xff, 0xff, 0xff,
    0xff, 0xff, 0xfb, 0x0, 0x0, 0xbf, 0xff, 0x74,
    0x44, 0x44, 0x47, 0xff, 0xfb, 0x0, 0x0, 0xbf,
    0xff, 0x30, 0x0, 0x0, 0x2, 0xff, 0xfb, 0x0,
    0x0, 0xbf, 0xff, 0x30, 0x0, 0x0, 0x2, 0xff,
    0xfb, 0x0, 0x0, 0xbf, 0xff, 0x30, 0x0, 0x0,
    0x2, 0xff, 0xfb, 0x0, 0x0, 0xbf, 0xff, 0x30,
    0x0, 0x0, 0x2, 0xff, 0xfb, 0x0, 0x0, 0xbf,
    0xff, 0x30, 0x0, 0x0, 0x2, 0xff, 0xfb, 0x0,
    0x0, 0xbf, 0xff, 0x30, 0x0, 0x0, 0x2, 0xff,
    0xfb, 0x0,

    /* U+0127 "ħ" */
    0x2, 0x88, 0x83, 0x0, 0x0, 0x0, 0x0, 0xf,
    0xff, 0xff, 0xff, 0xff, 0xe0, 0x0, 0x0, 0xff,
    0xff, 0xff, 0xff, 0xfe, 0x0, 0x0, 0x2, 0x6f,
    0xff, 0x92, 0x22, 0x20, 0x0, 0x0, 0x4, 0xff,
    0xf7, 0x0, 0x0, 0x0, 0x0, 0x0, 0x4f, 0xff,
    0x73, 0xae, 0xfe, 0xa3, 0x0, 0x4, 0xff, 0xfe,
    0xff, 0xff, 0xff, 0xf7, 0x0, 0x4f, 0xff, 0xff,
    0xff, 0xff, 0xff, 0xf3, 0x4, 0xff, 0xff, 0xd6,
    0x46, 0xef, 0xff, 0x90, 0x4f, 0xff, 0xe1, 0x0,
    0x3, 0xff, 0xfc, 0x4, 0xff, 0xf9, 0x0, 0x0,
    0xe, 0xff, 0xe0, 0x4f, 0xff, 0x70, 0x0, 0x0,
    0xdf, 0xfe, 0x4, 0xff, 0xf7, 0x0, 0x0, 0xd,
    0xff, 0xe0, 0x4f, 0xff, 0x70, 0x0, 0x0, 0xdf,
    0xfe, 0x4, 0xff, 0xf7, 0x0, 0x0, 0xd, 0xff,
    0xe0, 0x4f, 0xff, 0x70, 0x0, 0x0, 0xdf, 0xfe,
    0x4, 0xff, 0xf7, 0x0, 0x0, 0xd, 0xff, 0xe0,
    0x4f, 0xff, 0x70, 0x0, 0x0, 0xdf, 0xfe,

    /* U+0128 "Ĩ" */
    0x5, 0xef, 0x70, 0x6, 0xf7, 0x1f, 0xff, 0xf9,
    0x1c, 0xf5, 0x6f, 0xb3, 0xdf, 0xff, 0xe0, 0x9f,
    0x50, 0x1b, 0xff, 0x50, 0x12, 0x0, 0x0, 0x10,
    0x0, 0x0, 0xf, 0xff, 0xe0, 0x0, 0x0, 0xf,
    0xff, 0xe0, 0x0, 0x0, 0xf, 0xff, 0xe0, 0x0,
    0x0, 0xf, 0xff, 0xe0, 0x0, 0x0, 0xf, 0xff,
    0xe0, 0x0, 0x0, 0xf, 0xff, 0xe0, 0x0, 0x0,
    0xf, 0xff, 0xe0, 0x0, 0x0, 0xf, 0xff, 0xe0,
    0x0, 0x0, 0xf, 0xff, 0xe0, 0x0, 0x0, 0xf,
    0xff, 0xe0, 0x0, 0x0, 0xf, 0xff, 0xe0, 0x0,
    0x0, 0xf, 0xff, 0xe0, 0x0, 0x0, 0xf, 0xff,
    0xe0, 0x0, 0x0, 0xf, 0xff, 0xe0, 0x0, 0x0,
    0xf, 0xff, 0xe0, 0x0, 0x0, 0xf, 0xff, 0xe0,
    0x0, 0x0, 0xf, 0xff, 0xe0, 0x0,

    /* U+0129 "ĩ" */
    0x5, 0xee, 0x92, 0x7f, 0x81, 0xff, 0xff, 0xff,
    0xf4, 0x4f, 0xb2, 0xaf, 0xfa, 0x0, 0x10, 0x0,
    0x0, 0x0, 0x0, 0x0, 0x0, 0x0, 0x0, 0x4,
    0xff, 0xf7, 0x0, 0x0, 0x4f, 0xff, 0x70, 0x0,
    0x4, 0xff, 0xf7, 0x0, 0x0, 0x4f, 0xff, 0x70,
    0x0, 0x4, 0xff, 0xf7, 0x0, 0x0, 0x4f, 0xff,
    0x70, 0x0, 0x4, 0xff, 0xf7, 0x0, 0x0, 0x4f,
    0xff, 0x70, 0x0, 0x4, 0xff, 0xf7, 0x0, 0x0,
    0x4f, 0xff, 0x70, 0x0, 0x4, 0xff, 0xf7, 0x0,
    0x0, 0x4f, 0xff, 0x70, 0x0, 0x4, 0xff, 0xf7,
    0x0,

    /* U+012A "Ī" */
    0xaf, 0xff, 0xff, 0xf8, 0xaf, 0xff, 0xff, 0xf8,
    0x1, 0x11, 0x11, 0x10, 0x0, 0x0, 0x0, 0x0,
    0x0, 0xff, 0xfe, 0x0, 0x0, 0xff, 0xfe, 0x0,
    0x0, 0xff, 0xfe, 0x0, 0x0, 0xff, 0xfe, 0x0,
    0x0, 0xff, 0xfe, 0x0, 0x0, 0xff, 0xfe, 0x0,
    0x0, 0xff, 0xfe, 0x0, 0x0, 0xff, 0xfe, 0x0,
    0x0, 0xff, 0xfe, 0x0, 0x0, 0xff, 0xfe, 0x0,
    0x0, 0xff, 0xfe, 0x0, 0x0, 0xff, 0xfe, 0x0,
    0x0, 0xff, 0xfe, 0x0, 0x0, 0xff, 0xfe, 0x0,
    0x0, 0xff, 0xfe, 0x0, 0x0, 0xff, 0xfe, 0x0,
    0x0, 0xff, 0xfe, 0x0,

    /* U+012B "ī" */
    0x11, 0x11, 0x11, 0x10, 0xff, 0xff, 0xff, 0xf3,
    0xff, 0xff, 0xff, 0xf3, 0x0, 0x0, 0x0, 0x0,
    0x0, 0x0, 0x0, 0x0, 0x4, 0xff, 0xf7, 0x0,
    0x4, 0xff, 0xf7, 0x0, 0x4, 0xff, 0xf7, 0x0,
    0x4, 0xff, 0xf7, 0x0, 0x4, 0xff, 0xf7, 0x0,
    0x4, 0xff, 0xf7, 0x0, 0x4, 0xff, 0xf7, 0x0,
    0x4, 0xff, 0xf7, 0x0, 0x4, 0xff, 0xf7, 0x0,
    0x4, 0xff, 0xf7, 0x0, 0x4, 0xff, 0xf7, 0x0,
    0x4, 0xff, 0xf7, 0x0, 0x4, 0xff, 0xf7, 0x0,

    /* U+012C "Ĭ" */
    0x38, 0x70, 0x0, 0x8, 0x82, 0x4f, 0xf6, 0x0,
    0x8f, 0xf2, 0xb, 0xff, 0xff, 0xff, 0x90, 0x0,
    0x6c, 0xfe, 0xc5, 0x0, 0x0, 0x0, 0x0, 0x0,
    0x0, 0x0, 0xf, 0xff, 0xe0, 0x0, 0x0, 0xf,
    0xff, 0xe0, 0x0, 0x0, 0xf, 0xff, 0xe0, 0x0,
    0x0, 0xf, 0xff, 0xe0, 0x0, 0x0, 0xf, 0xff,
    0xe0, 0x0, 0x0, 0xf, 0xff, 0xe0, 0x0, 0x0,
    0xf, 0xff, 0xe0, 0x0, 0x0, 0xf, 0xff, 0xe0,
    0x0, 0x0, 0xf, 0xff, 0xe0, 0x0, 0x0, 0xf,
    0xff, 0xe0, 0x0, 0x0, 0xf, 0xff, 0xe0, 0x0,
    0x0, 0xf, 0xff, 0xe0, 0x0, 0x0, 0xf, 0xff,
    0xe0, 0x0, 0x0, 0xf, 0xff, 0xe0, 0x0, 0x0,
    0xf, 0xff, 0xe0, 0x0, 0x0, 0xf, 0xff, 0xe0,
    0x0, 0x0, 0xf, 0xff, 0xe0, 0x0,

    /* U+012D "ĭ" */
    0x2f, 0xf1, 0x0, 0xef, 0x50, 0xef, 0x90, 0x6f,
    0xf2, 0x6, 0xff, 0xff, 0xf9, 0x0, 0x4, 0xce,
    0xc6, 0x0, 0x0, 0x0, 0x0, 0x0, 0x0, 0x4,
    0xff, 0xf7, 0x0, 0x0, 0x4f, 0xff, 0x70, 0x0,
    0x4, 0xff, 0xf7, 0x0, 0x0, 0x4f, 0xff, 0x70,
    0x0, 0x4, 0xff, 0xf7, 0x0, 0x0, 0x4f, 0xff,
    0x70, 0x0, 0x4, 0xff, 0xf7, 0x0, 0x0, 0x4f,
    0xff, 0x70, 0x0, 0x4, 0xff, 0xf7, 0x0, 0x0,
    0x4f, 0xff, 0x70, 0x0, 0x4, 0xff, 0xf7, 0x0,
    0x0, 0x4f, 0xff, 0x70, 0x0, 0x4, 0xff, 0xf7,
    0x0,

    /* U+012E "Į" */
    0xf, 0xff, 0xe0, 0xf, 0xff, 0xe0, 0xf, 0xff,
    0xe0, 0xf, 0xff, 0xe0, 0xf, 0xff, 0xe0, 0xf,
    0xff, 0xe0, 0xf, 0xff, 0xe0, 0xf, 0xff, 0xe0,
    0xf, 0xff, 0xe0, 0xf, 0xff, 0xe0, 0xf, 0xff,
    0xe0, 0xf, 0xff, 0xe0, 0xf, 0xff, 0xe0, 0xf,
    0xff, 0xe0, 0xf, 0xff, 0xe0, 0xf, 0xff, 0xe0,
    0xf, 0xff, 0xf0, 0x1, 0xef, 0x60, 0xa, 0xfa,
    0x0, 0xe, 0xf6, 0x0, 0xf, 0xf9, 0x0, 0x9,
    0xff, 0xf5, 0x0, 0x8d, 0xc5,

    /* U+012F "į" */
    0x1b, 0xfd, 0x30, 0x9f, 0xff, 0xc0, 0xaf, 0xff,
    0xd0, 0x2d, 0xfe, 0x40, 0x0, 0x10, 0x0, 0x0,
    0x0, 0x0, 0x4f, 0xff, 0x70, 0x4f, 0xff, 0x70,
    0x4f, 0xff, 0x70, 0x4f, 0xff, 0x70, 0x4f, 0xff,
    0x70, 0x4f, 0xff, 0x70, 0x4f, 0xff, 0x70, 0x4f,
    0xff, 0x70, 0x4f, 0xff, 0x70, 0x4f, 0xff, 0x70,
    0x4f, 0xff, 0x70, 0x4f, 0xff, 0x70, 0x4f, 0xff,
    0x90, 0x6, 0xfe, 0x10, 0x1f, 0xf4, 0x0, 0x5f,
    0xf0, 0x0, 0x5f, 0xf3, 0x10, 0x1e, 0xff, 0xe0,
    0x3, 0xbd, 0xb1,

    /* U+0130 "İ" */
    0x0, 0x0, 0x0, 0x6e, 0xe4, 0xf, 0xff, 0xd0,
    0xff, 0xfd, 0x6, 0xee, 0x40, 0x0, 0x0, 0xf,
    0xff, 0xe0, 0xff, 0xfe, 0xf, 0xff, 0xe0, 0xff,
    0xfe, 0xf, 0xff, 0xe0, 0xff, 0xfe, 0xf, 0xff,
    0xe0, 0xff, 0xfe, 0xf, 0xff, 0xe0, 0xff, 0xfe,
    0xf, 0xff, 0xe0, 0xff, 0xfe, 0xf, 0xff, 0xe0,
    0xff, 0xfe, 0xf, 0xff, 0xe0, 0xff, 0xfe, 0xf,
    0xff, 0xe0,

    /* U+0131 "ı" */
    0x4f, 0xff, 0x74, 0xff, 0xf7, 0x4f, 0xff, 0x74,
    0xff, 0xf7, 0x4f, 0xff, 0x74, 0xff, 0xf7, 0x4f,
    0xff, 0x74, 0xff, 0xf7, 0x4f, 0xff, 0x74, 0xff,
    0xf7, 0x4f, 0xff, 0x74, 0xff, 0xf7, 0x4f, 0xff,
    0x70,

    /* U+0132 "Ĳ" */
    0x2f, 0xff, 0xb0, 0x0, 0x0, 0x5f, 0xff, 0x82,
    0xff, 0xfb, 0x0, 0x0, 0x5, 0xff, 0xf8, 0x2f,
    0xff, 0xb0, 0x0, 0x0, 0x5f, 0xff, 0x82, 0xff,
    0xfb, 0x0, 0x0, 0x5, 0xff, 0xf8, 0x2f, 0xff,
    0xb0, 0x0, 0x0, 0x5f, 0xff, 0x82, 0xff, 0xfb,
    0x0, 0x0, 0x5, 0xff, 0xf8, 0x2f, 0xff, 0xb0,
    0x0, 0x0, 0x5f, 0xff, 0x82, 0xff, 0xfb, 0x0,
    0x0, 0x5, 0xff, 0xf8, 0x2f, 0xff, 0xb0, 0x0,
    0x0, 0x5f, 0xff, 0x80, 0x0, 0x0, 0x0, 0x0,
    0x5, 0xff, 0xf7, 0x0, 0x0, 0x0, 0x0, 0x0,
    0x7f, 0xff, 0x60, 0x0, 0x0, 0x0, 0x0, 0xa,
    0xff, 0xf4, 0x3, 0x60, 0x0, 0x0, 0x3, 0xff,
    0xfe, 0x0, 0xbf, 0xe9, 0x54, 0x48, 0xff, 0xff,
    0x80, 0x3f, 0xff, 0xff, 0xff, 0xff, 0xff, 0xc0,
    0x2, 0xcf, 0xff, 0xff, 0xff, 0xff, 0xa1, 0x0,
    0x0, 0x38, 0xce, 0xfe, 0xd9, 0x30, 0x0, 0x0,

    /* U+0133 "ĳ" */
    0x0, 0x10, 0x0, 0x0, 0x1, 0x10, 0x2, 0xdf,
    0xe4, 0x0, 0xa, 0xff, 0xa0, 0xaf, 0xff, 0xd0,
    0x4, 0xff, 0xff, 0x39, 0xff, 0xfc, 0x0, 0x3f,
    0xff, 0xf2, 0x1b, 0xfd, 0x30, 0x0, 0x7e, 0xe7,
    0x0, 0x0, 0x0, 0x0, 0x0, 0x0, 0x0, 0x4f,
    0xff, 0x70, 0x0, 0xef, 0xfd, 0x4, 0xff, 0xf7,
    0x0, 0xe, 0xff, 0xd0, 0x4f, 0xff, 0x70, 0x0,
    0xef, 0xfd, 0x4, 0xff, 0xf7, 0x0, 0xe, 0xff,
    0xd0, 0x4f, 0xff, 0x70, 0x0, 0xef, 0xfd, 0x4,
    0xff, 0xf7, 0x0, 0xe, 0xff, 0xd0, 0x4f, 0xff,
    0x70, 0x0, 0xef, 0xfd, 0x4, 0xff, 0xf7, 0x0,
    0xe, 0xff, 0xd0, 0x4f, 0xff, 0x70, 0x0, 0xef,
    0xfd, 0x4, 0xff, 0xf7, 0x0, 0xe, 0xff, 0xd0,
    0x4f, 0xff, 0x70, 0x0, 0xef, 0xfd, 0x4, 0xff,
    0xf7, 0x0, 0xe, 0xff, 0xd0, 0x4f, 0xff, 0x70,
    0x0, 0xef, 0xfd, 0x0, 0x0, 0x0, 0x0, 0xe,
    0xff, 0xd0, 0x0, 0x0, 0x3, 0x5, 0xff, 0xfa,
    0x0, 0x0, 0x5, 0xff, 0xff, 0xff, 0x50, 0x0,
    0x0, 0xbf, 0xff, 0xff, 0xa0, 0x0, 0x0, 0x7,
    0xdf, 0xfc, 0x60, 0x0,

    /* U+0134 "Ĵ" */
    0x0, 0x0, 0x5, 0x88, 0x71, 0x0, 0x0, 0x0,
    0x7, 0xff, 0xff, 0xd1, 0x0, 0x0, 0x8, 0xff,
    0x82, 0xdf, 0xe2, 0x0, 0x2, 0x88, 0x40, 0x0,
    0x78, 0x60, 0x0, 0x0, 0x0, 0x0, 0x0, 0x0,
    0x0, 0xa, 0xff, 0xff, 0xff, 0xff, 0xf2, 0x0,
    0xaf, 0xff, 0xff, 0xff, 0xff, 0x20, 0xa, 0xff,
    0xff, 0xff, 0xff, 0xf2, 0x0, 0x1, 0x11, 0x11,
    0xcf, 0xff, 0x20, 0x0, 0x0, 0x0, 0xb, 0xff,
    0xf2, 0x0, 0x0, 0x0, 0x0, 0xbf, 0xff, 0x20,
    0x0, 0x0, 0x0, 0xb, 0xff, 0xf2, 0x0, 0x0,
    0x0, 0x0, 0xbf, 0xff, 0x20, 0x0, 0x0, 0x0,
    0xb, 0xff, 0xf2, 0x0, 0x0, 0x0, 0x0, 0xbf,
    0xff, 0x20, 0x0, 0x0, 0x0, 0xb, 0xff, 0xf2,
    0x0, 0x0, 0x0, 0x0, 0xcf, 0xff, 0x10, 0x9,
    0x40, 0x0, 0xf, 0xff, 0xf0, 0x7, 0xff, 0x83,
    0x4b, 0xff, 0xfb, 0x2, 0xff, 0xff, 0xff, 0xff,
    0xff, 0x40, 0x6, 0xff, 0xff, 0xff, 0xff, 0x80,
    0x0, 0x2, 0x8d, 0xff, 0xea, 0x30, 0x0,

    /* U+0135 "ĵ" */
    0x0, 0x0, 0x7, 0x88, 0x40, 0x0, 0x0, 0xb,
    0xff, 0xff, 0x40, 0x0, 0x9, 0xff, 0x5b, 0xff,
    0x20, 0x1, 0x88, 0x30, 0x7, 0x86, 0x0, 0x0,
    0x0, 0x0, 0x0, 0x0, 0x0, 0x1, 0xff, 0xfa,
    0x0, 0x0, 0x0, 0x1f, 0xff, 0xa0, 0x0, 0x0,
    0x1, 0xff, 0xfa, 0x0, 0x0, 0x0, 0x1f, 0xff,
    0xa0, 0x0, 0x0, 0x1, 0xff, 0xfa, 0x0, 0x0,
    0x0, 0x1f, 0xff, 0xa0, 0x0, 0x0, 0x1, 0xff,
    0xfa, 0x0, 0x0, 0x0, 0x1f, 0xff, 0xa0, 0x0,
    0x0, 0x1, 0xff, 0xfa, 0x0, 0x0, 0x0, 0x1f,
    0xff, 0xa0, 0x0, 0x0, 0x1, 0xff, 0xfa, 0x0,
    0x0, 0x0, 0x1f, 0xff, 0xa0, 0x0, 0x0, 0x1,
    0xff, 0xfa, 0x0, 0x0, 0x0, 0x2f, 0xff, 0x90,
    0x0, 0x11, 0x9, 0xff, 0xf7, 0x0, 0x9, 0xff,
    0xff, 0xff, 0x20, 0x0, 0xef, 0xff, 0xff, 0x70,
    0x0, 0x19, 0xdf, 0xfb, 0x40, 0x0, 0x0,

    /* U+0136 "Ķ" */
    0xf, 0xff, 0xd0, 0x0, 0x0, 0x3, 0xff, 0xff,
    0x30, 0xf, 0xff, 0xd0, 0x0, 0x0, 0x2e, 0xff,
    0xf4, 0x0, 0xf, 0xff, 0xd0, 0x0, 0x2, 0xef,
    0xff, 0x50, 0x0, 0xf, 0xff, 0xd0, 0x0, 0x1e,
    0xff, 0xf6, 0x0, 0x0, 0xf, 0xff, 0xd0, 0x1,
    0xdf, 0xff, 0x70, 0x0, 0x0, 0xf, 0xff, 0xd0,
    0xc, 0xff, 0xf9, 0x0, 0x0, 0x0, 0xf, 0xff,
    0xd0, 0xcf, 0xff, 0xa0, 0x0, 0x0, 0x0, 0xf,
    0xff, 0xeb, 0xff, 0xff, 0x0, 0x0, 0x0, 0x0,
    0xf, 0xff, 0xff, 0xff, 0xff, 0x60, 0x0, 0x0,
    0x0, 0xf, 0xff, 0xff, 0xff, 0xff, 0xf3, 0x0,
    0x0, 0x0, 0xf, 0xff, 0xff, 0xdd, 0xff, 0xfe,
    0x10, 0x0, 0x0, 0xf, 0xff, 0xfe, 0x11, 0xdf,
    0xff, 0xb0, 0x0, 0x0, 0xf, 0xff, 0xf2, 0x0,
    0x2f, 0xff, 0xf8, 0x0, 0x0, 0xf, 0xff, 0xd0,
    0x0, 0x5, 0xff, 0xff, 0x40, 0x0, 0xf, 0xff,
    0xd0, 0x0, 0x0, 0x8f, 0xff, 0xe2, 0x0, 0xf,
    0xff, 0xd0, 0x0, 0x0, 0xb, 0xff, 0xfd, 0x0,
    0xf, 0xff, 0xd0, 0x0, 0x0, 0x1, 0xdf, 0xff,
    0xa0, 0x0, 0x0, 0x0, 0x0, 0x0, 0x0, 0x0,
    0x0, 0x0, 0x0, 0x0, 0x0, 0x0, 0x0, 0x0,
    0x0, 0x0, 0x0, 0x0, 0x0, 0x0, 0x1b, 0xb3,
    0x0, 0x0, 0x0, 0x0, 0x0, 0x0, 0x0, 0x8f,
    0xfb, 0x0, 0x0, 0x0, 0x0, 0x0, 0x0, 0x0,
    0x3f, 0xf9, 0x0, 0x0, 0x0, 0x0, 0x0, 0x0,
    0x0, 0xd, 0xf3, 0x0, 0x0, 0x0, 0x0, 0x0,
    0x0, 0x0, 0x1f, 0xb0, 0x0, 0x0, 0x0, 0x0,

    /* U+0137 "ķ" */
    0x2a, 0xaa, 0x40, 0x0, 0x0, 0x0, 0x0, 0x4,
    0xff, 0xf7, 0x0, 0x0, 0x0, 0x0, 0x0, 0x4f,
    0xff, 0x70, 0x0, 0x0, 0x0, 0x0, 0x4, 0xff,
    0xf7, 0x0, 0x0, 0x0, 0x0, 0x0, 0x4f, 0xff,
    0x70, 0x0, 0x0, 0x0, 0x0, 0x4, 0xff, 0xf7,
    0x0, 0x0, 0x9f, 0xff, 0xd1, 0x4f, 0xff, 0x70,
    0x0, 0x9f, 0xff, 0xd1, 0x4, 0xff, 0xf7, 0x0,
    0xaf, 0xff, 0xd1, 0x0, 0x4f, 0xff, 0x70, 0xbf,
    0xff, 0xd1, 0x0, 0x4, 0xff, 0xf8, 0xbf, 0xff,
    0xe2, 0x0, 0x0, 0x4f, 0xff, 0xff, 0xff, 0xf4,
    0x0, 0x0, 0x4, 0xff, 0xff, 0xff, 0xff, 0xc0,
    0x0, 0x0, 0x4f, 0xff, 0xff, 0xff, 0xff, 0x90,
    0x0, 0x4, 0xff, 0xff, 0xa4, 0xff, 0xff, 0x60,
    0x0, 0x4f, 0xff, 0xf0, 0x7, 0xff, 0xff, 0x30,
    0x4, 0xff, 0xf7, 0x0, 0xa, 0xff, 0xfd, 0x10,
    0x4f, 0xff, 0x70, 0x0, 0xc, 0xff, 0xfb, 0x4,
    0xff, 0xf7, 0x0, 0x0, 0x1e, 0xff, 0xf8, 0x0,
    0x0, 0x0, 0x0, 0x0, 0x0, 0x0, 0x0, 0x0,
    0x0, 0x0, 0x0, 0x0, 0x0, 0x0, 0x0, 0x0,
    0x6, 0xc9, 0x0, 0x0, 0x0, 0x0, 0x0, 0x0,
    0xff, 0xf3, 0x0, 0x0, 0x0, 0x0, 0x0, 0xa,
    0xff, 0x20, 0x0, 0x0, 0x0, 0x0, 0x0, 0x4f,
    0xc0, 0x0, 0x0, 0x0, 0x0, 0x0, 0x9, 0xf4,
    0x0, 0x0, 0x0, 0x0,

    /* U+0138 "ĸ" */
    0x4f, 0xff, 0x70, 0x0, 0x9, 0xff, 0xfd, 0x14,
    0xff, 0xf7, 0x0, 0x9, 0xff, 0xfd, 0x10, 0x4f,
    0xff, 0x70, 0xa, 0xff, 0xfd, 0x10, 0x4, 0xff,
    0xf7, 0xb, 0xff, 0xfd, 0x10, 0x0, 0x4f, 0xff,
    0x8b, 0xff, 0xfe, 0x20, 0x0, 0x4, 0xff, 0xff,
    0xff, 0xff, 0x40, 0x0, 0x0, 0x4f, 0xff, 0xff,
    0xff, 0xfc, 0x0, 0x0, 0x4, 0xff, 0xff, 0xff,
    0xff, 0xf9, 0x0, 0x0, 0x4f, 0xff, 0xfa, 0x4f,
    0xff, 0xf6, 0x0, 0x4, 0xff, 0xff, 0x0, 0x7f,
    0xff, 0xf3, 0x0, 0x4f, 0xff, 0x70, 0x0, 0xaf,
    0xff, 0xd1, 0x4, 0xff, 0xf7, 0x0, 0x0, 0xcf,
    0xff, 0xb0, 0x4f, 0xff, 0x70, 0x0, 0x1, 0xef,
    0xff, 0x80,

    /* U+0139 "Ĺ" */
    0x0, 0x1, 0x88, 0x85, 0x0, 0x0, 0x0, 0x0,
    0x1d, 0xff, 0xb1, 0x0, 0x0, 0x0, 0x0, 0xcf,
    0xf8, 0x0, 0x0, 0x0, 0x0, 0xc, 0xff, 0x50,
    0x0, 0x0, 0x0, 0x0, 0x0, 0x0, 0x0, 0x0,
    0x0, 0x0, 0x0, 0xf, 0xff, 0xe0, 0x0, 0x0,
    0x0, 0x0, 0xf, 0xff, 0xe0, 0x0, 0x0, 0x0,
    0x0, 0xf, 0xff, 0xe0, 0x0, 0x0, 0x0, 0x0,
    0xf, 0xff, 0xe0, 0x0, 0x0, 0x0, 0x0, 0xf,
    0xff, 0xe0, 0x0, 0x0, 0x0, 0x0, 0xf, 0xff,
    0xe0, 0x0, 0x0, 0x0, 0x0, 0xf, 0xff, 0xe0,
    0x0, 0x0, 0x0, 0x0, 0xf, 0xff, 0xe0, 0x0,
    0x0, 0x0, 0x0, 0xf, 0xff, 0xe0, 0x0, 0x0,
    0x0, 0x0, 0xf, 0xff, 0xe0, 0x0, 0x0, 0x0,
    0x0, 0xf, 0xff, 0xe0, 0x0, 0x0, 0x0, 0x0,
    0xf, 0xff, 0xe0, 0x0, 0x0, 0x0, 0x0, 0xf,
    0xff, 0xe0, 0x0, 0x0, 0x0, 0x0, 0xf, 0xff,
    0xe2, 0x22, 0x22, 0x22, 0x20, 0xf, 0xff, 0xff,
    0xff, 0xff, 0xff, 0xf4, 0xf, 0xff, 0xff, 0xff,
    0xff, 0xff, 0xf4, 0xf, 0xff, 0xff, 0xff, 0xff,
    0xff, 0xf4,

    /* U+013A "ĺ" */
    0x0, 0x4, 0x88, 0x72, 0x0, 0x6f, 0xfe, 0x50,
    0x7, 0xff, 0xb1, 0x0, 0x28, 0x85, 0x0, 0x0,
    0x0, 0x0, 0x0, 0x0, 0x2a, 0xaa, 0x40, 0x0,
    0x4f, 0xff, 0x70, 0x0, 0x4f, 0xff, 0x70, 0x0,
    0x4f, 0xff, 0x70, 0x0, 0x4f, 0xff, 0x70, 0x0,
    0x4f, 0xff, 0x70, 0x0, 0x4f, 0xff, 0x70, 0x0,
    0x4f, 0xff, 0x70, 0x0, 0x4f, 0xff, 0x70, 0x0,
    0x4f, 0xff, 0x70, 0x0, 0x4f, 0xff, 0x70, 0x0,
    0x4f, 0xff, 0x70, 0x0, 0x4f, 0xff, 0x70, 0x0,
    0x4f, 0xff, 0x70, 0x0, 0x4f, 0xff, 0x70, 0x0,
    0x4f, 0xff, 0x70, 0x0, 0x4f, 0xff, 0x70, 0x0,
    0x4f, 0xff, 0x70, 0x0,

    /* U+013B "Ļ" */
    0xf, 0xff, 0xe0, 0x0, 0x0, 0x0, 0x0, 0xf,
    0xff, 0xe0, 0x0, 0x0, 0x0, 0x0, 0xf, 0xff,
    0xe0, 0x0, 0x0, 0x0, 0x0, 0xf, 0xff, 0xe0,
    0x0, 0x0, 0x0, 0x0, 0xf, 0xff, 0xe0, 0x0,
    0x0, 0x0, 0x0, 0xf, 0xff, 0xe0, 0x0, 0x0,
    0x0, 0x0, 0xf, 0xff, 0xe0, 0x0, 0x0, 0x0,
    0x0, 0xf, 0xff, 0xe0, 0x0, 0x0, 0x0, 0x0,
    0xf, 0xff, 0xe0, 0x0, 0x0, 0x0, 0x0, 0xf,
    0xff, 0xe0, 0x0, 0x0, 0x0, 0x0, 0xf, 0xff,
    0xe0, 0x0, 0x0, 0x0, 0x0, 0xf, 0xff, 0xe0,
    0x0, 0x0, 0x0, 0x0, 0xf, 0xff, 0xe0, 0x0,
    0x0, 0x0, 0x0, 0xf, 0xff, 0xe2, 0x22, 0x22,
    0x22, 0x20, 0xf, 0xff, 0xff, 0xff, 0xff, 0xff,
    0xf4, 0xf, 0xff, 0xff, 0xff, 0xff, 0xff, 0xf4,
    0xf, 0xff, 0xff, 0xff, 0xff, 0xff, 0xf4, 0x0,
    0x0, 0x0, 0x0, 0x0, 0x0, 0x0, 0x0, 0x0,
    0x0, 0x0, 0x0, 0x0, 0x0, 0x0, 0x0, 0x0,
    0x8c, 0x60, 0x0, 0x0, 0x0, 0x0, 0x2, 0xff,
    0xf0, 0x0, 0x0, 0x0, 0x0, 0x0, 0xff, 0xe0,
    0x0, 0x0, 0x0, 0x0, 0x0, 0x8f, 0x80, 0x0,
    0x0, 0x0, 0x0, 0x0, 0xcf, 0x10, 0x0, 0x0,

    /* U+013C "ļ" */
    0x2a, 0xaa, 0x44, 0xff, 0xf7, 0x4f, 0xff, 0x74,
    0xff, 0xf7, 0x4f, 0xff, 0x74, 0xff, 0xf7, 0x4f,
    0xff, 0x74, 0xff, 0xf7, 0x4f, 0xff, 0x74, 0xff,
    0xf7, 0x4f, 0xff, 0x74, 0xff, 0xf7, 0x4f, 0xff,
    0x74, 0xff, 0xf7, 0x4f, 0xff, 0x74, 0xff, 0xf7,
    0x4f, 0xff, 0x74, 0xff, 0xf7, 0x0, 0x0, 0x0,
    0x0, 0x0, 0x6, 0xc8, 0x0, 0xff, 0xf3, 0xb,
    0xff, 0x10, 0x5f, 0xb0, 0x9, 0xf3, 0x0,

    /* U+013D "Ľ" */
    0x0, 0x0, 0x0, 0x0, 0x8, 0xcc, 0x10, 0xf,
    0xff, 0xe0, 0x0, 0xa, 0xff, 0x0, 0xf, 0xff,
    0xe0, 0x0, 0xa, 0xfe, 0x0, 0xf, 0xff, 0xe0,
    0x0, 0xa, 0xfd, 0x0, 0xf, 0xff, 0xe0, 0x0,
    0xa, 0xfb, 0x0, 0xf, 0xff, 0xe0, 0x0, 0x0,
    0x0, 0x0, 0xf, 0xff, 0xe0, 0x0, 0x0, 0x0,
    0x0, 0xf, 0xff, 0xe0, 0x0, 0x0, 0x0, 0x0,
    0xf, 0xff, 0xe0, 0x0, 0x0, 0x0, 0x0, 0xf,
    0xff, 0xe0, 0x0, 0x0, 0x0, 0x0, 0xf, 0xff,
    0xe0, 0x0, 0x0, 0x0, 0x0, 0xf, 0xff, 0xe0,
    0x0, 0x0, 0x0, 0x0, 0xf, 0xff, 0xe0, 0x0,
    0x0, 0x0, 0x0, 0xf, 0xff, 0xe0, 0x0, 0x0,
    0x0, 0x0, 0xf, 0xff, 0xe2, 0x22, 0x22, 0x22,
    0x20, 0xf, 0xff, 0xff, 0xff, 0xff, 0xff, 0xf4,
    0xf, 0xff, 0xff, 0xff, 0xff, 0xff, 0xf4, 0xf,
    0xff, 0xff, 0xff, 0xff, 0xff, 0xf4,

    /* U+013E "ľ" */
    0x0, 0x0, 0x0, 0x7c, 0xc2, 0x2a, 0xaa, 0x40,
    0x9f, 0xf1, 0x4f, 0xff, 0x70, 0x9f, 0xf0, 0x4f,
    0xff, 0x70, 0x9f, 0xd0, 0x4f, 0xff, 0x70, 0x9f,
    0xc0, 0x4f, 0xff, 0x70, 0x0, 0x0, 0x4f, 0xff,
    0x70, 0x0, 0x0, 0x4f, 0xff, 0x70, 0x0, 0x0,
    0x4f, 0xff, 0x70, 0x0, 0x0, 0x4f, 0xff, 0x70,
    0x0, 0x0, 0x4f, 0xff, 0x70, 0x0, 0x0, 0x4f,
    0xff, 0x70, 0x0, 0x0, 0x4f, 0xff, 0x70, 0x0,
    0x0, 0x4f, 0xff, 0x70, 0x0, 0x0, 0x4f, 0xff,
    0x70, 0x0, 0x0, 0x4f, 0xff, 0x70, 0x0, 0x0,
    0x4f, 0xff, 0x70, 0x0, 0x0, 0x4f, 0xff, 0x70,
    0x0, 0x0, 0x4f, 0xff, 0x70, 0x0, 0x0,

    /* U+013F "Ŀ" */
    0xf, 0xff, 0xe0, 0x0, 0x0, 0x0, 0x0, 0xf,
    0xff, 0xe0, 0x0, 0x0, 0x0, 0x0, 0xf, 0xff,
    0xe0, 0x0, 0x0, 0x0, 0x0, 0xf, 0xff, 0xe0,
    0x0, 0x0, 0x0, 0x0, 0xf, 0xff, 0xe0, 0x0,
    0x0, 0x0, 0x0, 0xf, 0xff, 0xe0, 0x0, 0x3d,
    0xe7, 0x0, 0xf, 0xff, 0xe0, 0x0, 0xbf, 0xff,
    0x10, 0xf, 0xff, 0xe0, 0x0, 0xcf, 0xff, 0x20,
    0xf, 0xff, 0xe0, 0x0, 0x4f, 0xf9, 0x0, 0xf,
    0xff, 0xe0, 0x0, 0x0, 0x10, 0x0, 0xf, 0xff,
    0xe0, 0x0, 0x0, 0x0, 0x0, 0xf, 0xff, 0xe0,
    0x0, 0x0, 0x0, 0x0, 0xf, 0xff, 0xe0, 0x0,
    0x0, 0x0, 0x0, 0xf, 0xff, 0xe2, 0x22, 0x22,
    0x22, 0x20, 0xf, 0xff, 0xff, 0xff, 0xff, 0xff,
    0xf4, 0xf, 0xff, 0xff, 0xff, 0xff, 0xff, 0xf4,
    0xf, 0xff, 0xff, 0xff, 0xff, 0xff, 0xf4,

    /* U+0140 "ŀ" */
    0x2a, 0xaa, 0x40, 0x0, 0x0, 0x4f, 0xff, 0x70,
    0x0, 0x0, 0x4f, 0xff, 0x70, 0x0, 0x0, 0x4f,
    0xff, 0x70, 0x0, 0x0, 0x4f, 0xff, 0x70, 0x0,
    0x0, 0x4f, 0xff, 0x70, 0x0, 0x0, 0x4f, 0xff,
    0x70, 0x0, 0x0, 0x4f, 0xff, 0x70, 0x4a, 0x70,
    0x4f, 0xff, 0x71, 0xff, 0xf6, 0x4f, 0xff, 0x72,
    0xff, 0xf7, 0x4f, 0xff, 0x70, 0x9f, 0xc1, 0x4f,
    0xff, 0x70, 0x0, 0x0, 0x4f, 0xff, 0x70, 0x0,
    0x0, 0x4f, 0xff, 0x70, 0x0, 0x0, 0x4f, 0xff,
    0x70, 0x0, 0x0, 0x4f, 0xff, 0x70, 0x0, 0x0,
    0x4f, 0xff, 0x70, 0x0, 0x0, 0x4f, 0xff, 0x70,
    0x0, 0x0,

    /* U+0141 "Ł" */
    0x0, 0xb, 0xff, 0xf3, 0x0, 0x0, 0x0, 0x0,
    0x0, 0xb, 0xff, 0xf3, 0x0, 0x0, 0x0, 0x0,
    0x0, 0xb, 0xff, 0xf3, 0x0, 0x0, 0x0, 0x0,
    0x0, 0xb, 0xff, 0xf3, 0x4e, 0x40, 0x0, 0x0,
    0x0, 0xb, 0xff, 0xfb, 0xff, 0xd0, 0x0, 0x0,
    0x0, 0xb, 0xff, 0xff, 0xfd, 0x20, 0x0, 0x0,
    0x0, 0xb, 0xff, 0xff, 0xa0, 0x0, 0x0, 0x0,
    0x0, 0xf, 0xff, 0xf9, 0x0, 0x0, 0x0, 0x0,
    0x1, 0xbf, 0xff, 0xf3, 0x0, 0x0, 0x0, 0x0,
    0x1e, 0xff, 0xff, 0xf3, 0x0, 0x0, 0x0, 0x0,
    0xa, 0xff, 0xff, 0xf3, 0x0, 0x0, 0x0, 0x0,
    0x1, 0x3b, 0xff, 0xf3, 0x0, 0x0, 0x0, 0x0,
    0x0, 0xb, 0xff, 0xf3, 0x0, 0x0, 0x0, 0x0,
    0x0, 0xb, 0xff, 0xf4, 0x22, 0x22, 0x22, 0x21,
    0x0, 0xb, 0xff, 0xff, 0xff, 0xff, 0xff, 0xf9,
    0x0, 0xb, 0xff, 0xff, 0xff, 0xff, 0xff, 0xf9,
    0x0, 0xb, 0xff, 0xff, 0xff, 0xff, 0xff, 0xf9,

    /* U+0142 "ł" */
    0x0, 0xa, 0xaa, 0x80, 0x0, 0x0, 0xf, 0xff,
    0xc0, 0x0, 0x0, 0xf, 0xff, 0xc0, 0x0, 0x0,
    0xf, 0xff, 0xc0, 0x0, 0x0, 0xf, 0xff, 0xc0,
    0x0, 0x0, 0xf, 0xff, 0xc1, 0x20, 0x0, 0xf,
    0xff, 0xfe, 0xd0, 0x0, 0xf, 0xff, 0xff, 0xf3,
    0x0, 0xf, 0xff, 0xfd, 0x20, 0x0, 0x4f, 0xff,
    0xf0, 0x0, 0x8, 0xff, 0xff, 0xc0, 0x0, 0x6f,
    0xff, 0xff, 0xc0, 0x0, 0xb, 0x9f, 0xff, 0xc0,
    0x0, 0x0, 0xf, 0xff, 0xc0, 0x0, 0x0, 0xf,
    0xff, 0xc0, 0x0, 0x0, 0xf, 0xff, 0xc0, 0x0,
    0x0, 0xf, 0xff, 0xc0, 0x0, 0x0, 0xf, 0xff,
    0xc0, 0x0,

    /* U+0143 "Ń" */
    0x0, 0x0, 0x0, 0x0, 0x3, 0x88, 0x83, 0x0,
    0x0, 0x0, 0x0, 0x0, 0x3, 0xff, 0xf8, 0x0,
    0x0, 0x0, 0x0, 0x0, 0x2, 0xef, 0xf5, 0x0,
    0x0, 0x0, 0x0, 0x0, 0x2, 0xef, 0xd2, 0x0,
    0x0, 0x0, 0x0, 0x0, 0x0, 0x0, 0x0, 0x0,
    0x0, 0x0, 0x0, 0xff, 0xf9, 0x0, 0x0, 0x0,
    0x7, 0xff, 0xf6, 0xf, 0xff, 0xf7, 0x0, 0x0,
    0x0, 0x7f, 0xff, 0x60, 0xff, 0xff, 0xf4, 0x0,
    0x0, 0x7, 0xff, 0xf6, 0xf, 0xff, 0xff, 0xf2,
    0x0, 0x0, 0x7f, 0xff, 0x60, 0xff, 0xff, 0xff,
    0xd1, 0x0, 0x7, 0xff, 0xf6, 0xf, 0xff, 0xff,
    0xff, 0xb0, 0x0, 0x7f, 0xff, 0x60, 0xff, 0xff,
    0xff, 0xff, 0x90, 0x7, 0xff, 0xf6, 0xf, 0xff,
    0xda, 0xff, 0xff, 0x60, 0x7f, 0xff, 0x60, 0xff,
    0xfd, 0xc, 0xff, 0xff, 0x47, 0xff, 0xf6, 0xf,
    0xff, 0xd0, 0x1e, 0xff, 0xfe, 0x9f, 0xff, 0x60,
    0xff, 0xfd, 0x0, 0x3f, 0xff, 0xff, 0xff, 0xf6,
    0xf, 0xff, 0xd0, 0x0, 0x5f, 0xff, 0xff, 0xff,
    0x60, 0xff, 0xfd, 0x0, 0x0, 0x8f, 0xff, 0xff,
    0xf6, 0xf, 0xff, 0xd0, 0x0, 0x0, 0xbf, 0xff,
    0xff, 0x60, 0xff, 0xfd, 0x0, 0x0, 0x0, 0xdf,
    0xff, 0xf6, 0xf, 0xff, 0xd0, 0x0, 0x0, 0x2,
    0xef, 0xff, 0x60, 0xff, 0xfd, 0x0, 0x0, 0x0,
    0x3, 0xff, 0xf6,

    /* U+0144 "ń" */
    0x0, 0x0, 0x0, 0x2, 0xef, 0xfb, 0x10, 0x0,
    0x0, 0x0, 0x1d, 0xff, 0x90, 0x0, 0x0, 0x0,
    0x1, 0xdf, 0xf5, 0x0, 0x0, 0x0, 0x0, 0x4,
    0x88, 0x30, 0x0, 0x0, 0x0, 0x0, 0x0, 0x0,
    0x0, 0x0, 0x0, 0x4f, 0xff, 0x43, 0xae, 0xfe,
    0xa3, 0x0, 0x4f, 0xff, 0xbf, 0xff, 0xff, 0xff,
    0x70, 0x4f, 0xff, 0xff, 0xff, 0xff, 0xff, 0xf3,
    0x4f, 0xff, 0xfd, 0x64, 0x6e, 0xff, 0xf9, 0x4f,
    0xff, 0xe1, 0x0, 0x3, 0xff, 0xfc, 0x4f, 0xff,
    0x90, 0x0, 0x0, 0xef, 0xfe, 0x4f, 0xff, 0x70,
    0x0, 0x0, 0xdf, 0xfe, 0x4f, 0xff, 0x70, 0x0,
    0x0, 0xdf, 0xfe, 0x4f, 0xff, 0x70, 0x0, 0x0,
    0xdf, 0xfe, 0x4f, 0xff, 0x70, 0x0, 0x0, 0xdf,
    0xfe, 0x4f, 0xff, 0x70, 0x0, 0x0, 0xdf, 0xfe,
    0x4f, 0xff, 0x70, 0x0, 0x0, 0xdf, 0xfe, 0x4f,
    0xff, 0x70, 0x0, 0x0, 0xdf, 0xfe,

    /* U+0145 "Ņ" */
    0xf, 0xff, 0x90, 0x0, 0x0, 0x0, 0x7f, 0xff,
    0x60, 0xff, 0xff, 0x70, 0x0, 0x0, 0x7, 0xff,
    0xf6, 0xf, 0xff, 0xff, 0x40, 0x0, 0x0, 0x7f,
    0xff, 0x60, 0xff, 0xff, 0xff, 0x20, 0x0, 0x7,
    0xff, 0xf6, 0xf, 0xff, 0xff, 0xfd, 0x10, 0x0,
    0x7f, 0xff, 0x60, 0xff, 0xff, 0xff, 0xfb, 0x0,
    0x7, 0xff, 0xf6, 0xf, 0xff, 0xff, 0xff, 0xf9,
    0x0, 0x7f, 0xff, 0x60, 0xff, 0xfd, 0xaf, 0xff,
    0xf6, 0x7, 0xff, 0xf6, 0xf, 0xff, 0xd0, 0xcf,
    0xff, 0xf4, 0x7f, 0xff, 0x60, 0xff, 0xfd, 0x1,
    0xef, 0xff, 0xe9, 0xff, 0xf6, 0xf, 0xff, 0xd0,
    0x3, 0xff, 0xff, 0xff, 0xff, 0x60, 0xff, 0xfd,
    0x0, 0x5, 0xff, 0xff, 0xff, 0xf6, 0xf, 0xff,
    0xd0, 0x0, 0x8, 0xff, 0xff, 0xff, 0x60, 0xff,
    0xfd, 0x0, 0x0, 0xb, 0xff, 0xff, 0xf6, 0xf,
    0xff, 0xd0, 0x0, 0x0, 0xd, 0xff, 0xff, 0x60,
    0xff, 0xfd, 0x0, 0x0, 0x0, 0x2e, 0xff, 0xf6,
    0xf, 0xff, 0xd0, 0x0, 0x0, 0x0, 0x3f, 0xff,
    0x60, 0x0, 0x0, 0x0, 0x0, 0x0, 0x0, 0x0,
    0x0, 0x0, 0x0, 0x0, 0x0, 0x0, 0x0, 0x0,
    0x0, 0x0, 0x0, 0x0, 0x0, 0x5c, 0x90, 0x0,
    0x0, 0x0, 0x0, 0x0, 0x0, 0xe, 0xff, 0x40,
    0x0, 0x0, 0x0, 0x0, 0x0, 0x0, 0x9f, 0xf3,
    0x0, 0x0, 0x0, 0x0, 0x0, 0x0, 0x3, 0xfd,
    0x0, 0x0, 0x0, 0x0, 0x0, 0x0, 0x0, 0x8f,
    0x50, 0x0, 0x0, 0x0,

    /* U+0146 "ņ" */
    0x4f, 0xff, 0x43, 0xae, 0xfe, 0xa3, 0x0, 0x4f,
    0xff, 0xbf, 0xff, 0xff, 0xff, 0x70, 0x4f, 0xff,
    0xff, 0xff, 0xff, 0xff, 0xf3, 0x4f, 0xff, 0xfd,
    0x64, 0x6e, 0xff, 0xf9, 0x4f, 0xff, 0xe1, 0x0,
    0x3, 0xff, 0xfc, 0x4f, 0xff, 0x90, 0x0, 0x0,
    0xef, 0xfe, 0x4f, 0xff, 0x70, 0x0, 0x0, 0xdf,
    0xfe, 0x4f, 0xff, 0x70, 0x0, 0x0, 0xdf, 0xfe,
    0x4f, 0xff, 0x70, 0x0, 0x0, 0xdf, 0xfe, 0x4f,
    0xff, 0x70, 0x0, 0x0, 0xdf, 0xfe, 0x4f, 0xff,
    0x70, 0x0, 0x0, 0xdf, 0xfe, 0x4f, 0xff, 0x70,
    0x0, 0x0, 0xdf, 0xfe, 0x4f, 0xff, 0x70, 0x0,
    0x0, 0xdf, 0xfe, 0x0, 0x0, 0x0, 0x0, 0x0,
    0x0, 0x0, 0x0, 0x0, 0x0, 0x0, 0x0, 0x0,
    0x0, 0x0, 0x0, 0x0, 0x9c, 0x50, 0x0, 0x0,
    0x0, 0x0, 0x3, 0xff, 0xf0, 0x0, 0x0, 0x0,
    0x0, 0x1, 0xff, 0xd0, 0x0, 0x0, 0x0, 0x0,
    0x0, 0x9f, 0x70, 0x0, 0x0, 0x0, 0x0, 0x0,
    0xde, 0x0, 0x0, 0x0,

    /* U+0147 "Ň" */
    0x0, 0x0, 0x78, 0x60, 0x0, 0x38, 0x82, 0x0,
    0x0, 0x0, 0x4, 0xff, 0xa0, 0x5f, 0xf9, 0x0,
    0x0, 0x0, 0x0, 0x5, 0xff, 0xff, 0xfb, 0x0,
    0x0, 0x0, 0x0, 0x0, 0x6, 0xff, 0xfc, 0x0,
    0x0, 0x0, 0x0, 0x0, 0x0, 0x0, 0x0, 0x0,
    0x0, 0x0, 0x0, 0xff, 0xf9, 0x0, 0x0, 0x0,
    0x7, 0xff, 0xf6, 0xf, 0xff, 0xf7, 0x0, 0x0,
    0x0, 0x7f, 0xff, 0x60, 0xff, 0xff, 0xf4, 0x0,
    0x0, 0x7, 0xff, 0xf6, 0xf, 0xff, 0xff, 0xf2,
    0x0, 0x0, 0x7f, 0xff, 0x60, 0xff, 0xff, 0xff,
    0xd1, 0x0, 0x7, 0xff, 0xf6, 0xf, 0xff, 0xff,
    0xff, 0xb0, 0x0, 0x7f, 0xff, 0x60, 0xff, 0xff,
    0xff, 0xff, 0x90, 0x7, 0xff, 0xf6, 0xf, 0xff,
    0xda, 0xff, 0xff, 0x60, 0x7f, 0xff, 0x60, 0xff,
    0xfd, 0xc, 0xff, 0xff, 0x47, 0xff, 0xf6, 0xf,
    0xff, 0xd0, 0x1e, 0xff, 0xfe, 0x9f, 0xff, 0x60,
    0xff, 0xfd, 0x0, 0x3f, 0xff, 0xff, 0xff, 0xf6,
    0xf, 0xff, 0xd0, 0x0, 0x5f, 0xff, 0xff, 0xff,
    0x60, 0xff, 0xfd, 0x0, 0x0, 0x8f, 0xff, 0xff,
    0xf6, 0xf, 0xff, 0xd0, 0x0, 0x0, 0xbf, 0xff,
    0xff, 0x60, 0xff, 0xfd, 0x0, 0x0, 0x0, 0xdf,
    0xff, 0xf6, 0xf, 0xff, 0xd0, 0x0, 0x0, 0x2,
    0xef, 0xff, 0x60, 0xff, 0xfd, 0x0, 0x0, 0x0,
    0x3, 0xff, 0xf6,

    /* U+0148 "ň" */
    0x0, 0x1d, 0xea, 0x0, 0x2c, 0xea, 0x0, 0x0,
    0x3, 0xff, 0xc5, 0xef, 0xd1, 0x0, 0x0, 0x0,
    0x4f, 0xff, 0xfe, 0x10, 0x0, 0x0, 0x0, 0x4,
    0x88, 0x82, 0x0, 0x0, 0x0, 0x0, 0x0, 0x0,
    0x0, 0x0, 0x0, 0x4f, 0xff, 0x43, 0xae, 0xfe,
    0xa3, 0x0, 0x4f, 0xff, 0xbf, 0xff, 0xff, 0xff,
    0x70, 0x4f, 0xff, 0xff, 0xff, 0xff, 0xff, 0xf3,
    0x4f, 0xff, 0xfd, 0x64, 0x6e, 0xff, 0xf9, 0x4f,
    0xff, 0xe1, 0x0, 0x3, 0xff, 0xfc, 0x4f, 0xff,
    0x90, 0x0, 0x0, 0xef, 0xfe, 0x4f, 0xff, 0x70,
    0x0, 0x0, 0xdf, 0xfe, 0x4f, 0xff, 0x70, 0x0,
    0x0, 0xdf, 0xfe, 0x4f, 0xff, 0x70, 0x0, 0x0,
    0xdf, 0xfe, 0x4f, 0xff, 0x70, 0x0, 0x0, 0xdf,
    0xfe, 0x4f, 0xff, 0x70, 0x0, 0x0, 0xdf, 0xfe,
    0x4f, 0xff, 0x70, 0x0, 0x0, 0xdf, 0xfe, 0x4f,
    0xff, 0x70, 0x0, 0x0, 0xdf, 0xfe,

    /* U+0149 "ŉ" */
    0x8, 0xee, 0x50, 0x0, 0x0, 0x0, 0x0, 0x0,
    0x0, 0x4, 0xff, 0xff, 0x0, 0x0, 0x0, 0x0,
    0x0, 0x0, 0x0, 0x6f, 0xff, 0xf2, 0x0, 0x0,
    0x0, 0x0, 0x0, 0x0, 0x1, 0xff, 0xff, 0x0,
    0x0, 0x0, 0x0, 0x0, 0x0, 0x0, 0x5, 0xff,
    0xa0, 0x0, 0x0, 0x0, 0x0, 0x0, 0x0, 0x0,
    0x7f, 0xf4, 0xdf, 0xfc, 0x7, 0xcf, 0xfc, 0x70,
    0x0, 0xb, 0xfd, 0xd, 0xff, 0xdd, 0xff, 0xff,
    0xff, 0xd1, 0x0, 0xff, 0x70, 0xdf, 0xff, 0xff,
    0xff, 0xff, 0xff, 0xa0, 0x3, 0x30, 0xd, 0xff,
    0xff, 0x94, 0x5a, 0xff, 0xff, 0x10, 0x0, 0x0,
    0xdf, 0xff, 0x70, 0x0, 0xc, 0xff, 0xf4, 0x0,
    0x0, 0xd, 0xff, 0xf1, 0x0, 0x0, 0x7f, 0xff,
    0x50, 0x0, 0x0, 0xdf, 0xff, 0x0, 0x0, 0x6,
    0xff, 0xf6, 0x0, 0x0, 0xd, 0xff, 0xe0, 0x0,
    0x0, 0x6f, 0xff, 0x60, 0x0, 0x0, 0xdf, 0xfe,
    0x0, 0x0, 0x6, 0xff, 0xf6, 0x0, 0x0, 0xd,
    0xff, 0xe0, 0x0, 0x0, 0x6f, 0xff, 0x60, 0x0,
    0x0, 0xdf, 0xfe, 0x0, 0x0, 0x6, 0xff, 0xf6,
    0x0, 0x0, 0xd, 0xff, 0xe0, 0x0, 0x0, 0x6f,
    0xff, 0x60, 0x0, 0x0, 0xdf, 0xfe, 0x0, 0x0,
    0x6, 0xff, 0xf6,

    /* U+014A "Ŋ" */
    0xf, 0xff, 0x90, 0x0, 0x0, 0x0, 0x7f, 0xff,
    0x60, 0xff, 0xff, 0x60, 0x0, 0x0, 0x7, 0xff,
    0xf6, 0xf, 0xff, 0xff, 0x30, 0x0, 0x0, 0x7f,
    0xff, 0x60, 0xff, 0xff, 0xfe, 0x10, 0x0, 0x7,
    0xff, 0xf6, 0xf, 0xff, 0xff, 0xfc, 0x0, 0x0,
    0x7f, 0xff, 0x60, 0xff, 0xff, 0xff, 0xfa, 0x0,
    0x7, 0xff, 0xf6, 0xf, 0xff, 0xff, 0xff, 0xf7,
    0x0, 0x7f, 0xff, 0x60, 0xff, 0xfd, 0xaf, 0xff,
    0xf4, 0x7, 0xff, 0xf6, 0xf, 0xff, 0xd0, 0xcf,
    0xff, 0xf2, 0x7f, 0xff, 0x60, 0xff, 0xfd, 0x1,
    0xef, 0xff, 0xd7, 0xff, 0xf6, 0xf, 0xff, 0xd0,
    0x3, 0xff, 0xff, 0xff, 0xff, 0x60, 0xff, 0xfd,
    0x0, 0x5, 0xff, 0xff, 0xff, 0xf6, 0xf, 0xff,
    0xd0, 0x0, 0x8, 0xff, 0xff, 0xff, 0x60, 0xff,
    0xfd, 0x0, 0x0, 0xb, 0xff, 0xff, 0xf6, 0xf,
    0xff, 0xd0, 0x0, 0x0, 0xd, 0xff, 0xff, 0x60,
    0xff, 0xfd, 0x0, 0x0, 0x0, 0x2f, 0xff, 0xf6,
    0xf, 0xff, 0xd0, 0x0, 0x0, 0x0, 0xbf, 0xff,
    0x50, 0x0, 0x0, 0x0, 0x10, 0x0, 0xb, 0xff,
    0xf3, 0x0, 0x0, 0x0, 0xc, 0xb4, 0x38, 0xff,
    0xfe, 0x0, 0x0, 0x0, 0x7, 0xff, 0xff, 0xff,
    0xff, 0x70, 0x0, 0x0, 0x0, 0xcf, 0xff, 0xff,
    0xff, 0xb0, 0x0, 0x0, 0x0, 0x0, 0x6b, 0xef,
    0xeb, 0x50, 0x0,

    /* U+014B "ŋ" */
    0x4f, 0xff, 0x43, 0xae, 0xfe, 0xa3, 0x0, 0x4f,
    0xff, 0xbf, 0xff, 0xff, 0xff, 0x60, 0x4f, 0xff,
    0xff, 0xff, 0xff, 0xff, 0xf2, 0x4f, 0xff, 0xfd,
    0x64, 0x6e, 0xff, 0xf9, 0x4f, 0xff, 0xe1, 0x0,
    0x3, 0xff, 0xfc, 0x4f, 0xff, 0x90, 0x0, 0x0,
    0xef, 0xfe, 0x4f, 0xff, 0x70, 0x0, 0x0, 0xdf,
    0xfe, 0x4f, 0xff, 0x70, 0x0, 0x0, 0xdf, 0xfe,
    0x4f, 0xff, 0x70, 0x0, 0x0, 0xdf, 0xfe, 0x4f,
    0xff, 0x70, 0x0, 0x0, 0xdf, 0xfe, 0x4f, 0xff,
    0x70, 0x0, 0x0, 0xdf, 0xfe, 0x4f, 0xff, 0x70,
    0x0, 0x0, 0xdf, 0xfe, 0x4f, 0xff, 0x70, 0x0,
    0x0, 0xdf, 0xfe, 0x0, 0x0, 0x0, 0x0, 0x0,
    0xdf, 0xfe, 0x0, 0x0, 0x0, 0x3, 0x4, 0xff,
    0xfc, 0x0, 0x0, 0x0, 0x4f, 0xff, 0xff, 0xf6,
    0x0, 0x0, 0x0, 0xaf, 0xff, 0xff, 0xb0, 0x0,
    0x0, 0x0, 0x6d, 0xff, 0xd7, 0x0,

    /* U+014C "Ō" */
    0x0, 0x0, 0x0, 0x11, 0x11, 0x11, 0x11, 0x0,
    0x0, 0x0, 0x0, 0x0, 0x5, 0xff, 0xff, 0xff,
    0xff, 0x90, 0x0, 0x0, 0x0, 0x0, 0x5, 0xff,
    0xff, 0xff, 0xff, 0x90, 0x0, 0x0, 0x0, 0x0,
    0x0, 0x0, 0x0, 0x0, 0x0, 0x0, 0x0, 0x0,
    0x0, 0x0, 0x0, 0x0, 0x0, 0x0, 0x0, 0x0,
    0x0, 0x0, 0x0, 0x0, 0x0, 0x5a, 0xdf, 0xfe,
    0xb6, 0x10, 0x0, 0x0, 0x0, 0x0, 0x4d, 0xff,
    0xff, 0xff, 0xff, 0xf7, 0x0, 0x0, 0x0, 0x7,
    0xff, 0xff, 0xff, 0xff, 0xff, 0xff, 0xa0, 0x0,
    0x0, 0x6f, 0xff, 0xfe, 0x85, 0x57, 0xdf, 0xff,
    0xf9, 0x0, 0x1, 0xff, 0xff, 0xa0, 0x0, 0x0,
    0x7, 0xff, 0xff, 0x40, 0x8, 0xff, 0xfc, 0x0,
    0x0, 0x0, 0x0, 0x8f, 0xff, 0xb0, 0xd, 0xff,
    0xf4, 0x0, 0x0, 0x0, 0x0, 0xf, 0xff, 0xf1,
    0xf, 0xff, 0xf0, 0x0, 0x0, 0x0, 0x0, 0xb,
    0xff, 0xf3, 0xf, 0xff, 0xe0, 0x0, 0x0, 0x0,
    0x0, 0xa, 0xff, 0xf4, 0xf, 0xff, 0xf0, 0x0,
    0x0, 0x0, 0x0, 0xb, 0xff, 0xf3, 0xd, 0xff,
    0xf3, 0x0, 0x0, 0x0, 0x0, 0xf, 0xff, 0xf1,
    0x8, 0xff, 0xfb, 0x0, 0x0, 0x0, 0x0, 0x8f,
    0xff, 0xb0, 0x1, 0xff, 0xff, 0xa0, 0x0, 0x0,
    0x6, 0xff, 0xff, 0x40, 0x0, 0x6f, 0xff, 0xfe,
    0x85, 0x57, 0xcf, 0xff, 0xfa, 0x0, 0x0, 0x8,
    0xff, 0xff, 0xff, 0xff, 0xff, 0xff, 0xb0, 0x0,
    0x0, 0x0, 0x5e, 0xff, 0xff, 0xff, 0xff, 0xf7,
    0x0, 0x0, 0x0, 0x0, 0x0, 0x5a, 0xdf, 0xfe,
    0xb7, 0x10, 0x0, 0x0,

    /* U+014D "ō" */
    0x0, 0x0, 0x11, 0x11, 0x11, 0x11, 0x0, 0x0,
    0x0, 0x9f, 0xff, 0xff, 0xff, 0xf4, 0x0, 0x0,
    0x9, 0xff, 0xff, 0xff, 0xff, 0x40, 0x0, 0x0,
    0x0, 0x0, 0x0, 0x0, 0x0, 0x0, 0x0, 0x0,
    0x0, 0x0, 0x0, 0x0, 0x0, 0x0, 0x0, 0x4,
    0xad, 0xfe, 0xd8, 0x20, 0x0, 0x0, 0x1a, 0xff,
    0xff, 0xff, 0xff, 0x70, 0x0, 0xc, 0xff, 0xff,
    0xff, 0xff, 0xff, 0x80, 0x7, 0xff, 0xfe, 0x51,
    0x27, 0xff, 0xff, 0x30, 0xef, 0xff, 0x20, 0x0,
    0x6, 0xff, 0xf9, 0x1f, 0xff, 0xb0, 0x0, 0x0,
    0xf, 0xff, 0xd3, 0xff, 0xf9, 0x0, 0x0, 0x0,
    0xdf, 0xfe, 0x1f, 0xff, 0xb0, 0x0, 0x0, 0xf,
    0xff, 0xd0, 0xef, 0xff, 0x20, 0x0, 0x6, 0xff,
    0xf9, 0x7, 0xff, 0xfe, 0x51, 0x27, 0xff, 0xff,
    0x30, 0xc, 0xff, 0xff, 0xff, 0xff, 0xff, 0x80,
    0x0, 0x1a, 0xff, 0xff, 0xff, 0xff, 0x70, 0x0,
    0x0, 0x4, 0xad, 0xfe, 0xd8, 0x20, 0x0,

    /* U+014E "Ŏ" */
    0x0, 0x0, 0x1, 0x88, 0x10, 0x0, 0x78, 0x40,
    0x0, 0x0, 0x0, 0x0, 0x1, 0xff, 0xa1, 0x6,
    0xff, 0x50, 0x0, 0x0, 0x0, 0x0, 0x0, 0x7f,
    0xff, 0xff, 0xfb, 0x0, 0x0, 0x0, 0x0, 0x0,
    0x0, 0x3, 0xad, 0xdb, 0x50, 0x0, 0x0, 0x0,
    0x0, 0x0, 0x0, 0x0, 0x0, 0x0, 0x0, 0x0,
    0x0, 0x0, 0x0, 0x0, 0x0, 0x5a, 0xdf, 0xfe,
    0xb6, 0x10, 0x0, 0x0, 0x0, 0x0, 0x4d, 0xff,
    0xff, 0xff, 0xff, 0xf7, 0x0, 0x0, 0x0, 0x7,
    0xff, 0xff, 0xff, 0xff, 0xff, 0xff, 0xa0, 0x0,
    0x0, 0x6f, 0xff, 0xfe, 0x85, 0x57, 0xdf, 0xff,
    0xf9, 0x0, 0x1, 0xff, 0xff, 0xa0, 0x0, 0x0,
    0x7, 0xff, 0xff, 0x40, 0x8, 0xff, 0xfc, 0x0,
    0x0, 0x0, 0x0, 0x8f, 0xff, 0xb0, 0xd, 0xff,
    0xf4, 0x0, 0x0, 0x0, 0x0, 0xf, 0xff, 0xf1,
    0xf, 0xff, 0xf0, 0x0, 0x0, 0x0, 0x0, 0xb,
    0xff, 0xf3, 0xf, 0xff, 0xe0, 0x0, 0x0, 0x0,
    0x0, 0xa, 0xff, 0xf4, 0xf, 0xff, 0xf0, 0x0,
    0x0, 0x0, 0x0, 0xb, 0xff, 0xf3, 0xd, 0xff,
    0xf3, 0x0, 0x0, 0x0, 0x0, 0xf, 0xff, 0xf1,
    0x8, 0xff, 0xfb, 0x0, 0x0, 0x0, 0x0, 0x8f,
    0xff, 0xb0, 0x1, 0xff, 0xff, 0xa0, 0x0, 0x0,
    0x6, 0xff, 0xff, 0x40, 0x0, 0x6f, 0xff, 0xfe,
    0x85, 0x57, 0xcf, 0xff, 0xfa, 0x0, 0x0, 0x8,
    0xff, 0xff, 0xff, 0xff, 0xff, 0xff, 0xb0, 0x0,
    0x0, 0x0, 0x5e, 0xff, 0xff, 0xff, 0xff, 0xf7,
    0x0, 0x0, 0x0, 0x0, 0x0, 0x5a, 0xdf, 0xfe,
    0xb7, 0x10, 0x0, 0x0,

    /* U+014F "ŏ" */
    0x0, 0x7, 0xff, 0x40, 0x18, 0xff, 0x20, 0x0,
    0x0, 0x1e, 0xff, 0xff, 0xff, 0xa0, 0x0, 0x0,
    0x0, 0x17, 0xce, 0xdb, 0x50, 0x0, 0x0, 0x0,
    0x0, 0x0, 0x0, 0x0, 0x0, 0x0, 0x0, 0x0,
    0x0, 0x0, 0x0, 0x0, 0x0, 0x0, 0x0, 0x4,
    0xad, 0xfe, 0xd8, 0x20, 0x0, 0x0, 0x1a, 0xff,
    0xff, 0xff, 0xff, 0x70, 0x0, 0xc, 0xff, 0xff,
    0xff, 0xff, 0xff, 0x80, 0x7, 0xff, 0xfe, 0x51,
    0x27, 0xff, 0xff, 0x30, 0xef, 0xff, 0x20, 0x0,
    0x6, 0xff, 0xf9, 0x1f, 0xff, 0xb0, 0x0, 0x0,
    0xf, 0xff, 0xd3, 0xff, 0xf9, 0x0, 0x0, 0x0,
    0xdf, 0xfe, 0x1f, 0xff, 0xb0, 0x0, 0x0, 0xf,
    0xff, 0xd0, 0xef, 0xff, 0x20, 0x0, 0x6, 0xff,
    0xf9, 0x7, 0xff, 0xfe, 0x51, 0x27, 0xff, 0xff,
    0x30, 0xc, 0xff, 0xff, 0xff, 0xff, 0xff, 0x80,
    0x0, 0x1a, 0xff, 0xff, 0xff, 0xff, 0x70, 0x0,
    0x0, 0x4, 0xad, 0xfe, 0xd8, 0x20, 0x0,

    /* U+0150 "Ő" */
    0x0, 0x0, 0x0, 0x3, 0xff, 0xf3, 0x5f, 0xfe,
    0x10, 0x0, 0x0, 0x0, 0x0, 0xb, 0xff, 0x70,
    0xdf, 0xf5, 0x0, 0x0, 0x0, 0x0, 0x0, 0x3f,
    0xfb, 0x5, 0xff, 0x90, 0x0, 0x0, 0x0, 0x0,
    0x0, 0x36, 0x61, 0x4, 0x66, 0x0, 0x0, 0x0,
    0x0, 0x0, 0x0, 0x0, 0x0, 0x0, 0x0, 0x0,
    0x0, 0x0, 0x0, 0x0, 0x0, 0x5a, 0xdf, 0xfe,
    0xb6, 0x10, 0x0, 0x0, 0x0, 0x0, 0x4d, 0xff,
    0xff, 0xff, 0xff, 0xf7, 0x0, 0x0, 0x0, 0x7,
    0xff, 0xff, 0xff, 0xff, 0xff, 0xff, 0xa0, 0x0,
    0x0, 0x6f, 0xff, 0xfe, 0x85, 0x57, 0xdf, 0xff,
    0xf9, 0x0, 0x1, 0xff, 0xff, 0xa0, 0x0, 0x0,
    0x7, 0xff, 0xff, 0x40, 0x8, 0xff, 0xfc, 0x0,
    0x0, 0x0, 0x0, 0x8f, 0xff, 0xb0, 0xd, 0xff,
    0xf4, 0x0, 0x0, 0x0, 0x0, 0xf, 0xff, 0xf1,
    0xf, 0xff, 0xf0, 0x0, 0x0, 0x0, 0x0, 0xb,
    0xff, 0xf3, 0xf, 0xff, 0xe0, 0x0, 0x0, 0x0,
    0x0, 0xa, 0xff, 0xf4, 0xf, 0xff, 0xf0, 0x0,
    0x0, 0x0, 0x0, 0xb, 0xff, 0xf3, 0xd, 0xff,
    0xf3, 0x0, 0x0, 0x0, 0x0, 0xf, 0xff, 0xf1,
    0x8, 0xff, 0xfb, 0x0, 0x0, 0x0, 0x0, 0x8f,
    0xff, 0xb0, 0x1, 0xff, 0xff, 0xa0, 0x0, 0x0,
    0x6, 0xff, 0xff, 0x40, 0x0, 0x6f, 0xff, 0xfe,
    0x85, 0x57, 0xcf, 0xff, 0xfa, 0x0, 0x0, 0x8,
    0xff, 0xff, 0xff, 0xff, 0xff, 0xff, 0xb0, 0x0,
    0x0, 0x0, 0x5e, 0xff, 0xff, 0xff, 0xff, 0xf7,
    0x0, 0x0, 0x0, 0x0, 0x0, 0x5a, 0xdf, 0xfe,
    0xb7, 0x10, 0x0, 0x0,

    /* U+0151 "ő" */
    0x0, 0x0, 0x7, 0xff, 0xd0, 0xaf, 0xfb, 0x0,
    0x0, 0x0, 0xef, 0xf3, 0x2f, 0xfe, 0x10, 0x0,
    0x0, 0x8f, 0xf6, 0xa, 0xff, 0x40, 0x0, 0x0,
    0x5, 0x66, 0x0, 0x66, 0x50, 0x0, 0x0, 0x0,
    0x0, 0x0, 0x0, 0x0, 0x0, 0x0, 0x0, 0x4,
    0xad, 0xfe, 0xd8, 0x20, 0x0, 0x0, 0x1a, 0xff,
    0xff, 0xff, 0xff, 0x70, 0x0, 0xc, 0xff, 0xff,
    0xff, 0xff, 0xff, 0x80, 0x7, 0xff, 0xfe, 0x51,
    0x27, 0xff, 0xff, 0x30, 0xef, 0xff, 0x20, 0x0,
    0x6, 0xff, 0xf9, 0x1f, 0xff, 0xb0, 0x0, 0x0,
    0xf, 0xff, 0xd3, 0xff, 0xf9, 0x0, 0x0, 0x0,
    0xdf, 0xfe, 0x1f, 0xff, 0xb0, 0x0, 0x0, 0xf,
    0xff, 0xd0, 0xef, 0xff, 0x20, 0x0, 0x6, 0xff,
    0xf9, 0x7, 0xff, 0xfe, 0x51, 0x27, 0xff, 0xff,
    0x30, 0xc, 0xff, 0xff, 0xff, 0xff, 0xff, 0x80,
    0x0, 0x1a, 0xff, 0xff, 0xff, 0xff, 0x70, 0x0,
    0x0, 0x4, 0xad, 0xfe, 0xd8, 0x20, 0x0,

    /* U+0152 "Œ" */
    0x0, 0x0, 0x0, 0x6b, 0xdf, 0xff, 0xff, 0xff,
    0xff, 0xff, 0xff, 0xff, 0xfd, 0x0, 0x0, 0x5,
    0xef, 0xff, 0xff, 0xff, 0xff, 0xff, 0xff, 0xff,
    0xff, 0xff, 0xd0, 0x0, 0x9, 0xff, 0xff, 0xff,
    0xff, 0xff, 0xff, 0xff, 0xff, 0xff, 0xff, 0xfd,
    0x0, 0x7, 0xff, 0xff, 0xd7, 0x42, 0x22, 0xff,
    0xff, 0x22, 0x22, 0x22, 0x22, 0x20, 0x2, 0xff,
    0xff, 0x80, 0x0, 0x0, 0xd, 0xff, 0xf0, 0x0,
    0x0, 0x0, 0x0, 0x0, 0x9f, 0xff, 0xb0, 0x0,
    0x0, 0x0, 0xdf, 0xff, 0x0, 0x0, 0x0, 0x0,
    0x0, 0xd, 0xff, 0xf3, 0x0, 0x0, 0x0, 0xd,
    0xff, 0xf0, 0x0, 0x0, 0x0, 0x0, 0x0, 0xff,
    0xff, 0x0, 0x0, 0x0, 0x0, 0xdf, 0xff, 0xff,
    0xff, 0xff, 0xfd, 0x0, 0xf, 0xff, 0xe0, 0x0,
    0x0, 0x0, 0xd, 0xff, 0xff, 0xff, 0xff, 0xff,
    0xd0, 0x0, 0xff, 0xff, 0x0, 0x0, 0x0, 0x0,
    0xdf, 0xff, 0xff, 0xff, 0xff, 0xfd, 0x0, 0xd,
    0xff, 0xf3, 0x0, 0x0, 0x0, 0xd, 0xff, 0xf0,
    0x0, 0x0, 0x0, 0x0, 0x0, 0x9f, 0xff, 0xb0,
    0x0, 0x0, 0x0, 0xdf, 0xff, 0x0, 0x0, 0x0,
    0x0, 0x0, 0x2, 0xff, 0xff, 0x80, 0x0, 0x0,
    0xd, 0xff, 0xf0, 0x0, 0x0, 0x0, 0x0, 0x0,
    0x7, 0xff, 0xff, 0xd7, 0x42, 0x22, 0xff, 0xff,
    0x22, 0x22, 0x22, 0x22, 0x20, 0x0, 0x9, 0xff,
    0xff, 0xff, 0xff, 0xff, 0xff, 0xff, 0xff, 0xff,
    0xff, 0xff, 0x20, 0x0, 0x5, 0xef, 0xff, 0xff,
    0xff, 0xff, 0xff, 0xff, 0xff, 0xff, 0xff, 0xf2,
    0x0, 0x0, 0x0, 0x6b, 0xdf, 0xff, 0xff, 0xff,
    0xff, 0xff, 0xff, 0xff, 0xff, 0x20,

    /* U+0153 "œ" */
    0x0, 0x0, 0x4a, 0xdf, 0xec, 0x71, 0x0, 0x18,
    0xde, 0xfd, 0x93, 0x0, 0x0, 0x1, 0xaf, 0xff,
    0xff, 0xff, 0xe4, 0x5f, 0xff, 0xff, 0xff, 0xf8,
    0x0, 0x0, 0xcf, 0xff, 0xff, 0xff, 0xff, 0xff,
    0xff, 0xff, 0xff, 0xff, 0xf8, 0x0, 0x7f, 0xff,
    0xe5, 0x12, 0x7f, 0xff, 0xff, 0xe6, 0x11, 0x4d,
    0xff, 0xf2, 0xe, 0xff, 0xf2, 0x0, 0x0, 0x6f,
    0xff, 0xf4, 0x0, 0x0, 0x1f, 0xff, 0x81, 0xff,
    0xfb, 0x0, 0x0, 0x0, 0xff, 0xff, 0xff, 0xff,
    0xff, 0xff, 0xfa, 0x3f, 0xff, 0x90, 0x0, 0x0,
    0xf, 0xff, 0xff, 0xff, 0xff, 0xff, 0xff, 0xb1,
    0xff, 0xfb, 0x0, 0x0, 0x0, 0xff, 0xff, 0x22,
    0x22, 0x22, 0x22, 0x21, 0xe, 0xff, 0xf2, 0x0,
    0x0, 0x6f, 0xff, 0xf5, 0x0, 0x0, 0x1, 0x0,
    0x0, 0x7f, 0xff, 0xe5, 0x12, 0x7f, 0xff, 0xff,
    0xf8, 0x21, 0x27, 0xf9, 0x0, 0x0, 0xcf, 0xff,
    0xff, 0xff, 0xff, 0xff, 0xff, 0xff, 0xff, 0xff,
    0xf7, 0x0, 0x1, 0xaf, 0xff, 0xff, 0xff, 0xe4,
    0x4e, 0xff, 0xff, 0xff, 0xfe, 0x40, 0x0, 0x0,
    0x4a, 0xdf, 0xec, 0x71, 0x0, 0x17, 0xce, 0xfe,
    0xc7, 0x0, 0x0,

    /* U+0154 "Ŕ" */
    0x0, 0x0, 0x0, 0x0, 0x17, 0x88, 0x60, 0x0,
    0x0, 0x0, 0x0, 0x0, 0xcf, 0xfc, 0x10, 0x0,
    0x0, 0x0, 0x0, 0xc, 0xff, 0x90, 0x0, 0x0,
    0x0, 0x0, 0x0, 0xbf, 0xf6, 0x0, 0x0, 0x0,
    0x0, 0x0, 0x0, 0x0, 0x0, 0x0, 0x0, 0x0,
    0xf, 0xff, 0xff, 0xff, 0xfe, 0xc7, 0x10, 0x0,
    0xf, 0xff, 0xff, 0xff, 0xff, 0xff, 0xf6, 0x0,
    0xf, 0xff, 0xff, 0xff, 0xff, 0xff, 0xff, 0x60,
    0xf, 0xff, 0xf2, 0x22, 0x35, 0xcf, 0xff, 0xe0,
    0xf, 0xff, 0xe0, 0x0, 0x0, 0xd, 0xff, 0xf5,
    0xf, 0xff, 0xe0, 0x0, 0x0, 0x7, 0xff, 0xf7,
    0xf, 0xff, 0xe0, 0x0, 0x0, 0x7, 0xff, 0xf8,
    0xf, 0xff, 0xe0, 0x0, 0x0, 0xc, 0xff, 0xf5,
    0xf, 0xff, 0xe0, 0x0, 0x3, 0xaf, 0xff, 0xf1,
    0xf, 0xff, 0xff, 0xff, 0xff, 0xff, 0xff, 0x70,
    0xf, 0xff, 0xff, 0xff, 0xff, 0xff, 0xf8, 0x0,
    0xf, 0xff, 0xff, 0xff, 0xff, 0xff, 0x50, 0x0,
    0xf, 0xff, 0xf1, 0x11, 0x6f, 0xff, 0xd0, 0x0,
    0xf, 0xff, 0xe0, 0x0, 0xa, 0xff, 0xf8, 0x0,
    0xf, 0xff, 0xe0, 0x0, 0x1, 0xef, 0xff, 0x30,
    0xf, 0xff, 0xe0, 0x0, 0x0, 0x5f, 0xff, 0xd0,
    0xf, 0xff, 0xe0, 0x0, 0x0, 0xa, 0xff, 0xf8,

    /* U+0155 "ŕ" */
    0x0, 0x0, 0xa, 0xff, 0xe4, 0x0, 0x0, 0x9f,
    0xfd, 0x20, 0x0, 0x8, 0xff, 0xa0, 0x0, 0x0,
    0x17, 0x86, 0x0, 0x0, 0x0, 0x0, 0x0, 0x0,
    0x0, 0x4f, 0xff, 0x43, 0xae, 0xb0, 0x4f, 0xff,
    0xbf, 0xff, 0xc0, 0x4f, 0xff, 0xff, 0xff, 0xc0,
    0x4f, 0xff, 0xff, 0x74, 0x20, 0x4f, 0xff, 0xf2,
    0x0, 0x0, 0x4f, 0xff, 0xa0, 0x0, 0x0, 0x4f,
    0xff, 0x80, 0x0, 0x0, 0x4f, 0xff, 0x70, 0x0,
    0x0, 0x4f, 0xff, 0x70, 0x0, 0x0, 0x4f, 0xff,
    0x70, 0x0, 0x0, 0x4f, 0xff, 0x70, 0x0, 0x0,
    0x4f, 0xff, 0x70, 0x0, 0x0, 0x4f, 0xff, 0x70,
    0x0, 0x0,

    /* U+0156 "Ŗ" */
    0xf, 0xff, 0xff, 0xff, 0xfe, 0xb6, 0x10, 0x0,
    0xf, 0xff, 0xff, 0xff, 0xff, 0xff, 0xe4, 0x0,
    0xf, 0xff, 0xff, 0xff, 0xff, 0xff, 0xff, 0x30,
    0xf, 0xff, 0xf2, 0x22, 0x36, 0xdf, 0xff, 0xd0,
    0xf, 0xff, 0xe0, 0x0, 0x0, 0x1e, 0xff, 0xf4,
    0xf, 0xff, 0xe0, 0x0, 0x0, 0x8, 0xff, 0xf7,
    0xf, 0xff, 0xe0, 0x0, 0x0, 0x6, 0xff, 0xf8,
    0xf, 0xff, 0xe0, 0x0, 0x0, 0x8, 0xff, 0xf7,
    0xf, 0xff, 0xe0, 0x0, 0x0, 0xe, 0xff, 0xf4,
    0xf, 0xff, 0xf1, 0x11, 0x25, 0xdf, 0xff, 0xd0,
    0xf, 0xff, 0xff, 0xff, 0xff, 0xff, 0xff, 0x40,
    0xf, 0xff, 0xff, 0xff, 0xff, 0xff, 0xe5, 0x0,
    0xf, 0xff, 0xff, 0xff, 0xff, 0xff, 0x60, 0x0,
    0xf, 0xff, 0xe0, 0x0, 0x2e, 0xff, 0xf2, 0x0,
    0xf, 0xff, 0xe0, 0x0, 0x4, 0xff, 0xfd, 0x0,
    0xf, 0xff, 0xe0, 0x0, 0x0, 0x7f, 0xff, 0xb0,
    0xf, 0xff, 0xe0, 0x0, 0x0, 0xb, 0xff, 0xf7,
    0x0, 0x0, 0x0, 0x0, 0x0, 0x0, 0x0, 0x0,
    0x0, 0x0, 0x0, 0x0, 0x0, 0x0, 0x0, 0x0,
    0x0, 0x0, 0x0, 0x2b, 0xb2, 0x0, 0x0, 0x0,
    0x0, 0x0, 0x0, 0x9f, 0xf9, 0x0, 0x0, 0x0,
    0x0, 0x0, 0x0, 0x4f, 0xf8, 0x0, 0x0, 0x0,
    0x0, 0x0, 0x0, 0xe, 0xf2, 0x0, 0x0, 0x0,
    0x0, 0x0, 0x0, 0x3f, 0xa0, 0x0, 0x0, 0x0,

    /* U+0157 "ŗ" */
    0x4f, 0xff, 0x43, 0xae, 0xb4, 0xff, 0xfb, 0xff,
    0xfc, 0x4f, 0xff, 0xff, 0xff, 0xc4, 0xff, 0xff,
    0xf7, 0x42, 0x4f, 0xff, 0xf2, 0x0, 0x4, 0xff,
    0xfa, 0x0, 0x0, 0x4f, 0xff, 0x80, 0x0, 0x4,
    0xff, 0xf7, 0x0, 0x0, 0x4f, 0xff, 0x70, 0x0,
    0x4, 0xff, 0xf7, 0x0, 0x0, 0x4f, 0xff, 0x70,
    0x0, 0x4, 0xff, 0xf7, 0x0, 0x0, 0x4f, 0xff,
    0x70, 0x0, 0x0, 0x0, 0x0, 0x0, 0x0, 0x0,
    0x0, 0x0, 0x0, 0x0, 0x6c, 0x80, 0x0, 0x0,
    0xf, 0xff, 0x30, 0x0, 0x0, 0xbf, 0xf1, 0x0,
    0x0, 0x5, 0xfb, 0x0, 0x0, 0x0, 0x9f, 0x30,
    0x0, 0x0,

    /* U+0158 "Ř" */
    0x0, 0x4, 0x87, 0x10, 0x1, 0x78, 0x40, 0x0,
    0x0, 0x1, 0xdf, 0xd2, 0x2d, 0xfd, 0x10, 0x0,
    0x0, 0x0, 0x1e, 0xff, 0xff, 0xe1, 0x0, 0x0,
    0x0, 0x0, 0x2, 0xff, 0xff, 0x20, 0x0, 0x0,
    0x0, 0x0, 0x0, 0x0, 0x0, 0x0, 0x0, 0x0,
    0xf, 0xff, 0xff, 0xff, 0xfe, 0xc7, 0x10, 0x0,
    0xf, 0xff, 0xff, 0xff, 0xff, 0xff, 0xf6, 0x0,
    0xf, 0xff, 0xff, 0xff, 0xff, 0xff, 0xff, 0x60,
    0xf, 0xff, 0xf2, 0x22, 0x35, 0xcf, 0xff, 0xe0,
    0xf, 0xff, 0xe0, 0x0, 0x0, 0xd, 0xff, 0xf5,
    0xf, 0xff, 0xe0, 0x0, 0x0, 0x7, 0xff, 0xf7,
    0xf, 0xff, 0xe0, 0x0, 0x0, 0x7, 0xff, 0xf8,
    0xf, 0xff, 0xe0, 0x0, 0x0, 0xc, 0xff, 0xf5,
    0xf, 0xff, 0xe0, 0x0, 0x3, 0xaf, 0xff, 0xf1,
    0xf, 0xff, 0xff, 0xff, 0xff, 0xff, 0xff, 0x70,
    0xf, 0xff, 0xff, 0xff, 0xff, 0xff, 0xf8, 0x0,
    0xf, 0xff, 0xff, 0xff, 0xff, 0xff, 0x50, 0x0,
    0xf, 0xff, 0xf1, 0x11, 0x6f, 0xff, 0xd0, 0x0,
    0xf, 0xff, 0xe0, 0x0, 0xa, 0xff, 0xf8, 0x0,
    0xf, 0xff, 0xe0, 0x0, 0x1, 0xef, 0xff, 0x30,
    0xf, 0xff, 0xe0, 0x0, 0x0, 0x5f, 0xff, 0xd0,
    0xf, 0xff, 0xe0, 0x0, 0x0, 0xa, 0xff, 0xf8,

    /* U+0159 "ř" */
    0xa, 0xff, 0x30, 0xb, 0xfe, 0x20, 0xb, 0xff,
    0x6c, 0xff, 0x30, 0x0, 0xc, 0xff, 0xff, 0x40,
    0x0, 0x0, 0x17, 0x88, 0x40, 0x0, 0x0, 0x0,
    0x0, 0x0, 0x0, 0x0, 0x4f, 0xff, 0x43, 0xae,
    0xb0, 0x4, 0xff, 0xfb, 0xff, 0xfc, 0x0, 0x4f,
    0xff, 0xff, 0xff, 0xc0, 0x4, 0xff, 0xff, 0xf7,
    0x42, 0x0, 0x4f, 0xff, 0xf2, 0x0, 0x0, 0x4,
    0xff, 0xfa, 0x0, 0x0, 0x0, 0x4f, 0xff, 0x80,
    0x0, 0x0, 0x4, 0xff, 0xf7, 0x0, 0x0, 0x0,
    0x4f, 0xff, 0x70, 0x0, 0x0, 0x4, 0xff, 0xf7,
    0x0, 0x0, 0x0, 0x4f, 0xff, 0x70, 0x0, 0x0,
    0x4, 0xff, 0xf7, 0x0, 0x0, 0x0, 0x4f, 0xff,
    0x70, 0x0, 0x0,

    /* U+015A "Ś" */
    0x0, 0x0, 0x0, 0x0, 0x38, 0x88, 0x40, 0x0,
    0x0, 0x0, 0x0, 0x4f, 0xff, 0x70, 0x0, 0x0,
    0x0, 0x0, 0x5f, 0xfd, 0x20, 0x0, 0x0, 0x0,
    0x0, 0x17, 0x86, 0x0, 0x0, 0x0, 0x0, 0x0,
    0x0, 0x0, 0x0, 0x0, 0x0, 0x0, 0x0, 0x6,
    0xbd, 0xff, 0xec, 0x83, 0x0, 0x0, 0x3e, 0xff,
    0xff, 0xff, 0xff, 0xfa, 0x0, 0x2f, 0xff, 0xff,
    0xff, 0xff, 0xff, 0x80, 0xa, 0xff, 0xfc, 0x42,
    0x24, 0x7d, 0xf1, 0x0, 0xef, 0xff, 0x0, 0x0,
    0x0, 0x3, 0x0, 0xf, 0xff, 0xf1, 0x0, 0x0,
    0x0, 0x0, 0x0, 0xcf, 0xff, 0xe7, 0x30, 0x0,
    0x0, 0x0, 0x4, 0xff, 0xff, 0xff, 0xfb, 0x71,
    0x0, 0x0, 0x4, 0xdf, 0xff, 0xff, 0xff, 0xfa,
    0x10, 0x0, 0x0, 0x4a, 0xef, 0xff, 0xff, 0xfc,
    0x0, 0x0, 0x0, 0x0, 0x26, 0xbf, 0xff, 0xf6,
    0x0, 0x0, 0x0, 0x0, 0x0, 0x7f, 0xff, 0x90,
    0x27, 0x0, 0x0, 0x0, 0x5, 0xff, 0xf8, 0x9,
    0xff, 0x95, 0x21, 0x26, 0xef, 0xff, 0x41, 0xff,
    0xff, 0xff, 0xff, 0xff, 0xff, 0xc0, 0x9, 0xff,
    0xff, 0xff, 0xff, 0xff, 0xb0, 0x0, 0x1, 0x6a,
    0xde, 0xfe, 0xd9, 0x40, 0x0,

    /* U+015B "ś" */
    0x0, 0x0, 0x0, 0x3f, 0xff, 0xb0, 0x0, 0x0,
    0x0, 0x2e, 0xff, 0x80, 0x0, 0x0, 0x0, 0x1e,
    0xff, 0x40, 0x0, 0x0, 0x0, 0x5, 0x88, 0x20,
    0x0, 0x0, 0x0, 0x0, 0x0, 0x0, 0x0, 0x0,
    0x0, 0x0, 0x6b, 0xef, 0xfd, 0xa6, 0x0, 0x2,
    0xdf, 0xff, 0xff, 0xff, 0xf8, 0x0, 0xcf, 0xff,
    0xfd, 0xef, 0xff, 0x10, 0x1f, 0xff, 0xa0, 0x0,
    0x4, 0x60, 0x2, 0xff, 0xfa, 0x0, 0x0, 0x0,
    0x0, 0xe, 0xff, 0xff, 0xda, 0x73, 0x0, 0x0,
    0x3e, 0xff, 0xff, 0xff, 0xfc, 0x20, 0x0, 0x5,
    0x9c, 0xff, 0xff, 0xfc, 0x0, 0x0, 0x0, 0x0,
    0x2b, 0xff, 0xf1, 0x7, 0xa4, 0x0, 0x0, 0xaf,
    0xff, 0x10, 0xef, 0xff, 0xdd, 0xff, 0xff, 0xc0,
    0x4f, 0xff, 0xff, 0xff, 0xff, 0xd2, 0x0, 0x27,
    0xbe, 0xff, 0xeb, 0x60, 0x0,

    /* U+015C "Ŝ" */
    0x0, 0x0, 0x1, 0x78, 0x85, 0x0, 0x0, 0x0,
    0x0, 0x1, 0xdf, 0xff, 0xf8, 0x0, 0x0, 0x0,
    0x1, 0xdf, 0xd3, 0x7f, 0xf8, 0x0, 0x0, 0x0,
    0x68, 0x70, 0x0, 0x38, 0x82, 0x0, 0x0, 0x0,
    0x0, 0x0, 0x0, 0x0, 0x0, 0x0, 0x0, 0x6,
    0xbd, 0xff, 0xec, 0x83, 0x0, 0x0, 0x3e, 0xff,
    0xff, 0xff, 0xff, 0xfa, 0x0, 0x2f, 0xff, 0xff,
    0xff, 0xff, 0xff, 0x80, 0xa, 0xff, 0xfc, 0x42,
    0x24, 0x7d, 0xf1, 0x0, 0xef, 0xff, 0x0, 0x0,
    0x0, 0x3, 0x0, 0xf, 0xff, 0xf1, 0x0, 0x0,
    0x0, 0x0, 0x0, 0xcf, 0xff, 0xe7, 0x30, 0x0,
    0x0, 0x0, 0x4, 0xff, 0xff, 0xff, 0xfb, 0x71,
    0x0, 0x0, 0x4, 0xdf, 0xff, 0xff, 0xff, 0xfa,
    0x10, 0x0, 0x0, 0x4a, 0xef, 0xff, 0xff, 0xfc,
    0x0, 0x0, 0x0, 0x0, 0x26, 0xbf, 0xff, 0xf6,
    0x0, 0x0, 0x0, 0x0, 0x0, 0x7f, 0xff, 0x90,
    0x27, 0x0, 0x0, 0x0, 0x5, 0xff, 0xf8, 0x9,
    0xff, 0x95, 0x21, 0x26, 0xef, 0xff, 0x41, 0xff,
    0xff, 0xff, 0xff, 0xff, 0xff, 0xc0, 0x9, 0xff,
    0xff, 0xff, 0xff, 0xff, 0xb0, 0x0, 0x1, 0x6a,
    0xde, 0xfe, 0xd9, 0x40, 0x0,

    /* U+015D "ŝ" */
    0x0, 0x0, 0xcf, 0xff, 0x60, 0x0, 0x0, 0x0,
    0xbf, 0xff, 0xff, 0x40, 0x0, 0x0, 0xaf, 0xf4,
    0xb, 0xff, 0x30, 0x0, 0x28, 0x83, 0x0, 0x7,
    0x86, 0x0, 0x0, 0x0, 0x0, 0x0, 0x0, 0x0,
    0x0, 0x0, 0x6b, 0xef, 0xfd, 0xa6, 0x0, 0x2,
    0xdf, 0xff, 0xff, 0xff, 0xf8, 0x0, 0xcf, 0xff,
    0xfd, 0xef, 0xff, 0x10, 0x1f, 0xff, 0xa0, 0x0,
    0x4, 0x60, 0x2, 0xff, 0xfa, 0x0, 0x0, 0x0,
    0x0, 0xe, 0xff, 0xff, 0xda, 0x73, 0x0, 0x0,
    0x3e, 0xff, 0xff, 0xff, 0xfc, 0x20, 0x0, 0x5,
    0x9c, 0xff, 0xff, 0xfc, 0x0, 0x0, 0x0, 0x0,
    0x2b, 0xff, 0xf1, 0x7, 0xa4, 0x0, 0x0, 0xaf,
    0xff, 0x10, 0xef, 0xff, 0xdd, 0xff, 0xff, 0xc0,
    0x4f, 0xff, 0xff, 0xff, 0xff, 0xd2, 0x0, 0x27,
    0xbe, 0xff, 0xeb, 0x60, 0x0,

    /* U+015E "Ş" */
    0x0, 0x0, 0x6b, 0xdf, 0xfe, 0xc8, 0x30, 0x0,
    0x3, 0xef, 0xff, 0xff, 0xff, 0xff, 0xa0, 0x2,
    0xff, 0xff, 0xff, 0xff, 0xff, 0xf8, 0x0, 0xaf,
    0xff, 0xc4, 0x22, 0x47, 0xdf, 0x10, 0xe, 0xff,
    0xf0, 0x0, 0x0, 0x0, 0x30, 0x0, 0xff, 0xff,
    0x10, 0x0, 0x0, 0x0, 0x0, 0xc, 0xff, 0xfe,
    0x73, 0x0, 0x0, 0x0, 0x0, 0x4f, 0xff, 0xff,
    0xff, 0xb7, 0x10, 0x0, 0x0, 0x4d, 0xff, 0xff,
    0xff, 0xff, 0xa1, 0x0, 0x0, 0x4, 0xae, 0xff,
    0xff, 0xff, 0xc0, 0x0, 0x0, 0x0, 0x2, 0x6b,
    0xff, 0xff, 0x60, 0x0, 0x0, 0x0, 0x0, 0x7,
    0xff, 0xf9, 0x2, 0x70, 0x0, 0x0, 0x0, 0x5f,
    0xff, 0x80, 0x9f, 0xf9, 0x52, 0x12, 0x6e, 0xff,
    0xf4, 0x1f, 0xff, 0xff, 0xff, 0xff, 0xff, 0xfc,
    0x0, 0x9f, 0xff, 0xff, 0xff, 0xff, 0xfb, 0x0,
    0x0, 0x16, 0xad, 0xff, 0xfd, 0x94, 0x0, 0x0,
    0x0, 0x0, 0x7, 0xf9, 0x0, 0x0, 0x0, 0x0,
    0x0, 0x0, 0xaf, 0xfd, 0x10, 0x0, 0x0, 0x0,
    0x0, 0x0, 0xe, 0xf7, 0x0, 0x0, 0x0, 0x0,
    0xc, 0xcd, 0xff, 0x40, 0x0, 0x0, 0x0, 0x1,
    0xcf, 0xfc, 0x50, 0x0, 0x0,

    /* U+015F "ş" */
    0x0, 0x6, 0xbe, 0xff, 0xda, 0x60, 0x0, 0x2d,
    0xff, 0xff, 0xff, 0xff, 0x80, 0xc, 0xff, 0xff,
    0xde, 0xff, 0xf1, 0x1, 0xff, 0xfa, 0x0, 0x0,
    0x46, 0x0, 0x2f, 0xff, 0xa0, 0x0, 0x0, 0x0,
    0x0, 0xef, 0xff, 0xfd, 0xa7, 0x30, 0x0, 0x3,
    0xef, 0xff, 0xff, 0xff, 0xc2, 0x0, 0x0, 0x59,
    0xcf, 0xff, 0xff, 0xc0, 0x0, 0x0, 0x0, 0x2,
    0xbf, 0xff, 0x10, 0x7a, 0x40, 0x0, 0xa, 0xff,
    0xf1, 0xe, 0xff, 0xfd, 0xdf, 0xff, 0xfc, 0x4,
    0xff, 0xff, 0xff, 0xff, 0xfd, 0x20, 0x2, 0x7b,
    0xef, 0xff, 0xb6, 0x0, 0x0, 0x0, 0x0, 0xff,
    0x0, 0x0, 0x0, 0x0, 0x0, 0x3f, 0xfe, 0x50,
    0x0, 0x0, 0x0, 0x0, 0x8, 0xfe, 0x0, 0x0,
    0x0, 0x6, 0xdc, 0xff, 0xc0, 0x0, 0x0, 0x0,
    0x7e, 0xfe, 0x91, 0x0, 0x0,

    /* U+0160 "Š" */
    0x0, 0x6, 0x87, 0x0, 0x3, 0x88, 0x20, 0x0,
    0x0, 0x1d, 0xfd, 0x37, 0xff, 0x90, 0x0, 0x0,
    0x0, 0x1d, 0xff, 0xff, 0x80, 0x0, 0x0, 0x0,
    0x0, 0x17, 0x88, 0x50, 0x0, 0x0, 0x0, 0x0,
    0x0, 0x0, 0x0, 0x0, 0x0, 0x0, 0x0, 0x6,
    0xbd, 0xff, 0xec, 0x83, 0x0, 0x0, 0x3e, 0xff,
    0xff, 0xff, 0xff, 0xfa, 0x0, 0x2f, 0xff, 0xff,
    0xff, 0xff, 0xff, 0x80, 0xa, 0xff, 0xfc, 0x42,
    0x24, 0x7d, 0xf1, 0x0, 0xef, 0xff, 0x0, 0x0,
    0x0, 0x3, 0x0, 0xf, 0xff, 0xf1, 0x0, 0x0,
    0x0, 0x0, 0x0, 0xcf, 0xff, 0xe7, 0x30, 0x0,
    0x0, 0x0, 0x4, 0xff, 0xff, 0xff, 0xfb, 0x71,
    0x0, 0x0, 0x4, 0xdf, 0xff, 0xff, 0xff, 0xfa,
    0x10, 0x0, 0x0, 0x4a, 0xef, 0xff, 0xff, 0xfc,
    0x0, 0x0, 0x0, 0x0, 0x26, 0xbf, 0xff, 0xf6,
    0x0, 0x0, 0x0, 0x0, 0x0, 0x7f, 0xff, 0x90,
    0x27, 0x0, 0x0, 0x0, 0x5, 0xff, 0xf8, 0x9,
    0xff, 0x95, 0x21, 0x26, 0xef, 0xff, 0x41, 0xff,
    0xff, 0xff, 0xff, 0xff, 0xff, 0xc0, 0x9, 0xff,
    0xff, 0xff, 0xff, 0xff, 0xb0, 0x0, 0x1, 0x6a,
    0xde, 0xfe, 0xd9, 0x40, 0x0,

    /* U+0161 "š" */
    0x2, 0xef, 0xa0, 0x4, 0xff, 0xa0, 0x0, 0x3,
    0xff, 0xc6, 0xff, 0xb0, 0x0, 0x0, 0x4, 0xff,
    0xff, 0xc0, 0x0, 0x0, 0x0, 0x4, 0x88, 0x71,
    0x0, 0x0, 0x0, 0x0, 0x0, 0x0, 0x0, 0x0,
    0x0, 0x0, 0x6b, 0xef, 0xfd, 0xa6, 0x0, 0x2,
    0xdf, 0xff, 0xff, 0xff, 0xf8, 0x0, 0xcf, 0xff,
    0xfd, 0xef, 0xff, 0x10, 0x1f, 0xff, 0xa0, 0x0,
    0x4, 0x60, 0x2, 0xff, 0xfa, 0x0, 0x0, 0x0,
    0x0, 0xe, 0xff, 0xff, 0xda, 0x73, 0x0, 0x0,
    0x3e, 0xff, 0xff, 0xff, 0xfc, 0x20, 0x0, 0x5,
    0x9c, 0xff, 0xff, 0xfc, 0x0, 0x0, 0x0, 0x0,
    0x2b, 0xff, 0xf1, 0x7, 0xa4, 0x0, 0x0, 0xaf,
    0xff, 0x10, 0xef, 0xff, 0xdd, 0xff, 0xff, 0xc0,
    0x4f, 0xff, 0xff, 0xff, 0xff, 0xd2, 0x0, 0x27,
    0xbe, 0xff, 0xeb, 0x60, 0x0,

    /* U+0162 "Ţ" */
    0xef, 0xff, 0xff, 0xff, 0xff, 0xff, 0xff, 0xbe,
    0xff, 0xff, 0xff, 0xff, 0xff, 0xff, 0xfb, 0xef,
    0xff, 0xff, 0xff, 0xff, 0xff, 0xff, 0xb2, 0x22,
    0x22, 0x9f, 0xff, 0x72, 0x22, 0x21, 0x0, 0x0,
    0x8, 0xff, 0xf5, 0x0, 0x0, 0x0, 0x0, 0x0,
    0x8f, 0xff, 0x50, 0x0, 0x0, 0x0, 0x0, 0x8,
    0xff, 0xf5, 0x0, 0x0, 0x0, 0x0, 0x0, 0x8f,
    0xff, 0x50, 0x0, 0x0, 0x0, 0x0, 0x8, 0xff,
    0xf5, 0x0, 0x0, 0x0, 0x0, 0x0, 0x8f, 0xff,
    0x50, 0x0, 0x0, 0x0, 0x0, 0x8, 0xff, 0xf5,
    0x0, 0x0, 0x0, 0x0, 0x0, 0x8f, 0xff, 0x50,
    0x0, 0x0, 0x0, 0x0, 0x8, 0xff, 0xf5, 0x0,
    0x0, 0x0, 0x0, 0x0, 0x8f, 0xff, 0x50, 0x0,
    0x0, 0x0, 0x0, 0x8, 0xff, 0xf5, 0x0, 0x0,
    0x0, 0x0, 0x0, 0x8f, 0xff, 0x50, 0x0, 0x0,
    0x0, 0x0, 0x8, 0xff, 0xf5, 0x0, 0x0, 0x0,
    0x0, 0x0, 0xc, 0xf3, 0x0, 0x0, 0x0, 0x0,
    0x0, 0x0, 0xff, 0xa2, 0x0, 0x0, 0x0, 0x0,
    0x0, 0x17, 0xbf, 0xe0, 0x0, 0x0, 0x0, 0x0,
    0x2, 0x6, 0xff, 0x10, 0x0, 0x0, 0x0, 0x5,
    0xff, 0xff, 0xb0, 0x0, 0x0, 0x0, 0x0, 0x39,
    0xba, 0x60, 0x0, 0x0, 0x0,

    /* U+0163 "ţ" */
    0x0, 0xdf, 0xfe, 0x0, 0x0, 0x0, 0xd, 0xff,
    0xe0, 0x0, 0x0, 0x0, 0xdf, 0xfe, 0x0, 0x0,
    0xd, 0xff, 0xff, 0xff, 0xff, 0x20, 0xdf, 0xff,
    0xff, 0xff, 0xf2, 0xb, 0xdf, 0xff, 0xfd, 0xdd,
    0x10, 0x0, 0xdf, 0xfe, 0x0, 0x0, 0x0, 0xd,
    0xff, 0xe0, 0x0, 0x0, 0x0, 0xdf, 0xfe, 0x0,
    0x0, 0x0, 0xd, 0xff, 0xe0, 0x0, 0x0, 0x0,
    0xdf, 0xfe, 0x0, 0x0, 0x0, 0xc, 0xff, 0xf0,
    0x0, 0x0, 0x0, 0xbf, 0xff, 0x71, 0x41, 0x0,
    0x6, 0xff, 0xff, 0xff, 0x60, 0x0, 0xc, 0xff,
    0xff, 0xfc, 0x0, 0x0, 0x7, 0xff, 0xfc, 0x60,
    0x0, 0x0, 0xe, 0xf1, 0x0, 0x0, 0x0, 0x2,
    0xff, 0xf6, 0x0, 0x0, 0x0, 0x0, 0x7f, 0xf0,
    0x0, 0x0, 0x5d, 0xcf, 0xfd, 0x0, 0x0, 0x6,
    0xdf, 0xea, 0x10, 0x0,

    /* U+0164 "Ť" */
    0x0, 0x17, 0x84, 0x0, 0x6, 0x87, 0x0, 0x0,
    0x0, 0x8f, 0xf6, 0x9, 0xff, 0x50, 0x0, 0x0,
    0x0, 0x9f, 0xff, 0xff, 0x60, 0x0, 0x0, 0x0,
    0x0, 0xaf, 0xff, 0x80, 0x0, 0x0, 0x0, 0x0,
    0x0, 0x0, 0x0, 0x0, 0x0, 0xe, 0xff, 0xff,
    0xff, 0xff, 0xff, 0xff, 0xfb, 0xef, 0xff, 0xff,
    0xff, 0xff, 0xff, 0xff, 0xbe, 0xff, 0xff, 0xff,
    0xff, 0xff, 0xff, 0xfb, 0x22, 0x22, 0x29, 0xff,
    0xf7, 0x22, 0x22, 0x10, 0x0, 0x0, 0x8f, 0xff,
    0x50, 0x0, 0x0, 0x0, 0x0, 0x8, 0xff, 0xf5,
    0x0, 0x0, 0x0, 0x0, 0x0, 0x8f, 0xff, 0x50,
    0x0, 0x0, 0x0, 0x0, 0x8, 0xff, 0xf5, 0x0,
    0x0, 0x0, 0x0, 0x0, 0x8f, 0xff, 0x50, 0x0,
    0x0, 0x0, 0x0, 0x8, 0xff, 0xf5, 0x0, 0x0,
    0x0, 0x0, 0x0, 0x8f, 0xff, 0x50, 0x0, 0x0,
    0x0, 0x0, 0x8, 0xff, 0xf5, 0x0, 0x0, 0x0,
    0x0, 0x0, 0x8f, 0xff, 0x50, 0x0, 0x0, 0x0,
    0x0, 0x8, 0xff, 0xf5, 0x0, 0x0, 0x0, 0x0,
    0x0, 0x8f, 0xff, 0x50, 0x0, 0x0, 0x0, 0x0,
    0x8, 0xff, 0xf5, 0x0, 0x0, 0x0, 0x0, 0x0,
    0x8f, 0xff, 0x50, 0x0, 0x0,

    /* U+0165 "ť" */
    0x0, 0x0, 0x0, 0x3, 0x77, 0x10, 0x0, 0x0,
    0x0, 0x7f, 0xf2, 0x0, 0x0, 0x0, 0x7, 0xff,
    0x0, 0xa, 0xcc, 0xb0, 0x7f, 0xf0, 0x0, 0xdf,
    0xfe, 0x7, 0xfe, 0x0, 0xd, 0xff, 0xe0, 0x0,
    0x0, 0xdf, 0xff, 0xff, 0xff, 0xf2, 0xd, 0xff,
    0xff, 0xff, 0xff, 0x20, 0xbd, 0xff, 0xff, 0xdd,
    0xd1, 0x0, 0xd, 0xff, 0xe0, 0x0, 0x0, 0x0,
    0xdf, 0xfe, 0x0, 0x0, 0x0, 0xd, 0xff, 0xe0,
    0x0, 0x0, 0x0, 0xdf, 0xfe, 0x0, 0x0, 0x0,
    0xd, 0xff, 0xe0, 0x0, 0x0, 0x0, 0xcf, 0xff,
    0x0, 0x0, 0x0, 0xb, 0xff, 0xf5, 0x2, 0x0,
    0x0, 0x6f, 0xff, 0xff, 0xf6, 0x0, 0x0, 0xcf,
    0xff, 0xff, 0xc0, 0x0, 0x0, 0x7d, 0xff, 0xc6,
    0x0,

    /* U+0166 "Ŧ" */
    0xef, 0xff, 0xff, 0xff, 0xff, 0xff, 0xff, 0xbe,
    0xff, 0xff, 0xff, 0xff, 0xff, 0xff, 0xfb, 0xef,
    0xff, 0xff, 0xff, 0xff, 0xff, 0xff, 0xb2, 0x22,
    0x22, 0x9f, 0xff, 0x72, 0x22, 0x21, 0x0, 0x0,
    0x8, 0xff, 0xf5, 0x0, 0x0, 0x0, 0x0, 0x0,
    0x8f, 0xff, 0x50, 0x0, 0x0, 0x0, 0x0, 0x8,
    0xff, 0xf5, 0x0, 0x0, 0x0, 0x0, 0x0, 0x8f,
    0xff, 0x50, 0x0, 0x0, 0x0, 0xcf, 0xff, 0xff,
    0xff, 0xff, 0x90, 0x0, 0xc, 0xff, 0xff, 0xff,
    0xff, 0xf9, 0x0, 0x0, 0x79, 0x9f, 0xff, 0xff,
    0x99, 0x50, 0x0, 0x0, 0x0, 0x8f, 0xff, 0x50,
    0x0, 0x0, 0x0, 0x0, 0x8, 0xff, 0xf5, 0x0,
    0x0, 0x0, 0x0, 0x0, 0x8f, 0xff, 0x50, 0x0,
    0x0, 0x0, 0x0, 0x8, 0xff, 0xf5, 0x0, 0x0,
    0x0, 0x0, 0x0, 0x8f, 0xff, 0x50, 0x0, 0x0,
    0x0, 0x0, 0x8, 0xff, 0xf5, 0x0, 0x0, 0x0,

    /* U+0167 "ŧ" */
    0x0, 0xbf, 0xff, 0x0, 0x0, 0x0, 0xb, 0xff,
    0xf0, 0x0, 0x0, 0x0, 0xbf, 0xff, 0x0, 0x0,
    0xb, 0xff, 0xff, 0xff, 0xff, 0x40, 0xbf, 0xff,
    0xff, 0xff, 0xf4, 0x9, 0xdf, 0xff, 0xfe, 0xdd,
    0x30, 0x0, 0xbf, 0xff, 0x0, 0x0, 0x0, 0xb,
    0xff, 0xf0, 0x0, 0x0, 0x6f, 0xff, 0xff, 0xff,
    0xf0, 0x6, 0xff, 0xff, 0xff, 0xff, 0x0, 0x2,
    0xdf, 0xff, 0x32, 0x20, 0x0, 0xb, 0xff, 0xf1,
    0x0, 0x0, 0x0, 0x9f, 0xff, 0x70, 0x21, 0x0,
    0x4, 0xff, 0xff, 0xff, 0x80, 0x0, 0xb, 0xff,
    0xff, 0xfe, 0x0, 0x0, 0x6, 0xcf, 0xfd, 0x70,

    /* U+0168 "Ũ" */
    0x0, 0x0, 0xa, 0xfd, 0x30, 0xe, 0xf0, 0x0,
    0x0, 0x0, 0x8, 0xff, 0xff, 0x55, 0xfd, 0x0,
    0x0, 0x0, 0x0, 0xef, 0x56, 0xff, 0xff, 0x70,
    0x0, 0x0, 0x0, 0xf, 0xd0, 0x3, 0xdf, 0xa0,
    0x0, 0x0, 0x0, 0x0, 0x0, 0x0, 0x0, 0x0,
    0x0, 0x0, 0x2, 0xff, 0xfb, 0x0, 0x0, 0x0,
    0xc, 0xff, 0xf1, 0x2f, 0xff, 0xb0, 0x0, 0x0,
    0x0, 0xcf, 0xff, 0x12, 0xff, 0xfb, 0x0, 0x0,
    0x0, 0xc, 0xff, 0xf1, 0x2f, 0xff, 0xb0, 0x0,
    0x0, 0x0, 0xcf, 0xff, 0x12, 0xff, 0xfb, 0x0,
    0x0, 0x0, 0xc, 0xff, 0xf1, 0x2f, 0xff, 0xb0,
    0x0, 0x0, 0x0, 0xcf, 0xff, 0x12, 0xff, 0xfb,
    0x0, 0x0, 0x0, 0xc, 0xff, 0xf1, 0x2f, 0xff,
    0xb0, 0x0, 0x0, 0x0, 0xcf, 0xff, 0x12, 0xff,
    0xfb, 0x0, 0x0, 0x0, 0xc, 0xff, 0xf1, 0x2f,
    0xff, 0xb0, 0x0, 0x0, 0x0, 0xcf, 0xff, 0x1,
    0xff, 0xfd, 0x0, 0x0, 0x0, 0xe, 0xff, 0xf0,
    0xe, 0xff, 0xf1, 0x0, 0x0, 0x2, 0xff, 0xfd,
    0x0, 0xaf, 0xff, 0x90, 0x0, 0x0, 0xaf, 0xff,
    0x90, 0x3, 0xff, 0xff, 0xc6, 0x46, 0xcf, 0xff,
    0xf2, 0x0, 0x8, 0xff, 0xff, 0xff, 0xff, 0xff,
    0xf7, 0x0, 0x0, 0x8, 0xff, 0xff, 0xff, 0xff,
    0xf7, 0x0, 0x0, 0x0, 0x2, 0x8c, 0xef, 0xec,
    0x81, 0x0, 0x0,

    /* U+0169 "ũ" */
    0x0, 0x0, 0x1, 0x0, 0x0, 0x21, 0x0, 0x0,
    0x5, 0xff, 0xe7, 0x16, 0xfb, 0x0, 0x0, 0x1f,
    0xff, 0xff, 0xff, 0xf6, 0x0, 0x0, 0x5f, 0xb0,
    0x4c, 0xff, 0x90, 0x0, 0x0, 0x2, 0x0, 0x0,
    0x0, 0x0, 0x0, 0x0, 0x0, 0x0, 0x0, 0x0,
    0x0, 0x0, 0x5f, 0xff, 0x60, 0x0, 0x0, 0xff,
    0xfb, 0x5f, 0xff, 0x60, 0x0, 0x0, 0xff, 0xfb,
    0x5f, 0xff, 0x60, 0x0, 0x0, 0xff, 0xfb, 0x5f,
    0xff, 0x60, 0x0, 0x0, 0xff, 0xfb, 0x5f, 0xff,
    0x60, 0x0, 0x0, 0xff, 0xfb, 0x5f, 0xff, 0x60,
    0x0, 0x0, 0xff, 0xfb, 0x5f, 0xff, 0x60, 0x0,
    0x0, 0xff, 0xfb, 0x5f, 0xff, 0x80, 0x0, 0x2,
    0xff, 0xfb, 0x3f, 0xff, 0xc0, 0x0, 0x9, 0xff,
    0xfb, 0xf, 0xff, 0xfa, 0x44, 0x9f, 0xff, 0xfb,
    0x9, 0xff, 0xff, 0xff, 0xff, 0xff, 0xfb, 0x0,
    0xcf, 0xff, 0xff, 0xfd, 0xef, 0xfb, 0x0, 0x7,
    0xce, 0xfd, 0x70, 0xdf, 0xfb,

    /* U+016A "Ū" */
    0x0, 0x0, 0x11, 0x11, 0x11, 0x11, 0x10, 0x0,
    0x0, 0x0, 0xf, 0xff, 0xff, 0xff, 0xfe, 0x0,
    0x0, 0x0, 0x0, 0xff, 0xff, 0xff, 0xff, 0xe0,
    0x0, 0x0, 0x0, 0x0, 0x0, 0x0, 0x0, 0x0,
    0x0, 0x0, 0x0, 0x0, 0x0, 0x0, 0x0, 0x0,
    0x0, 0x0, 0x2, 0xff, 0xfb, 0x0, 0x0, 0x0,
    0xc, 0xff, 0xf1, 0x2f, 0xff, 0xb0, 0x0, 0x0,
    0x0, 0xcf, 0xff, 0x12, 0xff, 0xfb, 0x0, 0x0,
    0x0, 0xc, 0xff, 0xf1, 0x2f, 0xff, 0xb0, 0x0,
    0x0, 0x0, 0xcf, 0xff, 0x12, 0xff, 0xfb, 0x0,
    0x0, 0x0, 0xc, 0xff, 0xf1, 0x2f, 0xff, 0xb0,
    0x0, 0x0, 0x0, 0xcf, 0xff, 0x12, 0xff, 0xfb,
    0x0, 0x0, 0x0, 0xc, 0xff, 0xf1, 0x2f, 0xff,
    0xb0, 0x0, 0x0, 0x0, 0xcf, 0xff, 0x12, 0xff,
    0xfb, 0x0, 0x0, 0x0, 0xc, 0xff, 0xf1, 0x2f,
    0xff, 0xb0, 0x0, 0x0, 0x0, 0xcf, 0xff, 0x1,
    0xff, 0xfd, 0x0, 0x0, 0x0, 0xe, 0xff, 0xf0,
    0xe, 0xff, 0xf1, 0x0, 0x0, 0x2, 0xff, 0xfd,
    0x0, 0xaf, 0xff, 0x90, 0x0, 0x0, 0xaf, 0xff,
    0x90, 0x3, 0xff, 0xff, 0xc6, 0x46, 0xcf, 0xff,
    0xf2, 0x0, 0x8, 0xff, 0xff, 0xff, 0xff, 0xff,
    0xf7, 0x0, 0x0, 0x8, 0xff, 0xff, 0xff, 0xff,
    0xf7, 0x0, 0x0, 0x0, 0x2, 0x8c, 0xef, 0xec,
    0x81, 0x0, 0x0,

    /* U+016B "ū" */
    0x0, 0x1, 0x11, 0x11, 0x11, 0x10, 0x0, 0x0,
    0x4f, 0xff, 0xff, 0xff, 0xfa, 0x0, 0x0, 0x4f,
    0xff, 0xff, 0xff, 0xfa, 0x0, 0x0, 0x0, 0x0,
    0x0, 0x0, 0x0, 0x0, 0x0, 0x0, 0x0, 0x0,
    0x0, 0x0, 0x0, 0x5f, 0xff, 0x60, 0x0, 0x0,
    0xff, 0xfb, 0x5f, 0xff, 0x60, 0x0, 0x0, 0xff,
    0xfb, 0x5f, 0xff, 0x60, 0x0, 0x0, 0xff, 0xfb,
    0x5f, 0xff, 0x60, 0x0, 0x0, 0xff, 0xfb, 0x5f,
    0xff, 0x60, 0x0, 0x0, 0xff, 0xfb, 0x5f, 0xff,
    0x60, 0x0, 0x0, 0xff, 0xfb, 0x5f, 0xff, 0x60,
    0x0, 0x0, 0xff, 0xfb, 0x5f, 0xff, 0x80, 0x0,
    0x2, 0xff, 0xfb, 0x3f, 0xff, 0xc0, 0x0, 0x9,
    0xff, 0xfb, 0xf, 0xff, 0xfa, 0x44, 0x9f, 0xff,
    0xfb, 0x9, 0xff, 0xff, 0xff, 0xff, 0xff, 0xfb,
    0x0, 0xcf, 0xff, 0xff, 0xfd, 0xef, 0xfb, 0x0,
    0x7, 0xce, 0xfd, 0x70, 0xdf, 0xfb,

    /* U+016C "Ŭ" */
    0x0, 0x0, 0x78, 0x30, 0x0, 0x48, 0x60, 0x0,
    0x0, 0x0, 0xb, 0xfd, 0x30, 0x3e, 0xfa, 0x0,
    0x0, 0x0, 0x0, 0x2e, 0xff, 0xff, 0xfe, 0x20,
    0x0, 0x0, 0x0, 0x0, 0x18, 0xce, 0xc8, 0x10,
    0x0, 0x0, 0x0, 0x0, 0x0, 0x0, 0x0, 0x0,
    0x0, 0x0, 0x2, 0xff, 0xfb, 0x0, 0x0, 0x0,
    0xc, 0xff, 0xf1, 0x2f, 0xff, 0xb0, 0x0, 0x0,
    0x0, 0xcf, 0xff, 0x12, 0xff, 0xfb, 0x0, 0x0,
    0x0, 0xc, 0xff, 0xf1, 0x2f, 0xff, 0xb0, 0x0,
    0x0, 0x0, 0xcf, 0xff, 0x12, 0xff, 0xfb, 0x0,
    0x0, 0x0, 0xc, 0xff, 0xf1, 0x2f, 0xff, 0xb0,
    0x0, 0x0, 0x0, 0xcf, 0xff, 0x12, 0xff, 0xfb,
    0x0, 0x0, 0x0, 0xc, 0xff, 0xf1, 0x2f, 0xff,
    0xb0, 0x0, 0x0, 0x0, 0xcf, 0xff, 0x12, 0xff,
    0xfb, 0x0, 0x0, 0x0, 0xc, 0xff, 0xf1, 0x2f,
    0xff, 0xb0, 0x0, 0x0, 0x0, 0xcf, 0xff, 0x1,
    0xff, 0xfd, 0x0, 0x0, 0x0, 0xe, 0xff, 0xf0,
    0xe, 0xff, 0xf1, 0x0, 0x0, 0x2, 0xff, 0xfd,
    0x0, 0xaf, 0xff, 0x90, 0x0, 0x0, 0xaf, 0xff,
    0x90, 0x3, 0xff, 0xff, 0xc6, 0x46, 0xcf, 0xff,
    0xf2, 0x0, 0x8, 0xff, 0xff, 0xff, 0xff, 0xff,
    0xf7, 0x0, 0x0, 0x8, 0xff, 0xff, 0xff, 0xff,
    0xf7, 0x0, 0x0, 0x0, 0x2, 0x8c, 0xef, 0xec,
    0x81, 0x0, 0x0,

    /* U+016D "ŭ" */
    0x0, 0x2f, 0xf8, 0x10, 0x4e, 0xf7, 0x0, 0x0,
    0x9, 0xff, 0xff, 0xff, 0xe1, 0x0, 0x0, 0x0,
    0x5b, 0xde, 0xc7, 0x10, 0x0, 0x0, 0x0, 0x0,
    0x0, 0x0, 0x0, 0x0, 0x0, 0x0, 0x0, 0x0,
    0x0, 0x0, 0x0, 0x5f, 0xff, 0x60, 0x0, 0x0,
    0xff, 0xfb, 0x5f, 0xff, 0x60, 0x0, 0x0, 0xff,
    0xfb, 0x5f, 0xff, 0x60, 0x0, 0x0, 0xff, 0xfb,
    0x5f, 0xff, 0x60, 0x0, 0x0, 0xff, 0xfb, 0x5f,
    0xff, 0x60, 0x0, 0x0, 0xff, 0xfb, 0x5f, 0xff,
    0x60, 0x0, 0x0, 0xff, 0xfb, 0x5f, 0xff, 0x60,
    0x0, 0x0, 0xff, 0xfb, 0x5f, 0xff, 0x80, 0x0,
    0x2, 0xff, 0xfb, 0x3f, 0xff, 0xc0, 0x0, 0x9,
    0xff, 0xfb, 0xf, 0xff, 0xfa, 0x44, 0x9f, 0xff,
    0xfb, 0x9, 0xff, 0xff, 0xff, 0xff, 0xff, 0xfb,
    0x0, 0xcf, 0xff, 0xff, 0xfd, 0xef, 0xfb, 0x0,
    0x7, 0xce, 0xfd, 0x70, 0xdf, 0xfb,

    /* U+016E "Ů" */
    0x0, 0x0, 0x0, 0x0, 0x10, 0x0, 0x0, 0x0,
    0x0, 0x0, 0x0, 0x6, 0xef, 0xe5, 0x0, 0x0,
    0x0, 0x0, 0x0, 0x3, 0xfa, 0x5b, 0xf2, 0x0,
    0x0, 0x0, 0x0, 0x0, 0x7f, 0x10, 0x2f, 0x60,
    0x0, 0x0, 0x0, 0x0, 0x5, 0xf8, 0x28, 0xf3,
    0x0, 0x0, 0x0, 0x0, 0x0, 0x9, 0xff, 0xf8,
    0x0, 0x0, 0x0, 0x0, 0x0, 0x0, 0x2, 0x41,
    0x0, 0x0, 0x0, 0x0, 0x0, 0x0, 0x0, 0x0,
    0x0, 0x0, 0x0, 0x0, 0x2f, 0xff, 0xb0, 0x0,
    0x0, 0x0, 0xcf, 0xff, 0x12, 0xff, 0xfb, 0x0,
    0x0, 0x0, 0xc, 0xff, 0xf1, 0x2f, 0xff, 0xb0,
    0x0, 0x0, 0x0, 0xcf, 0xff, 0x12, 0xff, 0xfb,
    0x0, 0x0, 0x0, 0xc, 0xff, 0xf1, 0x2f, 0xff,
    0xb0, 0x0, 0x0, 0x0, 0xcf, 0xff, 0x12, 0xff,
    0xfb, 0x0, 0x0, 0x0, 0xc, 0xff, 0xf1, 0x2f,
    0xff, 0xb0, 0x0, 0x0, 0x0, 0xcf, 0xff, 0x12,
    0xff, 0xfb, 0x0, 0x0, 0x0, 0xc, 0xff, 0xf1,
    0x2f, 0xff, 0xb0, 0x0, 0x0, 0x0, 0xcf, 0xff,
    0x12, 0xff, 0xfb, 0x0, 0x0, 0x0, 0xc, 0xff,
    0xf0, 0x1f, 0xff, 0xd0, 0x0, 0x0, 0x0, 0xef,
    0xff, 0x0, 0xef, 0xff, 0x10, 0x0, 0x0, 0x2f,
    0xff, 0xd0, 0xa, 0xff, 0xf9, 0x0, 0x0, 0xa,
    0xff, 0xf9, 0x0, 0x3f, 0xff, 0xfc, 0x64, 0x6c,
    0xff, 0xff, 0x20, 0x0, 0x8f, 0xff, 0xff, 0xff,
    0xff, 0xff, 0x70, 0x0, 0x0, 0x8f, 0xff, 0xff,
    0xff, 0xff, 0x70, 0x0, 0x0, 0x0, 0x28, 0xce,
    0xfe, 0xc8, 0x10, 0x0, 0x0,

    /* U+016F "ů" */
    0x0, 0x0, 0x0, 0x1, 0x0, 0x0, 0x0, 0x0,
    0x0, 0x9, 0xff, 0xc2, 0x0, 0x0, 0x0, 0x0,
    0x8f, 0x75, 0xed, 0x0, 0x0, 0x0, 0x0, 0xcc,
    0x0, 0x6f, 0x10, 0x0, 0x0, 0x0, 0x9f, 0x42,
    0xce, 0x0, 0x0, 0x0, 0x0, 0x1c, 0xff, 0xf4,
    0x0, 0x0, 0x0, 0x0, 0x0, 0x34, 0x0, 0x0,
    0x0, 0x0, 0x0, 0x0, 0x0, 0x0, 0x0, 0x0,
    0x5f, 0xff, 0x60, 0x0, 0x0, 0xff, 0xfb, 0x5f,
    0xff, 0x60, 0x0, 0x0, 0xff, 0xfb, 0x5f, 0xff,
    0x60, 0x0, 0x0, 0xff, 0xfb, 0x5f, 0xff, 0x60,
    0x0, 0x0, 0xff, 0xfb, 0x5f, 0xff, 0x60, 0x0,
    0x0, 0xff, 0xfb, 0x5f, 0xff, 0x60, 0x0, 0x0,
    0xff, 0xfb, 0x5f, 0xff, 0x60, 0x0, 0x0, 0xff,
    0xfb, 0x5f, 0xff, 0x80, 0x0, 0x2, 0xff, 0xfb,
    0x3f, 0xff, 0xc0, 0x0, 0x9, 0xff, 0xfb, 0xf,
    0xff, 0xfa, 0x44, 0x9f, 0xff, 0xfb, 0x9, 0xff,
    0xff, 0xff, 0xff, 0xff, 0xfb, 0x0, 0xcf, 0xff,
    0xff, 0xfd, 0xef, 0xfb, 0x0, 0x7, 0xce, 0xfd,
    0x70, 0xdf, 0xfb,

    /* U+0170 "Ű" */
    0x0, 0x0, 0x0, 0xdf, 0xf8, 0xe, 0xff, 0x60,
    0x0, 0x0, 0x0, 0x5f, 0xfc, 0x7, 0xff, 0xa0,
    0x0, 0x0, 0x0, 0xd, 0xff, 0x21, 0xff, 0xd1,
    0x0, 0x0, 0x0, 0x1, 0x66, 0x30, 0x26, 0x62,
    0x0, 0x0, 0x0, 0x0, 0x0, 0x0, 0x0, 0x0,
    0x0, 0x0, 0x2, 0xff, 0xfb, 0x0, 0x0, 0x0,
    0xc, 0xff, 0xf1, 0x2f, 0xff, 0xb0, 0x0, 0x0,
    0x0, 0xcf, 0xff, 0x12, 0xff, 0xfb, 0x0, 0x0,
    0x0, 0xc, 0xff, 0xf1, 0x2f, 0xff, 0xb0, 0x0,
    0x0, 0x0, 0xcf, 0xff, 0x12, 0xff, 0xfb, 0x0,
    0x0, 0x0, 0xc, 0xff, 0xf1, 0x2f, 0xff, 0xb0,
    0x0, 0x0, 0x0, 0xcf, 0xff, 0x12, 0xff, 0xfb,
    0x0, 0x0, 0x0, 0xc, 0xff, 0xf1, 0x2f, 0xff,
    0xb0, 0x0, 0x0, 0x0, 0xcf, 0xff, 0x12, 0xff,
    0xfb, 0x0, 0x0, 0x0, 0xc, 0xff, 0xf1, 0x2f,
    0xff, 0xb0, 0x0, 0x0, 0x0, 0xcf, 0xff, 0x1,
    0xff, 0xfd, 0x0, 0x0, 0x0, 0xe, 0xff, 0xf0,
    0xe, 0xff, 0xf1, 0x0, 0x0, 0x2, 0xff, 0xfd,
    0x0, 0xaf, 0xff, 0x90, 0x0, 0x0, 0xaf, 0xff,
    0x90, 0x3, 0xff, 0xff, 0xc6, 0x46, 0xcf, 0xff,
    0xf2, 0x0, 0x8, 0xff, 0xff, 0xff, 0xff, 0xff,
    0xf7, 0x0, 0x0, 0x8, 0xff, 0xff, 0xff, 0xff,
    0xf7, 0x0, 0x0, 0x0, 0x2, 0x8c, 0xef, 0xec,
    0x81, 0x0, 0x0,

    /* U+0171 "ű" */
    0x0, 0x0, 0x2f, 0xff, 0x44, 0xff, 0xf2, 0x0,
    0x0, 0xaf, 0xf8, 0xc, 0xff, 0x50, 0x0, 0x2,
    0xff, 0xc0, 0x4f, 0xfa, 0x0, 0x0, 0x3, 0x66,
    0x10, 0x46, 0x60, 0x0, 0x0, 0x0, 0x0, 0x0,
    0x0, 0x0, 0x0, 0x5f, 0xff, 0x60, 0x0, 0x0,
    0xff, 0xfb, 0x5f, 0xff, 0x60, 0x0, 0x0, 0xff,
    0xfb, 0x5f, 0xff, 0x60, 0x0, 0x0, 0xff, 0xfb,
    0x5f, 0xff, 0x60, 0x0, 0x0, 0xff, 0xfb, 0x5f,
    0xff, 0x60, 0x0, 0x0, 0xff, 0xfb, 0x5f, 0xff,
    0x60, 0x0, 0x0, 0xff, 0xfb, 0x5f, 0xff, 0x60,
    0x0, 0x0, 0xff, 0xfb, 0x5f, 0xff, 0x80, 0x0,
    0x2, 0xff, 0xfb, 0x3f, 0xff, 0xc0, 0x0, 0x9,
    0xff, 0xfb, 0xf, 0xff, 0xfa, 0x44, 0x9f, 0xff,
    0xfb, 0x9, 0xff, 0xff, 0xff, 0xff, 0xff, 0xfb,
    0x0, 0xcf, 0xff, 0xff, 0xfd, 0xef, 0xfb, 0x0,
    0x7, 0xce, 0xfd, 0x70, 0xdf, 0xfb,

    /* U+0172 "Ų" */
    0x2f, 0xff, 0xb0, 0x0, 0x0, 0x0, 0xcf, 0xff,
    0x12, 0xff, 0xfb, 0x0, 0x0, 0x0, 0xc, 0xff,
    0xf1, 0x2f, 0xff, 0xb0, 0x0, 0x0, 0x0, 0xcf,
    0xff, 0x12, 0xff, 0xfb, 0x0, 0x0, 0x0, 0xc,
    0xff, 0xf1, 0x2f, 0xff, 0xb0, 0x0, 0x0, 0x0,
    0xcf, 0xff, 0x12, 0xff, 0xfb, 0x0, 0x0, 0x0,
    0xc, 0xff, 0xf1, 0x2f, 0xff, 0xb0, 0x0, 0x0,
    0x0, 0xcf, 0xff, 0x12, 0xff, 0xfb, 0x0, 0x0,
    0x0, 0xc, 0xff, 0xf1, 0x2f, 0xff, 0xb0, 0x0,
    0x0, 0x0, 0xcf, 0xff, 0x12, 0xff, 0xfb, 0x0,
    0x0, 0x0, 0xc, 0xff, 0xf0, 0x1f, 0xff, 0xd0,
    0x0, 0x0, 0x0, 0xef, 0xff, 0x0, 0xef, 0xff,
    0x10, 0x0, 0x0, 0x2f, 0xff, 0xd0, 0xa, 0xff,
    0xf9, 0x0, 0x0, 0xa, 0xff, 0xf8, 0x0, 0x3f,
    0xff, 0xfc, 0x64, 0x6c, 0xff, 0xff, 0x10, 0x0,
    0x8f, 0xff, 0xff, 0xff, 0xff, 0xff, 0x40, 0x0,
    0x0, 0x8f, 0xff, 0xff, 0xff, 0xfd, 0x30, 0x0,
    0x0, 0x0, 0x28, 0xcf, 0xff, 0xc5, 0x0, 0x0,
    0x0, 0x0, 0x0, 0x5, 0xff, 0x50, 0x0, 0x0,
    0x0, 0x0, 0x0, 0x0, 0xef, 0x50, 0x0, 0x0,
    0x0, 0x0, 0x0, 0x0, 0x1f, 0xf6, 0x0, 0x0,
    0x0, 0x0, 0x0, 0x0, 0x0, 0xdf, 0xfe, 0xf4,
    0x0, 0x0, 0x0, 0x0, 0x0, 0x2, 0xae, 0xfd,
    0x40, 0x0, 0x0,

    /* U+0173 "ų" */
    0x5f, 0xff, 0x60, 0x0, 0x0, 0xff, 0xfb, 0x5,
    0xff, 0xf6, 0x0, 0x0, 0xf, 0xff, 0xb0, 0x5f,
    0xff, 0x60, 0x0, 0x0, 0xff, 0xfb, 0x5, 0xff,
    0xf6, 0x0, 0x0, 0xf, 0xff, 0xb0, 0x5f, 0xff,
    0x60, 0x0, 0x0, 0xff, 0xfb, 0x5, 0xff, 0xf6,
    0x0, 0x0, 0xf, 0xff, 0xb0, 0x5f, 0xff, 0x60,
    0x0, 0x0, 0xff, 0xfb, 0x5, 0xff, 0xf8, 0x0,
    0x0, 0x2f, 0xff, 0xb0, 0x3f, 0xff, 0xc0, 0x0,
    0x9, 0xff, 0xfb, 0x0, 0xff, 0xff, 0xa4, 0x49,
    0xff, 0xff, 0xb0, 0x9, 0xff, 0xff, 0xff, 0xff,
    0xff, 0xfb, 0x0, 0xc, 0xff, 0xff, 0xff, 0xde,
    0xff, 0xb0, 0x0, 0x7, 0xce, 0xfd, 0x70, 0xff,
    0xff, 0x0, 0x0, 0x0, 0x0, 0x0, 0x8f, 0xe6,
    0x0, 0x0, 0x0, 0x0, 0x0, 0x3f, 0xf2, 0x0,
    0x0, 0x0, 0x0, 0x0, 0x6, 0xff, 0x20, 0x10,
    0x0, 0x0, 0x0, 0x0, 0x2f, 0xff, 0xef, 0x0,
    0x0, 0x0, 0x0, 0x0, 0x4c, 0xff, 0xb2,

    /* U+0174 "Ŵ" */
    0x0, 0x0, 0x0, 0x0, 0x0, 0x0, 0x78, 0x86,
    0x0, 0x0, 0x0, 0x0, 0x0, 0x0, 0x0, 0x0,
    0x0, 0x0, 0x0, 0x9, 0xff, 0xff, 0x80, 0x0,
    0x0, 0x0, 0x0, 0x0, 0x0, 0x0, 0x0, 0x0,
    0x0, 0x8f, 0xf8, 0x9f, 0xf6, 0x0, 0x0, 0x0,
    0x0, 0x0, 0x0, 0x0, 0x0, 0x0, 0x6, 0xff,
    0x60, 0x7, 0xff, 0x50, 0x0, 0x0, 0x0, 0x0,
    0x0, 0x0, 0x0, 0x0, 0x0, 0x0, 0x0, 0x0,
    0x0, 0x0, 0x0, 0x0, 0x0, 0x0, 0x4f, 0xff,
    0xb0, 0x0, 0x0, 0x0, 0xdf, 0xff, 0x10, 0x0,
    0x0, 0x8, 0xff, 0xf3, 0xf, 0xff, 0xf0, 0x0,
    0x0, 0x2, 0xff, 0xff, 0x60, 0x0, 0x0, 0xd,
    0xff, 0xe0, 0xa, 0xff, 0xf5, 0x0, 0x0, 0x8,
    0xff, 0xff, 0xb0, 0x0, 0x0, 0x2f, 0xff, 0x90,
    0x5, 0xff, 0xfa, 0x0, 0x0, 0xd, 0xff, 0xff,
    0xf0, 0x0, 0x0, 0x7f, 0xff, 0x40, 0x0, 0xff,
    0xff, 0x0, 0x0, 0x2f, 0xff, 0xff, 0xf5, 0x0,
    0x0, 0xcf, 0xfe, 0x0, 0x0, 0xbf, 0xff, 0x40,
    0x0, 0x8f, 0xff, 0xff, 0xfa, 0x0, 0x2, 0xff,
    0xf9, 0x0, 0x0, 0x5f, 0xff, 0x90, 0x0, 0xdf,
    0xfb, 0xbf, 0xff, 0x0, 0x7, 0xff, 0xf4, 0x0,
    0x0, 0x1f, 0xff, 0xe0, 0x2, 0xff, 0xf6, 0x6f,
    0xff, 0x40, 0xc, 0xff, 0xf0, 0x0, 0x0, 0xb,
    0xff, 0xf4, 0x8, 0xff, 0xf1, 0x1f, 0xff, 0x90,
    0x1f, 0xff, 0xa0, 0x0, 0x0, 0x6, 0xff, 0xf9,
    0xd, 0xff, 0xb0, 0xb, 0xff, 0xe0, 0x6f, 0xff,
    0x50, 0x0, 0x0, 0x1, 0xff, 0xfe, 0x2f, 0xff,
    0x60, 0x6, 0xff, 0xf4, 0xbf, 0xff, 0x0, 0x0,
    0x0, 0x0, 0xcf, 0xff, 0xbf, 0xff, 0x10, 0x1,
    0xff, 0xfa, 0xff, 0xfa, 0x0, 0x0, 0x0, 0x0,
    0x6f, 0xff, 0xff, 0xfb, 0x0, 0x0, 0xcf, 0xff,
    0xff, 0xf5, 0x0, 0x0, 0x0, 0x0, 0x1f, 0xff,
    0xff, 0xf6, 0x0, 0x0, 0x6f, 0xff, 0xff, 0xf0,
    0x0, 0x0, 0x0, 0x0, 0xc, 0xff, 0xff, 0xf1,
    0x0, 0x0, 0x1f, 0xff, 0xff, 0xb0, 0x0, 0x0,
    0x0, 0x0, 0x7, 0xff, 0xff, 0xb0, 0x0, 0x0,
    0xc, 0xff, 0xff, 0x50, 0x0, 0x0, 0x0, 0x0,
    0x2, 0xff, 0xff, 0x50, 0x0, 0x0, 0x7, 0xff,
    0xff, 0x10, 0x0, 0x0,

    /* U+0175 "ŵ" */
    0x0, 0x0, 0x0, 0x0, 0x1d, 0xff, 0xf5, 0x0,
    0x0, 0x0, 0x0, 0x0, 0x0, 0x0, 0x0, 0xc,
    0xff, 0xff, 0xf3, 0x0, 0x0, 0x0, 0x0, 0x0,
    0x0, 0x0, 0xb, 0xff, 0x40, 0xcf, 0xf2, 0x0,
    0x0, 0x0, 0x0, 0x0, 0x0, 0x3, 0x88, 0x30,
    0x0, 0x78, 0x60, 0x0, 0x0, 0x0, 0x0, 0x0,
    0x0, 0x0, 0x0, 0x0, 0x0, 0x0, 0x0, 0x0,
    0x0, 0xc, 0xff, 0xb0, 0x0, 0x0, 0x6f, 0xff,
    0x10, 0x0, 0x0, 0xff, 0xf4, 0x6f, 0xff, 0x10,
    0x0, 0xc, 0xff, 0xf7, 0x0, 0x0, 0x6f, 0xfe,
    0x1, 0xff, 0xf6, 0x0, 0x2, 0xff, 0xff, 0xc0,
    0x0, 0xb, 0xff, 0x90, 0xb, 0xff, 0xc0, 0x0,
    0x7f, 0xff, 0xff, 0x20, 0x1, 0xff, 0xf3, 0x0,
    0x5f, 0xff, 0x10, 0xd, 0xff, 0xff, 0xf8, 0x0,
    0x7f, 0xfd, 0x0, 0x0, 0xff, 0xf7, 0x3, 0xff,
    0xf9, 0xff, 0xd0, 0xc, 0xff, 0x70, 0x0, 0xa,
    0xff, 0xc0, 0x9f, 0xfa, 0x2f, 0xff, 0x32, 0xff,
    0xf2, 0x0, 0x0, 0x4f, 0xff, 0x2e, 0xff, 0x40,
    0xcf, 0xf8, 0x8f, 0xfc, 0x0, 0x0, 0x0, 0xef,
    0xfc, 0xff, 0xe0, 0x7, 0xff, 0xee, 0xff, 0x60,
    0x0, 0x0, 0x9, 0xff, 0xff, 0xf9, 0x0, 0x1f,
    0xff, 0xff, 0xf1, 0x0, 0x0, 0x0, 0x3f, 0xff,
    0xff, 0x30, 0x0, 0xbf, 0xff, 0xfa, 0x0, 0x0,
    0x0, 0x0, 0xdf, 0xff, 0xd0, 0x0, 0x6, 0xff,
    0xff, 0x50, 0x0, 0x0, 0x0, 0x7, 0xff, 0xf7,
    0x0, 0x0, 0xf, 0xff, 0xe0, 0x0, 0x0,

    /* U+0176 "Ŷ" */
    0x0, 0x0, 0x0, 0x7, 0x99, 0x80, 0x0, 0x0,
    0x0, 0x0, 0x0, 0x0, 0x9f, 0xff, 0xfc, 0x0,
    0x0, 0x0, 0x0, 0x0, 0x8, 0xff, 0x85, 0xff,
    0xb0, 0x0, 0x0, 0x0, 0x0, 0x4b, 0xb5, 0x0,
    0x2b, 0xb6, 0x0, 0x0, 0x0, 0x0, 0x0, 0x0,
    0x0, 0x0, 0x0, 0x0, 0x0, 0x1f, 0xff, 0xf2,
    0x0, 0x0, 0x0, 0x8, 0xff, 0xf4, 0x7, 0xff,
    0xfa, 0x0, 0x0, 0x0, 0x2f, 0xff, 0xb0, 0x0,
    0xdf, 0xff, 0x40, 0x0, 0x0, 0xbf, 0xff, 0x20,
    0x0, 0x4f, 0xff, 0xd0, 0x0, 0x5, 0xff, 0xf8,
    0x0, 0x0, 0xa, 0xff, 0xf7, 0x0, 0xe, 0xff,
    0xd0, 0x0, 0x0, 0x1, 0xff, 0xff, 0x10, 0x8f,
    0xff, 0x50, 0x0, 0x0, 0x0, 0x7f, 0xff, 0xa2,
    0xff, 0xfb, 0x0, 0x0, 0x0, 0x0, 0xd, 0xff,
    0xfe, 0xff, 0xf2, 0x0, 0x0, 0x0, 0x0, 0x4,
    0xff, 0xff, 0xff, 0x80, 0x0, 0x0, 0x0, 0x0,
    0x0, 0xbf, 0xff, 0xfe, 0x0, 0x0, 0x0, 0x0,
    0x0, 0x0, 0x2f, 0xff, 0xf6, 0x0, 0x0, 0x0,
    0x0, 0x0, 0x0, 0xf, 0xff, 0xf1, 0x0, 0x0,
    0x0, 0x0, 0x0, 0x0, 0xd, 0xff, 0xf1, 0x0,
    0x0, 0x0, 0x0, 0x0, 0x0, 0xd, 0xff, 0xf1,
    0x0, 0x0, 0x0, 0x0, 0x0, 0x0, 0xd, 0xff,
    0xf1, 0x0, 0x0, 0x0, 0x0, 0x0, 0x0, 0xd,
    0xff, 0xf1, 0x0, 0x0, 0x0, 0x0, 0x0, 0x0,
    0xd, 0xff, 0xf1, 0x0, 0x0, 0x0,

    /* U+0177 "ŷ" */
    0x0, 0x0, 0x0, 0x78, 0x86, 0x0, 0x0, 0x0,
    0x0, 0x0, 0xc, 0xff, 0xff, 0x90, 0x0, 0x0,
    0x0, 0x1, 0xcf, 0xe4, 0x5f, 0xfa, 0x0, 0x0,
    0x0, 0x5, 0x87, 0x10, 0x2, 0x88, 0x30, 0x0,
    0x0, 0x0, 0x0, 0x0, 0x0, 0x0, 0x0, 0x0,
    0xe, 0xff, 0xd0, 0x0, 0x0, 0x4, 0xff, 0xf5,
    0x8, 0xff, 0xf4, 0x0, 0x0, 0xa, 0xff, 0xe0,
    0x2, 0xff, 0xfa, 0x0, 0x0, 0x1f, 0xff, 0x70,
    0x0, 0xbf, 0xff, 0x10, 0x0, 0x7f, 0xff, 0x10,
    0x0, 0x4f, 0xff, 0x70, 0x0, 0xef, 0xfa, 0x0,
    0x0, 0xd, 0xff, 0xe0, 0x4, 0xff, 0xf3, 0x0,
    0x0, 0x7, 0xff, 0xf4, 0xb, 0xff, 0xd0, 0x0,
    0x0, 0x0, 0xff, 0xfb, 0x2f, 0xff, 0x60, 0x0,
    0x0, 0x0, 0x9f, 0xff, 0xaf, 0xfe, 0x0, 0x0,
    0x0, 0x0, 0x2f, 0xff, 0xff, 0xf8, 0x0, 0x0,
    0x0, 0x0, 0xb, 0xff, 0xff, 0xf2, 0x0, 0x0,
    0x0, 0x0, 0x5, 0xff, 0xff, 0xb0, 0x0, 0x0,
    0x0, 0x0, 0x0, 0xff, 0xff, 0x40, 0x0, 0x0,
    0x0, 0x0, 0x0, 0xff, 0xfd, 0x0, 0x0, 0x0,
    0x1, 0x92, 0x7, 0xff, 0xf6, 0x0, 0x0, 0x0,
    0x8, 0xff, 0xff, 0xff, 0xd0, 0x0, 0x0, 0x0,
    0x1f, 0xff, 0xff, 0xfe, 0x20, 0x0, 0x0, 0x0,
    0x4, 0xbe, 0xfe, 0x91, 0x0, 0x0, 0x0, 0x0,

    /* U+0178 "Ÿ" */
    0x0, 0x0, 0x0, 0x31, 0x0, 0x3, 0x0, 0x0,
    0x0, 0x0, 0x0, 0xb, 0xff, 0x10, 0xdf, 0xd0,
    0x0, 0x0, 0x0, 0x0, 0xe, 0xff, 0x41, 0xff,
    0xf2, 0x0, 0x0, 0x0, 0x0, 0x7, 0xfb, 0x0,
    0x9f, 0xa0, 0x0, 0x0, 0x0, 0x0, 0x0, 0x0,
    0x0, 0x0, 0x0, 0x0, 0x0, 0x1f, 0xff, 0xf2,
    0x0, 0x0, 0x0, 0x8, 0xff, 0xf4, 0x7, 0xff,
    0xfa, 0x0, 0x0, 0x0, 0x2f, 0xff, 0xa0, 0x0,
    0xdf, 0xff, 0x40, 0x0, 0x0, 0xbf, 0xff, 0x20,
    0x0, 0x4f, 0xff, 0xd0, 0x0, 0x5, 0xff, 0xf7,
    0x0, 0x0, 0xa, 0xff, 0xf7, 0x0, 0xe, 0xff,
    0xd0, 0x0, 0x0, 0x1, 0xff, 0xff, 0x10, 0x8f,
    0xff, 0x40, 0x0, 0x0, 0x0, 0x7f, 0xff, 0xa2,
    0xff, 0xfb, 0x0, 0x0, 0x0, 0x0, 0xd, 0xff,
    0xff, 0xff, 0xf2, 0x0, 0x0, 0x0, 0x0, 0x4,
    0xff, 0xff, 0xff, 0x80, 0x0, 0x0, 0x0, 0x0,
    0x0, 0xaf, 0xff, 0xfe, 0x0, 0x0, 0x0, 0x0,
    0x0, 0x0, 0x1f, 0xff, 0xf6, 0x0, 0x0, 0x0,
    0x0, 0x0, 0x0, 0xf, 0xff, 0xf1, 0x0, 0x0,
    0x0, 0x0, 0x0, 0x0, 0xd, 0xff, 0xf1, 0x0,
    0x0, 0x0, 0x0, 0x0, 0x0, 0xd, 0xff, 0xf1,
    0x0, 0x0, 0x0, 0x0, 0x0, 0x0, 0xd, 0xff,
    0xf1, 0x0, 0x0, 0x0, 0x0, 0x0, 0x0, 0xd,
    0xff, 0xf1, 0x0, 0x0, 0x0, 0x0, 0x0, 0x0,
    0xd, 0xff, 0xf1, 0x0, 0x0, 0x0,

    /* U+0179 "Ź" */
    0x0, 0x0, 0x0, 0x0, 0x7, 0x88, 0x70, 0x0,
    0x0, 0x0, 0x0, 0x0, 0x9f, 0xfe, 0x30, 0x0,
    0x0, 0x0, 0x0, 0x8, 0xff, 0xc1, 0x0, 0x0,
    0x0, 0x0, 0x0, 0x7f, 0xf9, 0x0, 0x0, 0x0,
    0x0, 0x0, 0x0, 0x0, 0x0, 0x0, 0x0, 0x0,
    0xe, 0xff, 0xff, 0xff, 0xff, 0xff, 0xff, 0xf3,
    0xe, 0xff, 0xff, 0xff, 0xff, 0xff, 0xff, 0xf3,
    0xe, 0xff, 0xff, 0xff, 0xff, 0xff, 0xff, 0xf2,
    0x2, 0x22, 0x22, 0x22, 0x25, 0xff, 0xff, 0x60,
    0x0, 0x0, 0x0, 0x0, 0x1d, 0xff, 0xf9, 0x0,
    0x0, 0x0, 0x0, 0x0, 0xcf, 0xff, 0xc0, 0x0,
    0x0, 0x0, 0x0, 0x9, 0xff, 0xfe, 0x10, 0x0,
    0x0, 0x0, 0x0, 0x6f, 0xff, 0xf3, 0x0, 0x0,
    0x0, 0x0, 0x3, 0xff, 0xff, 0x50, 0x0, 0x0,
    0x0, 0x0, 0x1e, 0xff, 0xf8, 0x0, 0x0, 0x0,
    0x0, 0x0, 0xcf, 0xff, 0xb0, 0x0, 0x0, 0x0,
    0x0, 0xa, 0xff, 0xfd, 0x10, 0x0, 0x0, 0x0,
    0x0, 0x7f, 0xff, 0xf2, 0x0, 0x0, 0x0, 0x0,
    0x4, 0xff, 0xff, 0x72, 0x22, 0x22, 0x22, 0x21,
    0xf, 0xff, 0xff, 0xff, 0xff, 0xff, 0xff, 0xf9,
    0x1f, 0xff, 0xff, 0xff, 0xff, 0xff, 0xff, 0xf9,
    0x1f, 0xff, 0xff, 0xff, 0xff, 0xff, 0xff, 0xf9,

    /* U+017A "ź" */
    0x0, 0x0, 0x0, 0xc, 0xff, 0xe3, 0x0, 0x0,
    0x0, 0xb, 0xff, 0xb1, 0x0, 0x0, 0x0, 0xa,
    0xff, 0x90, 0x0, 0x0, 0x0, 0x2, 0x88, 0x50,
    0x0, 0x0, 0x0, 0x0, 0x0, 0x0, 0x0, 0x0,
    0x0, 0xff, 0xff, 0xff, 0xff, 0xff, 0xf2, 0xf,
    0xff, 0xff, 0xff, 0xff, 0xff, 0x20, 0xdd, 0xdd,
    0xdd, 0xff, 0xff, 0xd0, 0x0, 0x0, 0x0, 0x2f,
    0xff, 0xe2, 0x0, 0x0, 0x0, 0x1d, 0xff, 0xf4,
    0x0, 0x0, 0x0, 0xb, 0xff, 0xf6, 0x0, 0x0,
    0x0, 0x9, 0xff, 0xf9, 0x0, 0x0, 0x0, 0x7,
    0xff, 0xfb, 0x0, 0x0, 0x0, 0x4, 0xff, 0xfd,
    0x10, 0x0, 0x0, 0x2, 0xff, 0xfe, 0x20, 0x0,
    0x0, 0x0, 0xdf, 0xff, 0xfd, 0xdd, 0xdd, 0xd4,
    0x2f, 0xff, 0xff, 0xff, 0xff, 0xff, 0x52, 0xff,
    0xff, 0xff, 0xff, 0xff, 0xf5,

    /* U+017B "Ż" */
    0x0, 0x0, 0x0, 0x0, 0x0, 0x0, 0x0, 0x0,
    0x0, 0x0, 0x0, 0x2d, 0xf8, 0x0, 0x0, 0x0,
    0x0, 0x0, 0x0, 0xaf, 0xff, 0x20, 0x0, 0x0,
    0x0, 0x0, 0x0, 0xaf, 0xff, 0x20, 0x0, 0x0,
    0x0, 0x0, 0x0, 0x2d, 0xf8, 0x0, 0x0, 0x0,
    0x0, 0x0, 0x0, 0x0, 0x0, 0x0, 0x0, 0x0,
    0xe, 0xff, 0xff, 0xff, 0xff, 0xff, 0xff, 0xf3,
    0xe, 0xff, 0xff, 0xff, 0xff, 0xff, 0xff, 0xf3,
    0xe, 0xff, 0xff, 0xff, 0xff, 0xff, 0xff, 0xf2,
    0x2, 0x22, 0x22, 0x22, 0x25, 0xff, 0xff, 0x60,
    0x0, 0x0, 0x0, 0x0, 0x1d, 0xff, 0xf9, 0x0,
    0x0, 0x0, 0x0, 0x0, 0xcf, 0xff, 0xc0, 0x0,
    0x0, 0x0, 0x0, 0x9, 0xff, 0xfe, 0x10, 0x0,
    0x0, 0x0, 0x0, 0x6f, 0xff, 0xf3, 0x0, 0x0,
    0x0, 0x0, 0x3, 0xff, 0xff, 0x50, 0x0, 0x0,
    0x0, 0x0, 0x1e, 0xff, 0xf8, 0x0, 0x0, 0x0,
    0x0, 0x0, 0xcf, 0xff, 0xb0, 0x0, 0x0, 0x0,
    0x0, 0xa, 0xff, 0xfd, 0x10, 0x0, 0x0, 0x0,
    0x0, 0x7f, 0xff, 0xf2, 0x0, 0x0, 0x0, 0x0,
    0x4, 0xff, 0xff, 0x72, 0x22, 0x22, 0x22, 0x21,
    0xf, 0xff, 0xff, 0xff, 0xff, 0xff, 0xff, 0xf9,
    0x1f, 0xff, 0xff, 0xff, 0xff, 0xff, 0xff, 0xf9,
    0x1f, 0xff, 0xff, 0xff, 0xff, 0xff, 0xff, 0xf9,

    /* U+017C "ż" */
    0x0, 0x0, 0xa, 0xfb, 0x10, 0x0, 0x0, 0x0,
    0x5, 0xff, 0xf8, 0x0, 0x0, 0x0, 0x0, 0x5f,
    0xff, 0x80, 0x0, 0x0, 0x0, 0x0, 0xaf, 0xc1,
    0x0, 0x0, 0x0, 0x0, 0x0, 0x0, 0x0, 0x0,
    0x0, 0x0, 0x0, 0x0, 0x0, 0x0, 0x0, 0xf,
    0xff, 0xff, 0xff, 0xff, 0xff, 0x20, 0xff, 0xff,
    0xff, 0xff, 0xff, 0xf2, 0xd, 0xdd, 0xdd, 0xdf,
    0xff, 0xfd, 0x0, 0x0, 0x0, 0x2, 0xff, 0xfe,
    0x20, 0x0, 0x0, 0x1, 0xdf, 0xff, 0x40, 0x0,
    0x0, 0x0, 0xbf, 0xff, 0x60, 0x0, 0x0, 0x0,
    0x9f, 0xff, 0x90, 0x0, 0x0, 0x0, 0x7f, 0xff,
    0xb0, 0x0, 0x0, 0x0, 0x4f, 0xff, 0xd1, 0x0,
    0x0, 0x0, 0x2f, 0xff, 0xe2, 0x0, 0x0, 0x0,
    0xd, 0xff, 0xff, 0xdd, 0xdd, 0xdd, 0x42, 0xff,
    0xff, 0xff, 0xff, 0xff, 0xf5, 0x2f, 0xff, 0xff,
    0xff, 0xff, 0xff, 0x50,

    /* U+017D "Ž" */
    0x0, 0x2, 0x88, 0x30, 0x0, 0x78, 0x60, 0x0,
    0x0, 0x0, 0xaf, 0xf4, 0xb, 0xff, 0x30, 0x0,
    0x0, 0x0, 0xb, 0xff, 0xff, 0xf4, 0x0, 0x0,
    0x0, 0x0, 0x0, 0xcf, 0xff, 0x50, 0x0, 0x0,
    0x0, 0x0, 0x0, 0x0, 0x0, 0x0, 0x0, 0x0,
    0xe, 0xff, 0xff, 0xff, 0xff, 0xff, 0xff, 0xf3,
    0xe, 0xff, 0xff, 0xff, 0xff, 0xff, 0xff, 0xf3,
    0xe, 0xff, 0xff, 0xff, 0xff, 0xff, 0xff, 0xf2,
    0x2, 0x22, 0x22, 0x22, 0x25, 0xff, 0xff, 0x60,
    0x0, 0x0, 0x0, 0x0, 0x1d, 0xff, 0xf9, 0x0,
    0x0, 0x0, 0x0, 0x0, 0xcf, 0xff, 0xc0, 0x0,
    0x0, 0x0, 0x0, 0x9, 0xff, 0xfe, 0x10, 0x0,
    0x0, 0x0, 0x0, 0x6f, 0xff, 0xf3, 0x0, 0x0,
    0x0, 0x0, 0x3, 0xff, 0xff, 0x50, 0x0, 0x0,
    0x0, 0x0, 0x1e, 0xff, 0xf8, 0x0, 0x0, 0x0,
    0x0, 0x0, 0xcf, 0xff, 0xb0, 0x0, 0x0, 0x0,
    0x0, 0xa, 0xff, 0xfd, 0x10, 0x0, 0x0, 0x0,
    0x0, 0x7f, 0xff, 0xf2, 0x0, 0x0, 0x0, 0x0,
    0x4, 0xff, 0xff, 0x72, 0x22, 0x22, 0x22, 0x21,
    0xf, 0xff, 0xff, 0xff, 0xff, 0xff, 0xff, 0xf9,
    0x1f, 0xff, 0xff, 0xff, 0xff, 0xff, 0xff, 0xf9,
    0x1f, 0xff, 0xff, 0xff, 0xff, 0xff, 0xff, 0xf9,

    /* U+017E "ž" */
    0x0, 0xbf, 0xe2, 0x1, 0xcf, 0xd1, 0x0, 0x0,
    0xcf, 0xe5, 0xdf, 0xe2, 0x0, 0x0, 0x1, 0xdf,
    0xff, 0xf3, 0x0, 0x0, 0x0, 0x2, 0x88, 0x83,
    0x0, 0x0, 0x0, 0x0, 0x0, 0x0, 0x0, 0x0,
    0x0, 0xff, 0xff, 0xff, 0xff, 0xff, 0xf2, 0xf,
    0xff, 0xff, 0xff, 0xff, 0xff, 0x20, 0xdd, 0xdd,
    0xdd, 0xff, 0xff, 0xd0, 0x0, 0x0, 0x0, 0x2f,
    0xff, 0xe2, 0x0, 0x0, 0x0, 0x1d, 0xff, 0xf4,
    0x0, 0x0, 0x0, 0xb, 0xff, 0xf6, 0x0, 0x0,
    0x0, 0x9, 0xff, 0xf9, 0x0, 0x0, 0x0, 0x7,
    0xff, 0xfb, 0x0, 0x0, 0x0, 0x4, 0xff, 0xfd,
    0x10, 0x0, 0x0, 0x2, 0xff, 0xfe, 0x20, 0x0,
    0x0, 0x0, 0xdf, 0xff, 0xfd, 0xdd, 0xdd, 0xd4,
    0x2f, 0xff, 0xff, 0xff, 0xff, 0xff, 0x52, 0xff,
    0xff, 0xff, 0xff, 0xff, 0xf5,

    /* U+017F "ſ" */
    0x0, 0x0, 0x2a, 0xde, 0xc8, 0x10, 0x0, 0x5f,
    0xff, 0xff, 0xf0, 0x0, 0x1f, 0xff, 0xff, 0xfa,
    0x0, 0x6, 0xff, 0xfa, 0x1, 0x10, 0x0, 0x8f,
    0xff, 0x30, 0x0, 0x8, 0xff, 0xff, 0xf3, 0x0,
    0x0, 0x8f, 0xff, 0xff, 0x30, 0x0, 0x7, 0xdf,
    0xff, 0xf3, 0x0, 0x0, 0x0, 0x8f, 0xff, 0x30,
    0x0, 0x0, 0x8, 0xff, 0xf3, 0x0, 0x0, 0x0,
    0x8f, 0xff, 0x30, 0x0, 0x0, 0x8, 0xff, 0xf3,
    0x0, 0x0, 0x0, 0x8f, 0xff, 0x30, 0x0, 0x0,
    0x8, 0xff, 0xf3, 0x0, 0x0, 0x0, 0x8f, 0xff,
    0x30, 0x0, 0x0, 0x8, 0xff, 0xf3, 0x0, 0x0,
    0x0, 0x8f, 0xff, 0x30, 0x0, 0x0, 0x8, 0xff,
    0xf3, 0x0, 0x0,

    /* U+2007 " " */

    /* U+2008 " " */

    /* U+2009 " " */

    /* U+200A " " */

    /* U+200B "​" */

    /* U+2010 "‐" */
    0xbf, 0xff, 0xff, 0xf0, 0xcf, 0xff, 0xff, 0xf0,
    0xcf, 0xff, 0xff, 0xf0,

    /* U+2012 "‒" */
    0x44, 0x44, 0x44, 0x44, 0x44, 0x44, 0x44, 0x3f,
    0xff, 0xff, 0xff, 0xff, 0xff, 0xff, 0xfc, 0xff,
    0xff, 0xff, 0xff, 0xff, 0xff, 0xff, 0xc0,

    /* U+2013 "–" */
    0x55, 0x55, 0x55, 0x55, 0x55, 0x55, 0xff, 0xff,
    0xff, 0xff, 0xff, 0xff, 0xff, 0xff, 0xff, 0xff,
    0xff, 0xff,

    /* U+2014 "—" */
    0x55, 0x55, 0x55, 0x55, 0x55, 0x55, 0x55, 0x55,
    0x55, 0x55, 0x55, 0x55, 0xff, 0xff, 0xff, 0xff,
    0xff, 0xff, 0xff, 0xff, 0xff, 0xff, 0xff, 0xff,
    0xff, 0xff, 0xff, 0xff, 0xff, 0xff, 0xff, 0xff,
    0xff, 0xff, 0xff, 0xff,

    /* U+2015 "―" */
    0x55, 0x55, 0x55, 0x55, 0x55, 0x55, 0x55, 0x55,
    0x55, 0x55, 0x55, 0x55, 0xff, 0xff, 0xff, 0xff,
    0xff, 0xff, 0xff, 0xff, 0xff, 0xff, 0xff, 0xff,
    0xff, 0xff, 0xff, 0xff, 0xff, 0xff, 0xff, 0xff,
    0xff, 0xff, 0xff, 0xff,

    /* U+2018 "‘" */
    0x0, 0x5f, 0xf1, 0x0, 0xcf, 0xc0, 0x2, 0xff,
    0x80, 0x9, 0xff, 0x60, 0xe, 0xff, 0xf2, 0x2f,
    0xff, 0xf6, 0xf, 0xff, 0xf4, 0x5, 0xee, 0x80,

    /* U+2019 "’" */
    0x0, 0x67, 0x20, 0xc, 0xff, 0xf2, 0x1f, 0xff,
    0xf6, 0xf, 0xff, 0xf6, 0x5, 0xff, 0xf1, 0x1,
    0xff, 0xa0, 0x5, 0xff, 0x40, 0xa, 0xfd, 0x0,
    0x6, 0x84, 0x0,

    /* U+201A "‚" */
    0x0, 0x67, 0x20, 0xb, 0xff, 0xf1, 0x1f, 0xff,
    0xf6, 0xf, 0xff, 0xf5, 0x5, 0xff, 0xf1, 0x1,
    0xff, 0xa0, 0x5, 0xff, 0x40, 0xa, 0xfd, 0x0,
    0x6, 0x84, 0x0,

    /* U+201C "“" */
    0x0, 0x5f, 0xf1, 0x0, 0xbf, 0xb0, 0x0, 0xcf,
    0xc0, 0x1, 0xff, 0x70, 0x2, 0xff, 0x80, 0x8,
    0xff, 0x20, 0x9, 0xff, 0x60, 0xe, 0xff, 0x0,
    0xe, 0xff, 0xf2, 0x4f, 0xff, 0xb0, 0x2f, 0xff,
    0xf6, 0x7f, 0xff, 0xf0, 0xf, 0xff, 0xf4, 0x5f,
    0xff, 0xe0, 0x5, 0xee, 0x80, 0x9, 0xfd, 0x40,

    /* U+201D "”" */
    0x0, 0x67, 0x20, 0x2, 0x76, 0x0, 0xc, 0xff,
    0xf2, 0x2f, 0xff, 0xc0, 0x1f, 0xff, 0xf6, 0x7f,
    0xff, 0xf1, 0xf, 0xff, 0xf6, 0x5f, 0xff, 0xf0,
    0x5, 0xff, 0xf1, 0xb, 0xff, 0xb0, 0x1, 0xff,
    0xa0, 0x6, 0xff, 0x50, 0x5, 0xff, 0x40, 0xb,
    0xfe, 0x0, 0xa, 0xfd, 0x0, 0xf, 0xf8, 0x0,
    0x6, 0x84, 0x0, 0x18, 0x81, 0x0,

    /* U+201E "„" */
    0x0, 0x67, 0x20, 0x2, 0x76, 0x0, 0xb, 0xff,
    0xf1, 0x2f, 0xff, 0xb0, 0x1f, 0xff, 0xf6, 0x7f,
    0xff, 0xf1, 0xf, 0xff, 0xf5, 0x5f, 0xff, 0xf0,
    0x5, 0xff, 0xf1, 0xb, 0xff, 0xb0, 0x1, 0xff,
    0xa0, 0x6, 0xff, 0x50, 0x5, 0xff, 0x40, 0xb,
    0xfe, 0x0, 0xa, 0xfd, 0x0, 0xf, 0xf8, 0x0,
    0x6, 0x84, 0x0, 0x18, 0x81, 0x0,

    /* U+2020 "†" */
    0x0, 0x0, 0xc, 0xff, 0xf0, 0x0, 0x0, 0x0,
    0x0, 0xc, 0xff, 0xf0, 0x0, 0x0, 0x0, 0x0,
    0xc, 0xff, 0xf0, 0x0, 0x0, 0x0, 0x0, 0xc,
    0xff, 0xf0, 0x0, 0x0, 0x0, 0x0, 0xc, 0xff,
    0xf0, 0x0, 0x0, 0x0, 0x0, 0xc, 0xff, 0xf0,
    0x0, 0x0, 0x4f, 0xff, 0xff, 0xff, 0xff, 0xff,
    0xf7, 0x4f, 0xff, 0xff, 0xff, 0xff, 0xff, 0xf7,
    0x4f, 0xff, 0xff, 0xff, 0xff, 0xff, 0xf7, 0x0,
    0x0, 0xc, 0xff, 0xf0, 0x0, 0x0, 0x0, 0x0,
    0xc, 0xff, 0xf0, 0x0, 0x0, 0x0, 0x0, 0xc,
    0xff, 0xf0, 0x0, 0x0, 0x0, 0x0, 0xc, 0xff,
    0xf0, 0x0, 0x0, 0x0, 0x0, 0xc, 0xff, 0xf0,
    0x0, 0x0, 0x0, 0x0, 0xc, 0xff, 0xf0, 0x0,
    0x0, 0x0, 0x0, 0xc, 0xff, 0xf0, 0x0, 0x0,
    0x0, 0x0, 0xc, 0xff, 0xf0, 0x0, 0x0, 0x0,
    0x0, 0xc, 0xff, 0xf0, 0x0, 0x0, 0x0, 0x0,
    0xc, 0xff, 0xf0, 0x0, 0x0, 0x0, 0x0, 0xc,
    0xff, 0xf0, 0x0, 0x0, 0x0, 0x0, 0xc, 0xff,
    0xf0, 0x0, 0x0, 0x0, 0x0, 0xc, 0xff, 0xf0,
    0x0, 0x0,

    /* U+2021 "‡" */
    0x0, 0x0, 0xc, 0xff, 0xf0, 0x0, 0x0, 0x0,
    0x0, 0xc, 0xff, 0xf0, 0x0, 0x0, 0x0, 0x0,
    0xc, 0xff, 0xf0, 0x0, 0x0, 0x0, 0x0, 0xc,
    0xff, 0xf0, 0x0, 0x0, 0x0, 0x0, 0xc, 0xff,
    0xf0, 0x0, 0x0, 0x1, 0x11, 0x1c, 0xff, 0xf1,
    0x11, 0x10, 0x4f, 0xff, 0xff, 0xff, 0xff, 0xff,
    0xf7, 0x4f, 0xff, 0xff, 0xff, 0xff, 0xff, 0xf7,
    0x4f, 0xff, 0xff, 0xff, 0xff, 0xff, 0xf7, 0x0,
    0x0, 0xc, 0xff, 0xf0, 0x0, 0x0, 0x0, 0x0,
    0xc, 0xff, 0xf0, 0x0, 0x0, 0x0, 0x0, 0xc,
    0xff, 0xf0, 0x0, 0x0, 0x0, 0x0, 0xc, 0xff,
    0xf0, 0x0, 0x0, 0x1, 0x11, 0x1c, 0xff, 0xf1,
    0x11, 0x10, 0x4f, 0xff, 0xff, 0xff, 0xff, 0xff,
    0xf7, 0x4f, 0xff, 0xff, 0xff, 0xff, 0xff, 0xf7,
    0x4f, 0xff, 0xff, 0xff, 0xff, 0xff, 0xf7, 0x0,
    0x0, 0xc, 0xff, 0xf0, 0x0, 0x0, 0x0, 0x0,
    0xc, 0xff, 0xf0, 0x0, 0x0, 0x0, 0x0, 0xc,
    0xff, 0xf0, 0x0, 0x0, 0x0, 0x0, 0xc, 0xff,
    0xf0, 0x0, 0x0, 0x0, 0x0, 0xc, 0xff, 0xf0,
    0x0, 0x0,

    /* U+2022 "•" */
    0x0, 0x0, 0x0, 0x0, 0x6e, 0xfb, 0x20, 0x4f,
    0xff, 0xfd, 0xa, 0xff, 0xff, 0xf3, 0xaf, 0xff,
    0xff, 0x34, 0xff, 0xff, 0xd0, 0x6, 0xdf, 0xb2,
    0x0,

    /* U+2026 "…" */
    0x1, 0x78, 0x20, 0x0, 0x59, 0x60, 0x0, 0x18,
    0x81, 0x0, 0xdf, 0xff, 0x20, 0x6f, 0xff, 0x80,
    0x1e, 0xff, 0xe0, 0x2f, 0xff, 0xf6, 0xb, 0xff,
    0xfd, 0x4, 0xff, 0xff, 0x40, 0xff, 0xff, 0x40,
    0x9f, 0xff, 0xa0, 0x2f, 0xff, 0xf2, 0x4, 0xde,
    0x80, 0x1, 0xbf, 0xc1, 0x0, 0x6e, 0xe6, 0x0,

    /* U+2030 "‰" */
    0x0, 0x4c, 0xfe, 0xa1, 0x0, 0x0, 0x0, 0x8f,
    0xf5, 0x0, 0x0, 0x0, 0x0, 0x0, 0x0, 0x5,
    0xff, 0xde, 0xfe, 0x10, 0x0, 0x3, 0xff, 0xa0,
    0x0, 0x0, 0x0, 0x0, 0x0, 0x0, 0xe, 0xf9,
    0x0, 0xdf, 0x90, 0x0, 0xd, 0xfe, 0x10, 0x0,
    0x0, 0x0, 0x0, 0x0, 0x0, 0x3f, 0xf2, 0x0,
    0x8f, 0xd0, 0x0, 0x8f, 0xf5, 0x0, 0x0, 0x0,
    0x0, 0x0, 0x0, 0x0, 0x5f, 0xf1, 0x0, 0x7f,
    0xf0, 0x3, 0xff, 0xa0, 0x0, 0x0, 0x0, 0x0,
    0x0, 0x0, 0x0, 0x3f, 0xf3, 0x0, 0x9f, 0xd0,
    0xd, 0xfe, 0x10, 0x0, 0x0, 0x0, 0x0, 0x0,
    0x0, 0x0, 0xe, 0xfb, 0x2, 0xef, 0x90, 0x8f,
    0xf4, 0x0, 0x0, 0x0, 0x0, 0x0, 0x0, 0x0,
    0x0, 0x5, 0xff, 0xff, 0xfe, 0x13, 0xff, 0xa0,
    0x0, 0x0, 0x0, 0x0, 0x0, 0x0, 0x0, 0x0,
    0x0, 0x4c, 0xfe, 0xa1, 0xd, 0xfe, 0x11, 0x9e,
    0xfc, 0x50, 0x0, 0x8, 0xef, 0xd6, 0x0, 0x0,
    0x0, 0x0, 0x0, 0x9f, 0xf4, 0x1d, 0xff, 0xff,
    0xf6, 0x0, 0xcf, 0xff, 0xff, 0x80, 0x0, 0x0,
    0x0, 0x4, 0xff, 0x90, 0x8f, 0xf3, 0xa, 0xff,
    0x6, 0xff, 0x40, 0x8f, 0xf2, 0x0, 0x0, 0x0,
    0xe, 0xfe, 0x0, 0xdf, 0x90, 0x2, 0xff, 0x4a,
    0xfc, 0x0, 0xf, 0xf6, 0x0, 0x0, 0x0, 0x9f,
    0xf4, 0x0, 0xef, 0x70, 0x0, 0xff, 0x6c, 0xfa,
    0x0, 0xe, 0xf7, 0x0, 0x0, 0x4, 0xff, 0x90,
    0x0, 0xdf, 0x90, 0x2, 0xff, 0x4a, 0xfb, 0x0,
    0xf, 0xf6, 0x0, 0x0, 0x1e, 0xfd, 0x0, 0x0,
    0x8f, 0xe1, 0x8, 0xff, 0x6, 0xff, 0x20, 0x6f,
    0xf2, 0x0, 0x0, 0xaf, 0xf3, 0x0, 0x0, 0x1e,
    0xfe, 0xdf, 0xf6, 0x0, 0xcf, 0xfd, 0xff, 0x80,
    0x0, 0x4, 0xff, 0x80, 0x0, 0x0, 0x1, 0x9e,
    0xfc, 0x50, 0x0, 0x8, 0xef, 0xd6, 0x0,

    /* U+2032 "′" */
    0xdf, 0xf5, 0xcf, 0xf5, 0xbf, 0xf4, 0xbf, 0xf3,
    0xaf, 0xf3, 0xaf, 0xf2, 0x7c, 0xc1,

    /* U+2033 "″" */
    0xdf, 0xf5, 0xd, 0xff, 0x4c, 0xff, 0x50, 0xdf,
    0xf4, 0xbf, 0xf4, 0xc, 0xff, 0x3b, 0xff, 0x30,
    0xcf, 0xf2, 0xaf, 0xf3, 0xb, 0xff, 0x2a, 0xff,
    0x20, 0xaf, 0xf1, 0x7c, 0xc1, 0x7, 0xcc, 0x0,

    /* U+2039 "‹" */
    0x0, 0x0, 0x44, 0x42, 0x0, 0x5, 0xff, 0xe1,
    0x0, 0x1e, 0xff, 0x50, 0x0, 0xcf, 0xfa, 0x0,
    0x8, 0xff, 0xd0, 0x0, 0xe, 0xff, 0x80, 0x0,
    0x4, 0xff, 0xf2, 0x0, 0x0, 0x9f, 0xfc, 0x0,
    0x0, 0xd, 0xff, 0x80, 0x0, 0x2, 0xff, 0xf4,

    /* U+203A "›" */
    0x14, 0x44, 0x0, 0x0, 0xd, 0xff, 0x80, 0x0,
    0x2, 0xff, 0xf4, 0x0, 0x0, 0x6f, 0xfe, 0x10,
    0x0, 0xb, 0xff, 0xb0, 0x0, 0x4, 0xff, 0xf2,
    0x0, 0xd, 0xff, 0x80, 0x0, 0xaf, 0xfc, 0x0,
    0x5, 0xff, 0xe1, 0x0, 0x1e, 0xff, 0x50, 0x0,

    /* U+2044 "⁄" */
    0x0, 0x0, 0x0, 0x0, 0x0, 0xc, 0xff, 0x10,
    0x0, 0x0, 0x0, 0x0, 0x7, 0xff, 0x60, 0x0,
    0x0, 0x0, 0x0, 0x2, 0xff, 0xb0, 0x0, 0x0,
    0x0, 0x0, 0x0, 0xcf, 0xe1, 0x0, 0x0, 0x0,
    0x0, 0x0, 0x8f, 0xf5, 0x0, 0x0, 0x0, 0x0,
    0x0, 0x3f, 0xfa, 0x0, 0x0, 0x0, 0x0, 0x0,
    0xd, 0xfe, 0x10, 0x0, 0x0, 0x0, 0x0, 0x8,
    0xff, 0x50, 0x0, 0x0, 0x0, 0x0, 0x3, 0xff,
    0xa0, 0x0, 0x0, 0x0, 0x0, 0x0, 0xdf, 0xe1,
    0x0, 0x0, 0x0, 0x0, 0x0, 0x8f, 0xf4, 0x0,
    0x0, 0x0, 0x0, 0x0, 0x3f, 0xf9, 0x0, 0x0,
    0x0, 0x0, 0x0, 0xd, 0xfe, 0x0, 0x0, 0x0,
    0x0, 0x0, 0x9, 0xff, 0x40, 0x0, 0x0, 0x0,
    0x0, 0x4, 0xff, 0x90, 0x0, 0x0, 0x0, 0x0,
    0x0, 0xdf, 0xd0, 0x0, 0x0, 0x0, 0x0, 0x0,
    0x9f, 0xf3, 0x0, 0x0, 0x0, 0x0, 0x0, 0x0,

    /* U+2052 "⁒" */
    0x2c, 0xf9, 0x0, 0x5, 0xff, 0x60, 0x9f, 0xff,
    0x30, 0xb, 0xff, 0x10, 0x9f, 0xff, 0x20, 0x1f,
    0xfb, 0x0, 0x1b, 0xd7, 0x0, 0x7f, 0xf5, 0x0,
    0x0, 0x0, 0x0, 0xcf, 0xf0, 0x0, 0x0, 0x0,
    0x2, 0xff, 0x90, 0x0, 0x0, 0x0, 0x8, 0xff,
    0x30, 0x0, 0x0, 0x0, 0xe, 0xfd, 0x0, 0x0,
    0x0, 0x0, 0x4f, 0xf8, 0x0, 0x0, 0x0, 0x0,
    0xaf, 0xf2, 0x0, 0x0, 0x0, 0x0, 0xff, 0xc0,
    0x0, 0x0, 0x0, 0x5, 0xff, 0x60, 0x0, 0x0,
    0x0, 0xb, 0xff, 0x10, 0x0, 0x0, 0x0, 0x1f,
    0xfb, 0x0, 0x4d, 0xc3, 0x0, 0x7f, 0xf5, 0x0,
    0xff, 0xfd, 0x0, 0xdf, 0xe0, 0x0, 0xff, 0xfd,
    0x2, 0xff, 0x90, 0x0, 0x5e, 0xe4
};


/*---------------------
 *  GLYPH DESCRIPTION
 *--------------------*/

static const lv_font_fmt_txt_glyph_dsc_t glyph_dsc[] = {
    {.bitmap_index = 0, .adv_w = 0, .box_w = 0, .box_h = 0, .ofs_x = 0, .ofs_y = 0} /* id = 0 reserved */,
    {.bitmap_index = 0, .adv_w = 109, .box_w = 0, .box_h = 0, .ofs_x = 0, .ofs_y = 0},
    {.bitmap_index = 0, .adv_w = 111, .box_w = 5, .box_h = 17, .ofs_x = 1, .ofs_y = 0},
    {.bitmap_index = 43, .adv_w = 168, .box_w = 9, .box_h = 7, .ofs_x = 1, .ofs_y = 10},
    {.bitmap_index = 75, .adv_w = 276, .box_w = 17, .box_h = 17, .ofs_x = 0, .ofs_y = 0},
    {.bitmap_index = 220, .adv_w = 245, .box_w = 15, .box_h = 23, .ofs_x = 0, .ofs_y = -3},
    {.bitmap_index = 393, .adv_w = 337, .box_w = 21, .box_h = 17, .ofs_x = 0, .ofs_y = 0},
    {.bitmap_index = 572, .adv_w = 280, .box_w = 17, .box_h = 17, .ofs_x = 0, .ofs_y = 0},
    {.bitmap_index = 717, .adv_w = 88, .box_w = 4, .box_h = 7, .ofs_x = 1, .ofs_y = 10},
    {.bitmap_index = 731, .adv_w = 137, .box_w = 8, .box_h = 23, .ofs_x = 1, .ofs_y = -5},
    {.bitmap_index = 823, .adv_w = 137, .box_w = 7, .box_h = 23, .ofs_x = 0, .ofs_y = -5},
    {.bitmap_index = 904, .adv_w = 167, .box_w = 11, .box_h = 10, .ofs_x = 0, .ofs_y = 8},
    {.bitmap_index = 959, .adv_w = 230, .box_w = 12, .box_h = 11, .ofs_x = 1, .ofs_y = 3},
    {.bitmap_index = 1025, .adv_w = 101, .box_w = 6, .box_h = 9, .ofs_x = 0, .ofs_y = -4},
    {.bitmap_index = 1052, .adv_w = 148, .box_w = 8, .box_h = 3, .ofs_x = 1, .ofs_y = 5},
    {.bitmap_index = 1064, .adv_w = 101, .box_w = 6, .box_h = 5, .ofs_x = 0, .ofs_y = 0},
    {.bitmap_index = 1079, .adv_w = 151, .box_w = 12, .box_h = 23, .ofs_x = -1, .ofs_y = -2},
    {.bitmap_index = 1217, .adv_w = 261, .box_w = 16, .box_h = 17, .ofs_x = 0, .ofs_y = 0},
    {.bitmap_index = 1353, .adv_w = 151, .box_w = 8, .box_h = 17, .ofs_x = 0, .ofs_y = 0},
    {.bitmap_index = 1421, .adv_w = 227, .box_w = 14, .box_h = 17, .ofs_x = 0, .ofs_y = 0},
    {.bitmap_index = 1540, .adv_w = 227, .box_w = 15, .box_h = 17, .ofs_x = -1, .ofs_y = 0},
    {.bitmap_index = 1668, .adv_w = 265, .box_w = 17, .box_h = 17, .ofs_x = 0, .ofs_y = 0},
    {.bitmap_index = 1813, .adv_w = 228, .box_w = 14, .box_h = 17, .ofs_x = 0, .ofs_y = 0},
    {.bitmap_index = 1932, .adv_w = 245, .box_w = 15, .box_h = 17, .ofs_x = 0, .ofs_y = 0},
    {.bitmap_index = 2060, .adv_w = 238, .box_w = 15, .box_h = 17, .ofs_x = 0, .ofs_y = 0},
    {.bitmap_index = 2188, .adv_w = 253, .box_w = 15, .box_h = 17, .ofs_x = 0, .ofs_y = 0},
    {.bitmap_index = 2316, .adv_w = 245, .box_w = 15, .box_h = 17, .ofs_x = 0, .ofs_y = 0},
    {.bitmap_index = 2444, .adv_w = 101, .box_w = 6, .box_h = 13, .ofs_x = 0, .ofs_y = 0},
    {.bitmap_index = 2483, .adv_w = 101, .box_w = 6, .box_h = 17, .ofs_x = 0, .ofs_y = -4},
    {.bitmap_index = 2534, .adv_w = 230, .box_w = 12, .box_h = 13, .ofs_x = 1, .ofs_y = 2},
    {.bitmap_index = 2612, .adv_w = 230, .box_w = 12, .box_h = 9, .ofs_x = 1, .ofs_y = 4},
    {.bitmap_index = 2666, .adv_w = 230, .box_w = 12, .box_h = 13, .ofs_x = 1, .ofs_y = 2},
    {.bitmap_index = 2744, .adv_w = 226, .box_w = 14, .box_h = 17, .ofs_x = -1, .ofs_y = 0},
    {.bitmap_index = 2863, .adv_w = 397, .box_w = 24, .box_h = 22, .ofs_x = 0, .ofs_y = -5},
    {.bitmap_index = 3127, .adv_w = 294, .box_w = 20, .box_h = 17, .ofs_x = -1, .ofs_y = 0},
    {.bitmap_index = 3297, .adv_w = 294, .box_w = 17, .box_h = 17, .ofs_x = 1, .ofs_y = 0},
    {.bitmap_index = 3442, .adv_w = 281, .box_w = 17, .box_h = 17, .ofs_x = 0, .ofs_y = 0},
    {.bitmap_index = 3587, .adv_w = 317, .box_w = 18, .box_h = 17, .ofs_x = 1, .ofs_y = 0},
    {.bitmap_index = 3740, .adv_w = 258, .box_w = 14, .box_h = 17, .ofs_x = 1, .ofs_y = 0},
    {.bitmap_index = 3859, .adv_w = 245, .box_w = 14, .box_h = 17, .ofs_x = 1, .ofs_y = 0},
    {.bitmap_index = 3978, .adv_w = 296, .box_w = 18, .box_h = 17, .ofs_x = 0, .ofs_y = 0},
    {.bitmap_index = 4131, .adv_w = 310, .box_w = 17, .box_h = 17, .ofs_x = 1, .ofs_y = 0},
    {.bitmap_index = 4276, .adv_w = 126, .box_w = 5, .box_h = 17, .ofs_x = 1, .ofs_y = 0},
    {.bitmap_index = 4319, .adv_w = 208, .box_w = 13, .box_h = 17, .ofs_x = -1, .ofs_y = 0},
    {.bitmap_index = 4430, .adv_w = 284, .box_w = 18, .box_h = 17, .ofs_x = 1, .ofs_y = 0},
    {.bitmap_index = 4583, .adv_w = 232, .box_w = 14, .box_h = 17, .ofs_x = 1, .ofs_y = 0},
    {.bitmap_index = 4702, .adv_w = 367, .box_w = 20, .box_h = 17, .ofs_x = 1, .ofs_y = 0},
    {.bitmap_index = 4872, .adv_w = 310, .box_w = 17, .box_h = 17, .ofs_x = 1, .ofs_y = 0},
    {.bitmap_index = 5017, .adv_w = 324, .box_w = 20, .box_h = 17, .ofs_x = 0, .ofs_y = 0},
    {.bitmap_index = 5187, .adv_w = 281, .box_w = 16, .box_h = 17, .ofs_x = 1, .ofs_y = 0},
    {.bitmap_index = 5323, .adv_w = 324, .box_w = 21, .box_h = 21, .ofs_x = 0, .ofs_y = -4},
    {.bitmap_index = 5544, .adv_w = 282, .box_w = 16, .box_h = 17, .ofs_x = 1, .ofs_y = 0},
    {.bitmap_index = 5680, .adv_w = 245, .box_w = 15, .box_h = 17, .ofs_x = 0, .ofs_y = 0},
    {.bitmap_index = 5808, .adv_w = 237, .box_w = 15, .box_h = 17, .ofs_x = 0, .ofs_y = 0},
    {.bitmap_index = 5936, .adv_w = 303, .box_w = 17, .box_h = 17, .ofs_x = 1, .ofs_y = 0},
    {.bitmap_index = 6081, .adv_w = 286, .box_w = 20, .box_h = 17, .ofs_x = -1, .ofs_y = 0},
    {.bitmap_index = 6251, .adv_w = 447, .box_w = 28, .box_h = 17, .ofs_x = 0, .ofs_y = 0},
    {.bitmap_index = 6489, .adv_w = 274, .box_w = 18, .box_h = 17, .ofs_x = 0, .ofs_y = 0},
    {.bitmap_index = 6642, .adv_w = 260, .box_w = 18, .box_h = 17, .ofs_x = -1, .ofs_y = 0},
    {.bitmap_index = 6795, .adv_w = 258, .box_w = 16, .box_h = 17, .ofs_x = 0, .ofs_y = 0},
    {.bitmap_index = 6931, .adv_w = 141, .box_w = 8, .box_h = 22, .ofs_x = 1, .ofs_y = -5},
    {.bitmap_index = 7019, .adv_w = 151, .box_w = 13, .box_h = 23, .ofs_x = -2, .ofs_y = -2},
    {.bitmap_index = 7169, .adv_w = 141, .box_w = 7, .box_h = 22, .ofs_x = 0, .ofs_y = -5},
    {.bitmap_index = 7246, .adv_w = 230, .box_w = 13, .box_h = 10, .ofs_x = 1, .ofs_y = 3},
    {.bitmap_index = 7311, .adv_w = 192, .box_w = 12, .box_h = 3, .ofs_x = 0, .ofs_y = -2},
    {.bitmap_index = 7329, .adv_w = 230, .box_w = 8, .box_h = 4, .ofs_x = 2, .ofs_y = 14},
    {.bitmap_index = 7345, .adv_w = 237, .box_w = 14, .box_h = 13, .ofs_x = 0, .ofs_y = 0},
    {.bitmap_index = 7436, .adv_w = 265, .box_w = 15, .box_h = 18, .ofs_x = 1, .ofs_y = 0},
    {.bitmap_index = 7571, .adv_w = 227, .box_w = 14, .box_h = 13, .ofs_x = 0, .ofs_y = 0},
    {.bitmap_index = 7662, .adv_w = 266, .box_w = 15, .box_h = 18, .ofs_x = 0, .ofs_y = 0},
    {.bitmap_index = 7797, .adv_w = 242, .box_w = 15, .box_h = 13, .ofs_x = 0, .ofs_y = 0},
    {.bitmap_index = 7895, .adv_w = 149, .box_w = 11, .box_h = 18, .ofs_x = 0, .ofs_y = 0},
    {.bitmap_index = 7994, .adv_w = 269, .box_w = 16, .box_h = 18, .ofs_x = 0, .ofs_y = -5},
    {.bitmap_index = 8138, .adv_w = 265, .box_w = 14, .box_h = 18, .ofs_x = 1, .ofs_y = 0},
    {.bitmap_index = 8264, .adv_w = 116, .box_w = 5, .box_h = 19, .ofs_x = 1, .ofs_y = 0},
    {.bitmap_index = 8312, .adv_w = 118, .box_w = 10, .box_h = 24, .ofs_x = -3, .ofs_y = -5},
    {.bitmap_index = 8432, .adv_w = 253, .box_w = 15, .box_h = 18, .ofs_x = 1, .ofs_y = 0},
    {.bitmap_index = 8567, .adv_w = 116, .box_w = 5, .box_h = 18, .ofs_x = 1, .ofs_y = 0},
    {.bitmap_index = 8612, .adv_w = 403, .box_w = 23, .box_h = 13, .ofs_x = 1, .ofs_y = 0},
    {.bitmap_index = 8762, .adv_w = 265, .box_w = 14, .box_h = 13, .ofs_x = 1, .ofs_y = 0},
    {.bitmap_index = 8853, .adv_w = 252, .box_w = 15, .box_h = 13, .ofs_x = 0, .ofs_y = 0},
    {.bitmap_index = 8951, .adv_w = 265, .box_w = 15, .box_h = 18, .ofs_x = 1, .ofs_y = -5},
    {.bitmap_index = 9086, .adv_w = 265, .box_w = 15, .box_h = 18, .ofs_x = 0, .ofs_y = -5},
    {.bitmap_index = 9221, .adv_w = 166, .box_w = 9, .box_h = 13, .ofs_x = 1, .ofs_y = 0},
    {.bitmap_index = 9280, .adv_w = 204, .box_w = 13, .box_h = 13, .ofs_x = 0, .ofs_y = 0},
    {.bitmap_index = 9365, .adv_w = 167, .box_w = 11, .box_h = 16, .ofs_x = 0, .ofs_y = 0},
    {.bitmap_index = 9453, .adv_w = 264, .box_w = 14, .box_h = 13, .ofs_x = 1, .ofs_y = 0},
    {.bitmap_index = 9544, .adv_w = 230, .box_w = 16, .box_h = 13, .ofs_x = -1, .ofs_y = 0},
    {.bitmap_index = 9648, .adv_w = 360, .box_w = 23, .box_h = 13, .ofs_x = 0, .ofs_y = 0},
    {.bitmap_index = 9798, .adv_w = 228, .box_w = 15, .box_h = 13, .ofs_x = 0, .ofs_y = 0},
    {.bitmap_index = 9896, .adv_w = 230, .box_w = 16, .box_h = 18, .ofs_x = -1, .ofs_y = -5},
    {.bitmap_index = 10040, .adv_w = 209, .box_w = 13, .box_h = 13, .ofs_x = 0, .ofs_y = 0},
    {.bitmap_index = 10125, .adv_w = 150, .box_w = 9, .box_h = 22, .ofs_x = 1, .ofs_y = -5},
    {.bitmap_index = 10224, .adv_w = 119, .box_w = 5, .box_h = 23, .ofs_x = 1, .ofs_y = -5},
    {.bitmap_index = 10282, .adv_w = 150, .box_w = 9, .box_h = 22, .ofs_x = 0, .ofs_y = -5},
    {.bitmap_index = 10381, .adv_w = 230, .box_w = 13, .box_h = 5, .ofs_x = 1, .ofs_y = 6},
    {.bitmap_index = 10414, .adv_w = 109, .box_w = 0, .box_h = 0, .ofs_x = 0, .ofs_y = 0},
    {.bitmap_index = 10414, .adv_w = 111, .box_w = 5, .box_h = 17, .ofs_x = 1, .ofs_y = -4},
    {.bitmap_index = 10457, .adv_w = 227, .box_w = 14, .box_h = 19, .ofs_x = 0, .ofs_y = -3},
    {.bitmap_index = 10590, .adv_w = 257, .box_w = 16, .box_h = 17, .ofs_x = 0, .ofs_y = 0},
    {.bitmap_index = 10726, .adv_w = 269, .box_w = 17, .box_h = 16, .ofs_x = 0, .ofs_y = -1},
    {.bitmap_index = 10862, .adv_w = 283, .box_w = 20, .box_h = 17, .ofs_x = -1, .ofs_y = 0},
    {.bitmap_index = 11032, .adv_w = 119, .box_w = 5, .box_h = 23, .ofs_x = 1, .ofs_y = -5},
    {.bitmap_index = 11090, .adv_w = 200, .box_w = 13, .box_h = 20, .ofs_x = 0, .ofs_y = -3},
    {.bitmap_index = 11220, .adv_w = 230, .box_w = 9, .box_h = 4, .ofs_x = 3, .ofs_y = 15},
    {.bitmap_index = 11238, .adv_w = 301, .box_w = 18, .box_h = 17, .ofs_x = 0, .ofs_y = 0},
    {.bitmap_index = 11391, .adv_w = 158, .box_w = 9, .box_h = 8, .ofs_x = 0, .ofs_y = 10},
    {.bitmap_index = 11427, .adv_w = 218, .box_w = 14, .box_h = 10, .ofs_x = 0, .ofs_y = 2},
    {.bitmap_index = 11497, .adv_w = 230, .box_w = 12, .box_h = 7, .ofs_x = 1, .ofs_y = 3},
    {.bitmap_index = 11539, .adv_w = 148, .box_w = 8, .box_h = 3, .ofs_x = 1, .ofs_y = 5},
    {.bitmap_index = 11551, .adv_w = 301, .box_w = 18, .box_h = 17, .ofs_x = 0, .ofs_y = 0},
    {.bitmap_index = 11704, .adv_w = 230, .box_w = 10, .box_h = 3, .ofs_x = 2, .ofs_y = 15},
    {.bitmap_index = 11719, .adv_w = 161, .box_w = 10, .box_h = 8, .ofs_x = 0, .ofs_y = 9},
    {.bitmap_index = 11759, .adv_w = 230, .box_w = 12, .box_h = 16, .ofs_x = 1, .ofs_y = 0},
    {.bitmap_index = 11855, .adv_w = 165, .box_w = 10, .box_h = 10, .ofs_x = 0, .ofs_y = 8},
    {.bitmap_index = 11905, .adv_w = 165, .box_w = 10, .box_h = 10, .ofs_x = 0, .ofs_y = 8},
    {.bitmap_index = 11955, .adv_w = 230, .box_w = 8, .box_h = 4, .ofs_x = 5, .ofs_y = 14},
    {.bitmap_index = 11971, .adv_w = 265, .box_w = 14, .box_h = 18, .ofs_x = 1, .ofs_y = -5},
    {.bitmap_index = 12097, .adv_w = 263, .box_w = 15, .box_h = 21, .ofs_x = 0, .ofs_y = -3},
    {.bitmap_index = 12255, .adv_w = 116, .box_w = 5, .box_h = 5, .ofs_x = 1, .ofs_y = 4},
    {.bitmap_index = 12268, .adv_w = 230, .box_w = 6, .box_h = 6, .ofs_x = 4, .ofs_y = -6},
    {.bitmap_index = 12286, .adv_w = 165, .box_w = 9, .box_h = 10, .ofs_x = 1, .ofs_y = 8},
    {.bitmap_index = 12331, .adv_w = 164, .box_w = 10, .box_h = 8, .ofs_x = 0, .ofs_y = 10},
    {.bitmap_index = 12371, .adv_w = 218, .box_w = 13, .box_h = 10, .ofs_x = 0, .ofs_y = 2},
    {.bitmap_index = 12436, .adv_w = 401, .box_w = 24, .box_h = 17, .ofs_x = 1, .ofs_y = 0},
    {.bitmap_index = 12640, .adv_w = 401, .box_w = 24, .box_h = 17, .ofs_x = 1, .ofs_y = 0},
    {.bitmap_index = 12844, .adv_w = 401, .box_w = 25, .box_h = 17, .ofs_x = 0, .ofs_y = 0},
    {.bitmap_index = 13057, .adv_w = 226, .box_w = 14, .box_h = 17, .ofs_x = 1, .ofs_y = -4},
    {.bitmap_index = 13176, .adv_w = 294, .box_w = 20, .box_h = 22, .ofs_x = -1, .ofs_y = 0},
    {.bitmap_index = 13396, .adv_w = 294, .box_w = 20, .box_h = 22, .ofs_x = -1, .ofs_y = 0},
    {.bitmap_index = 13616, .adv_w = 294, .box_w = 20, .box_h = 22, .ofs_x = -1, .ofs_y = 0},
    {.bitmap_index = 13836, .adv_w = 294, .box_w = 20, .box_h = 22, .ofs_x = -1, .ofs_y = 0},
    {.bitmap_index = 14056, .adv_w = 294, .box_w = 20, .box_h = 22, .ofs_x = -1, .ofs_y = 0},
    {.bitmap_index = 14276, .adv_w = 294, .box_w = 20, .box_h = 25, .ofs_x = -1, .ofs_y = 0},
    {.bitmap_index = 14526, .adv_w = 415, .box_w = 26, .box_h = 17, .ofs_x = -1, .ofs_y = 0},
    {.bitmap_index = 14747, .adv_w = 281, .box_w = 17, .box_h = 22, .ofs_x = 0, .ofs_y = -5},
    {.bitmap_index = 14934, .adv_w = 258, .box_w = 14, .box_h = 22, .ofs_x = 1, .ofs_y = 0},
    {.bitmap_index = 15088, .adv_w = 258, .box_w = 14, .box_h = 22, .ofs_x = 1, .ofs_y = 0},
    {.bitmap_index = 15242, .adv_w = 258, .box_w = 14, .box_h = 22, .ofs_x = 1, .ofs_y = 0},
    {.bitmap_index = 15396, .adv_w = 258, .box_w = 14, .box_h = 22, .ofs_x = 1, .ofs_y = 0},
    {.bitmap_index = 15550, .adv_w = 126, .box_w = 9, .box_h = 22, .ofs_x = -2, .ofs_y = 0},
    {.bitmap_index = 15649, .adv_w = 126, .box_w = 9, .box_h = 22, .ofs_x = 1, .ofs_y = 0},
    {.bitmap_index = 15748, .adv_w = 126, .box_w = 10, .box_h = 22, .ofs_x = -1, .ofs_y = 0},
    {.bitmap_index = 15858, .adv_w = 126, .box_w = 10, .box_h = 22, .ofs_x = -1, .ofs_y = 0},
    {.bitmap_index = 15968, .adv_w = 322, .box_w = 20, .box_h = 17, .ofs_x = 0, .ofs_y = 0},
    {.bitmap_index = 16138, .adv_w = 310, .box_w = 17, .box_h = 22, .ofs_x = 1, .ofs_y = 0},
    {.bitmap_index = 16325, .adv_w = 324, .box_w = 20, .box_h = 22, .ofs_x = 0, .ofs_y = 0},
    {.bitmap_index = 16545, .adv_w = 324, .box_w = 20, .box_h = 22, .ofs_x = 0, .ofs_y = 0},
    {.bitmap_index = 16765, .adv_w = 324, .box_w = 20, .box_h = 22, .ofs_x = 0, .ofs_y = 0},
    {.bitmap_index = 16985, .adv_w = 324, .box_w = 20, .box_h = 22, .ofs_x = 0, .ofs_y = 0},
    {.bitmap_index = 17205, .adv_w = 324, .box_w = 20, .box_h = 22, .ofs_x = 0, .ofs_y = 0},
    {.bitmap_index = 17425, .adv_w = 230, .box_w = 11, .box_h = 11, .ofs_x = 2, .ofs_y = 3},
    {.bitmap_index = 17486, .adv_w = 324, .box_w = 20, .box_h = 21, .ofs_x = 0, .ofs_y = -2},
    {.bitmap_index = 17696, .adv_w = 303, .box_w = 17, .box_h = 22, .ofs_x = 1, .ofs_y = 0},
    {.bitmap_index = 17883, .adv_w = 303, .box_w = 17, .box_h = 22, .ofs_x = 1, .ofs_y = 0},
    {.bitmap_index = 18070, .adv_w = 303, .box_w = 17, .box_h = 22, .ofs_x = 1, .ofs_y = 0},
    {.bitmap_index = 18257, .adv_w = 303, .box_w = 17, .box_h = 22, .ofs_x = 1, .ofs_y = 0},
    {.bitmap_index = 18444, .adv_w = 260, .box_w = 18, .box_h = 22, .ofs_x = -1, .ofs_y = 0},
    {.bitmap_index = 18642, .adv_w = 281, .box_w = 16, .box_h = 17, .ofs_x = 1, .ofs_y = 0},
    {.bitmap_index = 18778, .adv_w = 266, .box_w = 15, .box_h = 19, .ofs_x = 1, .ofs_y = 0},
    {.bitmap_index = 18921, .adv_w = 237, .box_w = 14, .box_h = 18, .ofs_x = 0, .ofs_y = 0},
    {.bitmap_index = 19047, .adv_w = 237, .box_w = 14, .box_h = 18, .ofs_x = 0, .ofs_y = 0},
    {.bitmap_index = 19173, .adv_w = 237, .box_w = 14, .box_h = 18, .ofs_x = 0, .ofs_y = 0},
    {.bitmap_index = 19299, .adv_w = 237, .box_w = 14, .box_h = 18, .ofs_x = 0, .ofs_y = 0},
    {.bitmap_index = 19425, .adv_w = 237, .box_w = 14, .box_h = 18, .ofs_x = 0, .ofs_y = 0},
    {.bitmap_index = 19551, .adv_w = 237, .box_w = 14, .box_h = 21, .ofs_x = 0, .ofs_y = 0},
    {.bitmap_index = 19698, .adv_w = 382, .box_w = 24, .box_h = 13, .ofs_x = 0, .ofs_y = 0},
    {.bitmap_index = 19854, .adv_w = 227, .box_w = 14, .box_h = 18, .ofs_x = 0, .ofs_y = -5},
    {.bitmap_index = 19980, .adv_w = 242, .box_w = 15, .box_h = 18, .ofs_x = 0, .ofs_y = 0},
    {.bitmap_index = 20115, .adv_w = 242, .box_w = 15, .box_h = 18, .ofs_x = 0, .ofs_y = 0},
    {.bitmap_index = 20250, .adv_w = 242, .box_w = 15, .box_h = 18, .ofs_x = 0, .ofs_y = 0},
    {.bitmap_index = 20385, .adv_w = 242, .box_w = 15, .box_h = 18, .ofs_x = 0, .ofs_y = 0},
    {.bitmap_index = 20520, .adv_w = 116, .box_w = 8, .box_h = 18, .ofs_x = -2, .ofs_y = 0},
    {.bitmap_index = 20592, .adv_w = 116, .box_w = 8, .box_h = 18, .ofs_x = 1, .ofs_y = 0},
    {.bitmap_index = 20664, .adv_w = 116, .box_w = 9, .box_h = 18, .ofs_x = -1, .ofs_y = 0},
    {.bitmap_index = 20745, .adv_w = 116, .box_w = 8, .box_h = 18, .ofs_x = 0, .ofs_y = 0},
    {.bitmap_index = 20817, .adv_w = 252, .box_w = 15, .box_h = 18, .ofs_x = 0, .ofs_y = 0},
    {.bitmap_index = 20952, .adv_w = 265, .box_w = 14, .box_h = 18, .ofs_x = 1, .ofs_y = 0},
    {.bitmap_index = 21078, .adv_w = 252, .box_w = 15, .box_h = 18, .ofs_x = 0, .ofs_y = 0},
    {.bitmap_index = 21213, .adv_w = 252, .box_w = 15, .box_h = 18, .ofs_x = 0, .ofs_y = 0},
    {.bitmap_index = 21348, .adv_w = 252, .box_w = 15, .box_h = 18, .ofs_x = 0, .ofs_y = 0},
    {.bitmap_index = 21483, .adv_w = 252, .box_w = 15, .box_h = 19, .ofs_x = 0, .ofs_y = 0},
    {.bitmap_index = 21626, .adv_w = 252, .box_w = 15, .box_h = 18, .ofs_x = 0, .ofs_y = 0},
    {.bitmap_index = 21761, .adv_w = 230, .box_w = 12, .box_h = 14, .ofs_x = 1, .ofs_y = 1},
    {.bitmap_index = 21845, .adv_w = 252, .box_w = 15, .box_h = 17, .ofs_x = 0, .ofs_y = -2},
    {.bitmap_index = 21973, .adv_w = 264, .box_w = 14, .box_h = 18, .ofs_x = 1, .ofs_y = 0},
    {.bitmap_index = 22099, .adv_w = 264, .box_w = 14, .box_h = 18, .ofs_x = 1, .ofs_y = 0},
    {.bitmap_index = 22225, .adv_w = 264, .box_w = 14, .box_h = 18, .ofs_x = 1, .ofs_y = 0},
    {.bitmap_index = 22351, .adv_w = 264, .box_w = 14, .box_h = 18, .ofs_x = 1, .ofs_y = 0},
    {.bitmap_index = 22477, .adv_w = 230, .box_w = 16, .box_h = 23, .ofs_x = -1, .ofs_y = -5},
    {.bitmap_index = 22661, .adv_w = 265, .box_w = 15, .box_h = 23, .ofs_x = 1, .ofs_y = -5},
    {.bitmap_index = 22834, .adv_w = 230, .box_w = 16, .box_h = 23, .ofs_x = -1, .ofs_y = -5},
    {.bitmap_index = 23018, .adv_w = 294, .box_w = 20, .box_h = 21, .ofs_x = -1, .ofs_y = 0},
    {.bitmap_index = 23228, .adv_w = 237, .box_w = 14, .box_h = 18, .ofs_x = 0, .ofs_y = 0},
    {.bitmap_index = 23354, .adv_w = 294, .box_w = 20, .box_h = 22, .ofs_x = -1, .ofs_y = 0},
    {.bitmap_index = 23574, .adv_w = 237, .box_w = 14, .box_h = 18, .ofs_x = 0, .ofs_y = 0},
    {.bitmap_index = 23700, .adv_w = 294, .box_w = 21, .box_h = 23, .ofs_x = -1, .ofs_y = -6},
    {.bitmap_index = 23942, .adv_w = 237, .box_w = 14, .box_h = 19, .ofs_x = 0, .ofs_y = -6},
    {.bitmap_index = 24075, .adv_w = 281, .box_w = 17, .box_h = 22, .ofs_x = 0, .ofs_y = 0},
    {.bitmap_index = 24262, .adv_w = 227, .box_w = 14, .box_h = 18, .ofs_x = 0, .ofs_y = 0},
    {.bitmap_index = 24388, .adv_w = 281, .box_w = 17, .box_h = 22, .ofs_x = 0, .ofs_y = 0},
    {.bitmap_index = 24575, .adv_w = 227, .box_w = 14, .box_h = 18, .ofs_x = 0, .ofs_y = 0},
    {.bitmap_index = 24701, .adv_w = 281, .box_w = 17, .box_h = 23, .ofs_x = 0, .ofs_y = 0},
    {.bitmap_index = 24897, .adv_w = 227, .box_w = 14, .box_h = 19, .ofs_x = 0, .ofs_y = 0},
    {.bitmap_index = 25030, .adv_w = 281, .box_w = 17, .box_h = 22, .ofs_x = 0, .ofs_y = 0},
    {.bitmap_index = 25217, .adv_w = 227, .box_w = 14, .box_h = 18, .ofs_x = 0, .ofs_y = 0},
    {.bitmap_index = 25343, .adv_w = 317, .box_w = 18, .box_h = 22, .ofs_x = 1, .ofs_y = 0},
    {.bitmap_index = 25541, .adv_w = 266, .box_w = 20, .box_h = 19, .ofs_x = 0, .ofs_y = 0},
    {.bitmap_index = 25731, .adv_w = 322, .box_w = 20, .box_h = 17, .ofs_x = 0, .ofs_y = 0},
    {.bitmap_index = 25901, .adv_w = 266, .box_w = 17, .box_h = 18, .ofs_x = 0, .ofs_y = 0},
    {.bitmap_index = 26054, .adv_w = 258, .box_w = 14, .box_h = 21, .ofs_x = 1, .ofs_y = 0},
    {.bitmap_index = 26201, .adv_w = 242, .box_w = 15, .box_h = 18, .ofs_x = 0, .ofs_y = 0},
    {.bitmap_index = 26336, .adv_w = 258, .box_w = 14, .box_h = 22, .ofs_x = 1, .ofs_y = 0},
    {.bitmap_index = 26490, .adv_w = 242, .box_w = 15, .box_h = 18, .ofs_x = 0, .ofs_y = 0},
    {.bitmap_index = 26625, .adv_w = 258, .box_w = 14, .box_h = 23, .ofs_x = 1, .ofs_y = 0},
    {.bitmap_index = 26786, .adv_w = 242, .box_w = 15, .box_h = 19, .ofs_x = 0, .ofs_y = 0},
    {.bitmap_index = 26929, .adv_w = 258, .box_w = 15, .box_h = 23, .ofs_x = 1, .ofs_y = -6},
    {.bitmap_index = 27102, .adv_w = 242, .box_w = 15, .box_h = 18, .ofs_x = 0, .ofs_y = -5},
    {.bitmap_index = 27237, .adv_w = 258, .box_w = 14, .box_h = 22, .ofs_x = 1, .ofs_y = 0},
    {.bitmap_index = 27391, .adv_w = 242, .box_w = 15, .box_h = 18, .ofs_x = 0, .ofs_y = 0},
    {.bitmap_index = 27526, .adv_w = 296, .box_w = 18, .box_h = 22, .ofs_x = 0, .ofs_y = 0},
    {.bitmap_index = 27724, .adv_w = 269, .box_w = 16, .box_h = 23, .ofs_x = 0, .ofs_y = -5},
    {.bitmap_index = 27908, .adv_w = 296, .box_w = 18, .box_h = 22, .ofs_x = 0, .ofs_y = 0},
    {.bitmap_index = 28106, .adv_w = 269, .box_w = 16, .box_h = 23, .ofs_x = 0, .ofs_y = -5},
    {.bitmap_index = 28290, .adv_w = 296, .box_w = 18, .box_h = 23, .ofs_x = 0, .ofs_y = 0},
    {.bitmap_index = 28497, .adv_w = 269, .box_w = 16, .box_h = 24, .ofs_x = 0, .ofs_y = -5},
    {.bitmap_index = 28689, .adv_w = 296, .box_w = 18, .box_h = 24, .ofs_x = 0, .ofs_y = -7},
    {.bitmap_index = 28905, .adv_w = 269, .box_w = 16, .box_h = 24, .ofs_x = 0, .ofs_y = -5},
    {.bitmap_index = 29097, .adv_w = 310, .box_w = 17, .box_h = 22, .ofs_x = 1, .ofs_y = 0},
    {.bitmap_index = 29284, .adv_w = 265, .box_w = 17, .box_h = 23, .ofs_x = -2, .ofs_y = 0},
    {.bitmap_index = 29480, .adv_w = 321, .box_w = 20, .box_h = 17, .ofs_x = 0, .ofs_y = 0},
    {.bitmap_index = 29650, .adv_w = 265, .box_w = 15, .box_h = 18, .ofs_x = 0, .ofs_y = 0},
    {.bitmap_index = 29785, .adv_w = 126, .box_w = 10, .box_h = 22, .ofs_x = -1, .ofs_y = 0},
    {.bitmap_index = 29895, .adv_w = 116, .box_w = 9, .box_h = 18, .ofs_x = -1, .ofs_y = 0},
    {.bitmap_index = 29976, .adv_w = 126, .box_w = 8, .box_h = 21, .ofs_x = 0, .ofs_y = 0},
    {.bitmap_index = 30060, .adv_w = 116, .box_w = 8, .box_h = 18, .ofs_x = 0, .ofs_y = 0},
    {.bitmap_index = 30132, .adv_w = 126, .box_w = 10, .box_h = 22, .ofs_x = -1, .ofs_y = 0},
    {.bitmap_index = 30242, .adv_w = 116, .box_w = 9, .box_h = 18, .ofs_x = -1, .ofs_y = 0},
    {.bitmap_index = 30323, .adv_w = 126, .box_w = 6, .box_h = 23, .ofs_x = 1, .ofs_y = -6},
    {.bitmap_index = 30392, .adv_w = 116, .box_w = 6, .box_h = 25, .ofs_x = 1, .ofs_y = -6},
    {.bitmap_index = 30467, .adv_w = 126, .box_w = 5, .box_h = 23, .ofs_x = 1, .ofs_y = 0},
    {.bitmap_index = 30525, .adv_w = 116, .box_w = 5, .box_h = 13, .ofs_x = 1, .ofs_y = 0},
    {.bitmap_index = 30558, .adv_w = 278, .box_w = 15, .box_h = 17, .ofs_x = 1, .ofs_y = 0},
    {.bitmap_index = 30686, .adv_w = 233, .box_w = 13, .box_h = 24, .ofs_x = 1, .ofs_y = -5},
    {.bitmap_index = 30842, .adv_w = 208, .box_w = 13, .box_h = 22, .ofs_x = -1, .ofs_y = 0},
    {.bitmap_index = 30985, .adv_w = 118, .box_w = 11, .box_h = 23, .ofs_x = -3, .ofs_y = -5},
    {.bitmap_index = 31112, .adv_w = 284, .box_w = 18, .box_h = 24, .ofs_x = 1, .ofs_y = -7},
    {.bitmap_index = 31328, .adv_w = 253, .box_w = 15, .box_h = 25, .ofs_x = 1, .ofs_y = -7},
    {.bitmap_index = 31516, .adv_w = 248, .box_w = 15, .box_h = 13, .ofs_x = 1, .ofs_y = 0},
    {.bitmap_index = 31614, .adv_w = 232, .box_w = 14, .box_h = 22, .ofs_x = 1, .ofs_y = 0},
    {.bitmap_index = 31768, .adv_w = 116, .box_w = 8, .box_h = 23, .ofs_x = 1, .ofs_y = 0},
    {.bitmap_index = 31860, .adv_w = 232, .box_w = 14, .box_h = 24, .ofs_x = 1, .ofs_y = -7},
    {.bitmap_index = 32028, .adv_w = 116, .box_w = 5, .box_h = 25, .ofs_x = 1, .ofs_y = -7},
    {.bitmap_index = 32091, .adv_w = 232, .box_w = 14, .box_h = 18, .ofs_x = 1, .ofs_y = 0},
    {.bitmap_index = 32217, .adv_w = 116, .box_w = 10, .box_h = 19, .ofs_x = 1, .ofs_y = 0},
    {.bitmap_index = 32312, .adv_w = 232, .box_w = 14, .box_h = 17, .ofs_x = 1, .ofs_y = 0},
    {.bitmap_index = 32431, .adv_w = 161, .box_w = 10, .box_h = 18, .ofs_x = 1, .ofs_y = 0},
    {.bitmap_index = 32521, .adv_w = 237, .box_w = 16, .box_h = 17, .ofs_x = -1, .ofs_y = 0},
    {.bitmap_index = 32657, .adv_w = 126, .box_w = 10, .box_h = 18, .ofs_x = -1, .ofs_y = 0},
    {.bitmap_index = 32747, .adv_w = 310, .box_w = 17, .box_h = 22, .ofs_x = 1, .ofs_y = 0},
    {.bitmap_index = 32934, .adv_w = 265, .box_w = 14, .box_h = 18, .ofs_x = 1, .ofs_y = 0},
    {.bitmap_index = 33060, .adv_w = 310, .box_w = 17, .box_h = 24, .ofs_x = 1, .ofs_y = -7},
    {.bitmap_index = 33264, .adv_w = 265, .box_w = 14, .box_h = 20, .ofs_x = 1, .ofs_y = -7},
    {.bitmap_index = 33404, .adv_w = 310, .box_w = 17, .box_h = 22, .ofs_x = 1, .ofs_y = 0},
    {.bitmap_index = 33591, .adv_w = 265, .box_w = 14, .box_h = 18, .ofs_x = 1, .ofs_y = 0},
    {.bitmap_index = 33717, .adv_w = 304, .box_w = 19, .box_h = 18, .ofs_x = -1, .ofs_y = 0},
    {.bitmap_index = 33888, .adv_w = 310, .box_w = 17, .box_h = 22, .ofs_x = 1, .ofs_y = -5},
    {.bitmap_index = 34075, .adv_w = 265, .box_w = 14, .box_h = 18, .ofs_x = 1, .ofs_y = -5},
    {.bitmap_index = 34201, .adv_w = 324, .box_w = 20, .box_h = 22, .ofs_x = 0, .ofs_y = 0},
    {.bitmap_index = 34421, .adv_w = 252, .box_w = 15, .box_h = 18, .ofs_x = 0, .ofs_y = 0},
    {.bitmap_index = 34556, .adv_w = 324, .box_w = 20, .box_h = 22, .ofs_x = 0, .ofs_y = 0},
    {.bitmap_index = 34776, .adv_w = 252, .box_w = 15, .box_h = 18, .ofs_x = 0, .ofs_y = 0},
    {.bitmap_index = 34911, .adv_w = 324, .box_w = 20, .box_h = 22, .ofs_x = 0, .ofs_y = 0},
    {.bitmap_index = 35131, .adv_w = 252, .box_w = 15, .box_h = 18, .ofs_x = 0, .ofs_y = 0},
    {.bitmap_index = 35266, .adv_w = 436, .box_w = 27, .box_h = 17, .ofs_x = 0, .ofs_y = 0},
    {.bitmap_index = 35496, .adv_w = 409, .box_w = 25, .box_h = 13, .ofs_x = 0, .ofs_y = 0},
    {.bitmap_index = 35659, .adv_w = 282, .box_w = 16, .box_h = 22, .ofs_x = 1, .ofs_y = 0},
    {.bitmap_index = 35835, .adv_w = 166, .box_w = 10, .box_h = 18, .ofs_x = 1, .ofs_y = 0},
    {.bitmap_index = 35925, .adv_w = 282, .box_w = 16, .box_h = 24, .ofs_x = 1, .ofs_y = -7},
    {.bitmap_index = 36117, .adv_w = 166, .box_w = 9, .box_h = 20, .ofs_x = 1, .ofs_y = -7},
    {.bitmap_index = 36207, .adv_w = 282, .box_w = 16, .box_h = 22, .ofs_x = 1, .ofs_y = 0},
    {.bitmap_index = 36383, .adv_w = 166, .box_w = 11, .box_h = 18, .ofs_x = 0, .ofs_y = 0},
    {.bitmap_index = 36482, .adv_w = 245, .box_w = 15, .box_h = 22, .ofs_x = 0, .ofs_y = 0},
    {.bitmap_index = 36647, .adv_w = 204, .box_w = 13, .box_h = 18, .ofs_x = 0, .ofs_y = 0},
    {.bitmap_index = 36764, .adv_w = 245, .box_w = 15, .box_h = 22, .ofs_x = 0, .ofs_y = 0},
    {.bitmap_index = 36929, .adv_w = 204, .box_w = 13, .box_h = 18, .ofs_x = 0, .ofs_y = 0},
    {.bitmap_index = 37046, .adv_w = 245, .box_w = 15, .box_h = 22, .ofs_x = 0, .ofs_y = -5},
    {.bitmap_index = 37211, .adv_w = 204, .box_w = 13, .box_h = 18, .ofs_x = 0, .ofs_y = -5},
    {.bitmap_index = 37328, .adv_w = 245, .box_w = 15, .box_h = 22, .ofs_x = 0, .ofs_y = 0},
    {.bitmap_index = 37493, .adv_w = 204, .box_w = 13, .box_h = 18, .ofs_x = 0, .ofs_y = 0},
    {.bitmap_index = 37610, .adv_w = 237, .box_w = 15, .box_h = 23, .ofs_x = 0, .ofs_y = -6},
    {.bitmap_index = 37783, .adv_w = 167, .box_w = 11, .box_h = 21, .ofs_x = 0, .ofs_y = -5},
    {.bitmap_index = 37899, .adv_w = 237, .box_w = 15, .box_h = 22, .ofs_x = 0, .ofs_y = 0},
    {.bitmap_index = 38064, .adv_w = 167, .box_w = 11, .box_h = 19, .ofs_x = 0, .ofs_y = 0},
    {.bitmap_index = 38169, .adv_w = 237, .box_w = 15, .box_h = 17, .ofs_x = 0, .ofs_y = 0},
    {.bitmap_index = 38297, .adv_w = 171, .box_w = 11, .box_h = 16, .ofs_x = 0, .ofs_y = 0},
    {.bitmap_index = 38385, .adv_w = 303, .box_w = 17, .box_h = 22, .ofs_x = 1, .ofs_y = 0},
    {.bitmap_index = 38572, .adv_w = 264, .box_w = 14, .box_h = 19, .ofs_x = 1, .ofs_y = 0},
    {.bitmap_index = 38705, .adv_w = 303, .box_w = 17, .box_h = 22, .ofs_x = 1, .ofs_y = 0},
    {.bitmap_index = 38892, .adv_w = 264, .box_w = 14, .box_h = 18, .ofs_x = 1, .ofs_y = 0},
    {.bitmap_index = 39018, .adv_w = 303, .box_w = 17, .box_h = 22, .ofs_x = 1, .ofs_y = 0},
    {.bitmap_index = 39205, .adv_w = 264, .box_w = 14, .box_h = 18, .ofs_x = 1, .ofs_y = 0},
    {.bitmap_index = 39331, .adv_w = 303, .box_w = 17, .box_h = 25, .ofs_x = 1, .ofs_y = 0},
    {.bitmap_index = 39544, .adv_w = 264, .box_w = 14, .box_h = 21, .ofs_x = 1, .ofs_y = 0},
    {.bitmap_index = 39691, .adv_w = 303, .box_w = 17, .box_h = 22, .ofs_x = 1, .ofs_y = 0},
    {.bitmap_index = 39878, .adv_w = 264, .box_w = 14, .box_h = 18, .ofs_x = 1, .ofs_y = 0},
    {.bitmap_index = 40004, .adv_w = 303, .box_w = 17, .box_h = 22, .ofs_x = 1, .ofs_y = -5},
    {.bitmap_index = 40191, .adv_w = 264, .box_w = 15, .box_h = 18, .ofs_x = 1, .ofs_y = -5},
    {.bitmap_index = 40326, .adv_w = 447, .box_w = 28, .box_h = 22, .ofs_x = 0, .ofs_y = 0},
    {.bitmap_index = 40634, .adv_w = 360, .box_w = 23, .box_h = 18, .ofs_x = 0, .ofs_y = 0},
    {.bitmap_index = 40841, .adv_w = 260, .box_w = 18, .box_h = 22, .ofs_x = -1, .ofs_y = 0},
    {.bitmap_index = 41039, .adv_w = 230, .box_w = 16, .box_h = 23, .ofs_x = -1, .ofs_y = -5},
    {.bitmap_index = 41223, .adv_w = 260, .box_w = 18, .box_h = 22, .ofs_x = -1, .ofs_y = 0},
    {.bitmap_index = 41421, .adv_w = 258, .box_w = 16, .box_h = 22, .ofs_x = 0, .ofs_y = 0},
    {.bitmap_index = 41597, .adv_w = 209, .box_w = 13, .box_h = 18, .ofs_x = 0, .ofs_y = 0},
    {.bitmap_index = 41714, .adv_w = 258, .box_w = 16, .box_h = 23, .ofs_x = 0, .ofs_y = 0},
    {.bitmap_index = 41898, .adv_w = 209, .box_w = 13, .box_h = 19, .ofs_x = 0, .ofs_y = 0},
    {.bitmap_index = 42022, .adv_w = 258, .box_w = 16, .box_h = 22, .ofs_x = 0, .ofs_y = 0},
    {.bitmap_index = 42198, .adv_w = 209, .box_w = 13, .box_h = 18, .ofs_x = 0, .ofs_y = 0},
    {.bitmap_index = 42315, .adv_w = 128, .box_w = 11, .box_h = 18, .ofs_x = 0, .ofs_y = 0},
    {.bitmap_index = 42414, .adv_w = 269, .box_w = 0, .box_h = 0, .ofs_x = 0, .ofs_y = 0},
    {.bitmap_index = 42414, .adv_w = 101, .box_w = 0, .box_h = 0, .ofs_x = 0, .ofs_y = 0},
    {.bitmap_index = 42414, .adv_w = 55, .box_w = 0, .box_h = 0, .ofs_x = 0, .ofs_y = 0},
    {.bitmap_index = 42414, .adv_w = 38, .box_w = 0, .box_h = 0, .ofs_x = 0, .ofs_y = 0},
    {.bitmap_index = 42414, .adv_w = 0, .box_w = 0, .box_h = 0, .ofs_x = 0, .ofs_y = 0},
    {.bitmap_index = 42414, .adv_w = 148, .box_w = 8, .box_h = 3, .ofs_x = 1, .ofs_y = 5},
    {.bitmap_index = 42426, .adv_w = 269, .box_w = 15, .box_h = 3, .ofs_x = 1, .ofs_y = 7},
    {.bitmap_index = 42449, .adv_w = 192, .box_w = 12, .box_h = 3, .ofs_x = 0, .ofs_y = 6},
    {.bitmap_index = 42467, .adv_w = 384, .box_w = 24, .box_h = 3, .ofs_x = 0, .ofs_y = 6},
    {.bitmap_index = 42503, .adv_w = 384, .box_w = 24, .box_h = 3, .ofs_x = 0, .ofs_y = 6},
    {.bitmap_index = 42539, .adv_w = 101, .box_w = 6, .box_h = 8, .ofs_x = 0, .ofs_y = 10},
    {.bitmap_index = 42563, .adv_w = 101, .box_w = 6, .box_h = 9, .ofs_x = 0, .ofs_y = 9},
    {.bitmap_index = 42590, .adv_w = 101, .box_w = 6, .box_h = 9, .ofs_x = 0, .ofs_y = -4},
    {.bitmap_index = 42617, .adv_w = 191, .box_w = 12, .box_h = 8, .ofs_x = 0, .ofs_y = 10},
    {.bitmap_index = 42665, .adv_w = 191, .box_w = 12, .box_h = 9, .ofs_x = 0, .ofs_y = 9},
    {.bitmap_index = 42719, .adv_w = 191, .box_w = 12, .box_h = 9, .ofs_x = 0, .ofs_y = -4},
    {.bitmap_index = 42773, .adv_w = 227, .box_w = 14, .box_h = 22, .ofs_x = 0, .ofs_y = -5},
    {.bitmap_index = 42927, .adv_w = 227, .box_w = 14, .box_h = 22, .ofs_x = 0, .ofs_y = -5},
    {.bitmap_index = 43081, .adv_w = 137, .box_w = 7, .box_h = 7, .ofs_x = 1, .ofs_y = 4},
    {.bitmap_index = 43106, .adv_w = 306, .box_w = 19, .box_h = 5, .ofs_x = 0, .ofs_y = 0},
    {.bitmap_index = 43154, .adv_w = 483, .box_w = 30, .box_h = 17, .ofs_x = 0, .ofs_y = 0},
    {.bitmap_index = 43409, .adv_w = 88, .box_w = 4, .box_h = 7, .ofs_x = 1, .ofs_y = 10},
    {.bitmap_index = 43423, .adv_w = 168, .box_w = 9, .box_h = 7, .ofs_x = 1, .ofs_y = 10},
    {.bitmap_index = 43455, .adv_w = 131, .box_w = 8, .box_h = 10, .ofs_x = 0, .ofs_y = 2},
    {.bitmap_index = 43495, .adv_w = 131, .box_w = 8, .box_h = 10, .ofs_x = 0, .ofs_y = 2},
    {.bitmap_index = 43535, .adv_w = 71, .box_w = 15, .box_h = 17, .ofs_x = -5, .ofs_y = 0},
    {.bitmap_index = 43663, .adv_w = 228, .box_w = 12, .box_h = 17, .ofs_x = 1, .ofs_y = 0}
};

/*---------------------
 *  CHARACTER MAPPING
 *--------------------*/

static const uint16_t unicode_list_2[] = {
    0x0, 0x1, 0x2, 0x3, 0x4, 0x9, 0xb, 0xc,
    0xd, 0xe, 0x11, 0x12, 0x13, 0x15, 0x16, 0x17,
    0x19, 0x1a, 0x1b, 0x1f, 0x29, 0x2b, 0x2c, 0x32,
    0x33, 0x3d, 0x4b
};

/*Collect the unicode lists and glyph_id offsets*/
static const lv_font_fmt_txt_cmap_t cmaps[] =
{
    {
        .range_start = 32, .range_length = 95, .glyph_id_start = 1,
        .unicode_list = NULL, .glyph_id_ofs_list = NULL, .list_length = 0, .type = LV_FONT_FMT_TXT_CMAP_FORMAT0_TINY
    },
    {
        .range_start = 160, .range_length = 224, .glyph_id_start = 96,
        .unicode_list = NULL, .glyph_id_ofs_list = NULL, .list_length = 0, .type = LV_FONT_FMT_TXT_CMAP_FORMAT0_TINY
    },
    {
        .range_start = 8199, .range_length = 76, .glyph_id_start = 320,
        .unicode_list = unicode_list_2, .glyph_id_ofs_list = NULL, .list_length = 27, .type = LV_FONT_FMT_TXT_CMAP_SPARSE_TINY
    }
};

/*-----------------
 *    KERNING
 *----------------*/


/*Map glyph_ids to kern left classes*/
static const uint8_t kern_left_class_mapping[] =
{
    0, 0, 1, 2, 0, 3, 4, 5,
    2, 6, 7, 8, 9, 10, 9, 10,
    11, 12, 0, 13, 14, 15, 16, 17,
    18, 19, 12, 20, 20, 0, 0, 0,
    21, 22, 23, 24, 25, 22, 26, 27,
    28, 29, 29, 30, 31, 32, 29, 29,
    22, 33, 34, 35, 3, 36, 30, 37,
    37, 38, 39, 40, 41, 42, 43, 0,
    44, 0, 45, 46, 47, 48, 49, 50,
    51, 45, 52, 52, 53, 48, 45, 45,
    46, 46, 54, 55, 56, 57, 51, 58,
    58, 59, 58, 60, 41, 0, 0, 9,
    0, 61, 47, 62, 63, 64, 0, 65,
    0, 22, 8, 66, 0, 9, 22, 0,
    67, 0, 0, 0, 0, 51, 29, 9,
    0, 0, 8, 9, 0, 0, 0, 68,
    23, 23, 23, 23, 23, 23, 26, 25,
    26, 26, 26, 26, 29, 29, 29, 29,
    22, 29, 22, 22, 22, 22, 22, 0,
    22, 30, 30, 30, 30, 39, 69, 46,
    45, 45, 45, 45, 45, 45, 49, 47,
    49, 49, 49, 49, 51, 51, 70, 51,
    71, 45, 46, 46, 46, 46, 46, 9,
    46, 51, 51, 51, 51, 58, 46, 58,
    23, 45, 23, 45, 23, 72, 25, 47,
    25, 47, 25, 47, 25, 47, 22, 73,
    22, 48, 26, 49, 26, 49, 26, 49,
    26, 74, 26, 49, 28, 51, 28, 51,
    28, 51, 28, 51, 29, 45, 29, 45,
    29, 51, 29, 51, 29, 51, 29, 75,
    29, 51, 30, 51, 30, 51, 31, 53,
    53, 32, 48, 32, 48, 32, 73, 32,
    48, 32, 48, 29, 45, 29, 45, 29,
    45, 45, 29, 45, 22, 46, 22, 46,
    22, 46, 26, 49, 35, 55, 35, 55,
    35, 55, 3, 56, 3, 56, 3, 56,
    3, 56, 36, 57, 36, 76, 36, 57,
    30, 51, 30, 51, 30, 51, 30, 51,
    30, 51, 30, 77, 37, 58, 39, 58,
    39, 40, 60, 40, 60, 40, 60, 0,
    0, 0, 0, 0, 0, 9, 0, 0,
    0, 0, 78, 79, 10, 78, 79, 10,
    80, 80, 9, 10, 4, 2, 2, 66,
    9, 0, 0
};

/*Map glyph_ids to kern right classes*/
static const uint8_t kern_right_class_mapping[] =
{
    0, 0, 1, 2, 0, 3, 4, 5,
    2, 6, 7, 8, 9, 10, 9, 10,
    11, 12, 13, 14, 15, 16, 17, 12,
    18, 19, 20, 21, 21, 0, 0, 0,
    22, 23, 24, 25, 23, 25, 25, 25,
    23, 25, 25, 26, 25, 25, 25, 25,
    23, 25, 23, 25, 3, 27, 28, 29,
    29, 30, 31, 32, 33, 34, 35, 0,
    36, 0, 37, 38, 39, 39, 39, 40,
    39, 38, 41, 42, 38, 38, 43, 43,
    39, 43, 39, 43, 44, 45, 46, 47,
    47, 48, 49, 50, 0, 0, 35, 9,
    0, 51, 39, 52, 53, 54, 0, 55,
    0, 23, 8, 9, 9, 9, 23, 0,
    56, 0, 0, 0, 0, 43, 57, 9,
    0, 0, 8, 58, 0, 0, 0, 59,
    24, 24, 24, 24, 24, 24, 24, 23,
    25, 25, 25, 25, 25, 25, 25, 25,
    25, 25, 23, 23, 23, 23, 23, 0,
    23, 28, 28, 28, 28, 31, 25, 38,
    37, 37, 37, 37, 37, 37, 37, 39,
    39, 39, 39, 39, 60, 43, 61, 62,
    63, 43, 39, 39, 39, 39, 39, 9,
    39, 46, 46, 46, 46, 47, 38, 47,
    24, 37, 24, 37, 24, 37, 23, 39,
    23, 39, 23, 39, 23, 39, 25, 39,
    25, 39, 25, 39, 25, 39, 25, 39,
    25, 39, 25, 39, 23, 39, 23, 39,
    23, 39, 23, 39, 25, 38, 25, 64,
    25, 65, 25, 66, 25, 67, 25, 68,
    25, 43, 25, 68, 26, 69, 25, 38,
    43, 25, 38, 25, 38, 25, 38, 25,
    38, 25, 38, 25, 43, 25, 43, 25,
    43, 43, 25, 43, 23, 39, 23, 39,
    23, 39, 23, 39, 25, 43, 25, 43,
    25, 43, 3, 44, 3, 44, 3, 44,
    3, 44, 27, 45, 27, 45, 27, 45,
    28, 46, 28, 46, 28, 46, 28, 46,
    28, 46, 28, 46, 29, 47, 31, 47,
    31, 32, 50, 32, 50, 32, 50, 0,
    0, 0, 0, 0, 0, 9, 0, 0,
    0, 0, 70, 71, 10, 70, 71, 10,
    72, 72, 9, 10, 4, 2, 2, 9,
    58, 0, 0
};

/*Kern values between classes*/
static const int8_t kern_class_values[] =
{
    0, 2, 0, 0, 0, 0, 0, 3,
    0, 2, 0, 0, 4, 0, 0, 0,
    0, 2, 0, 0, 0, 0, 0, 0,
    0, 8, 8, 0, 4, 0, 8, 0,
    0, 0, 2, 0, 0, 0, 0, 0,
    0, 0, 0, 0, 0, 0, 0, 0,
    0, 0, 0, 0, 0, 8, 0, 0,
    0, 0, 0, 0, 0, 0, 0, 0,
    0, 0, 0, 0, 0, 2, 2, 0,
    2, 17, 0, 9, -7, 0, 0, 8,
    0, -21, -23, 2, 17, 7, 5, -15,
    2, 15, 0, 14, 4, 10, 0, -16,
    0, 0, 5, 0, 0, 0, 0, 0,
    0, 23, 5, -2, 0, 0, 0, 0,
    0, 0, 0, 0, 0, 0, 0, 0,
    0, 0, 0, 0, -8, 8, 0, 8,
    13, 0, -12, 0, 0, 0, 0, 0,
    0, 0, 0, 0, 0, 0, 0, 0,
    0, -12, 0, 0, 0, 0, 0, -8,
    5, 8, 0, 0, -4, 0, -2, 4,
    0, -4, 0, -4, -2, -8, 0, 0,
    0, 0, -4, 0, 0, -5, -6, 0,
    0, -4, 0, -8, 0, 0, 0, 0,
    0, 0, 0, 0, 0, 0, -4, -4,
    -4, 0, -1, 0, 0, 0, 0, -6,
    0, 0, -4, 0, 0, 0, 0, 0,
    0, 0, 0, 0, 0, -10, -4, 0,
    0, -9, 0, -48, 0, 0, -8, -19,
    8, 12, 0, 0, -8, 4, 4, 12,
    8, -5, 8, 0, 0, -21, 0, 0,
    0, 0, 0, 0, 0, 0, 0, 0,
    0, -13, 0, 0, 3, 0, 10, 0,
    0, 0, 0, 0, 0, 0, 0, 0,
    0, 0, 0, 0, 0, 0, 0, -9,
    0, 0, 0, 0, 0, 0, 10, 0,
    0, 0, 0, 0, 0, -8, -8, 0,
    -5, -15, 0, -15, -2, 0, 0, -12,
    0, -2, 12, 0, -12, -5, -2, 2,
    0, -5, 0, 0, -3, -25, 0, 3,
    0, 10, -9, 0, -8, 0, -15, 3,
    0, -31, -5, 8, 4, 0, 0, 0,
    0, 0, 0, 0, 4, 0, -6, -2,
    -6, 0, -4, 0, 0, 0, 0, -19,
    -22, 0, -2, 0, 0, 0, 0, 0,
    0, 0, 0, 0, 0, -10, -5, 0,
    0, 0, 0, 0, 0, 0, 0, 0,
    0, 0, 14, 0, 4, 0, 0, -8,
    0, 0, 0, 0, 0, 0, 0, 0,
    0, 0, -3, 0, 0, 0, 0, 0,
    0, 17, 5, 2, 0, 0, 0, 0,
    0, 40, 0, 0, 0, 0, 0, 0,
    0, 0, 0, 0, 0, 10, 0, 0,
    0, 0, 0, 0, 0, 0, 0, 0,
    0, 0, 0, 0, 40, 0, 0, 0,
    0, 0, 0, 0, 0, 0, 0, 0,
    0, 0, 0, 0, 0, 0, 0, 0,
    0, 0, 0, 0, 0, 0, 0, 0,
    0, 0, -13, 0, 0, 0, 0, 0,
    0, 0, 0, 0, 0, 0, 0, 0,
    0, 0, 0, 0, 0, 0, 0, 0,
    0, 0, 0, 0, 0, 0, 0, 0,
    0, 0, 0, 0, 0, 0, 0, 0,
    0, 0, 0, 0, 0, 0, 0, 0,
    3, 8, 4, 12, -4, 0, 0, 8,
    -4, -14, -51, 2, 9, 8, -1, -5,
    0, 9, 0, 10, 0, 10, 0, -37,
    0, -5, 12, 0, 12, -4, 8, 4,
    0, 0, 2, -4, 0, 0, -5, 0,
    0, 0, 31, 0, 12, 0, 14, 6,
    14, 5, 0, 0, 2, 0, 0, 12,
    13, 6, -30, 31, 31, 31, -5, 0,
    12, 31, 31, 31, 0, 12, 12, 0,
    0, 0, -5, -13, 0, 0, 0, -4,
    2, -3, 0, 2, -8, -6, -8, 2,
    0, -4, 0, 0, 0, -15, 2, -9,
    0, -8, -14, 0, -10, -8, -13, 0,
    0, -25, 0, 0, 0, 0, 4, 0,
    0, 0, 0, 0, 4, 0, -6, -10,
    -6, -5, 0, 0, 2, -10, 4, 0,
    -32, -4, 0, 0, 0, 0, 4, 0,
    0, 0, 0, 0, 0, 0, 0, 0,
    2, -21, 4, -25, 0, 0, 0, -14,
    -3, 0, 35, -5, -6, 4, 4, 0,
    0, -6, 4, 0, 0, -22, -8, 12,
    0, 21, -13, -3, -15, 0, -15, 5,
    0, -36, 0, 4, 4, 0, -3, 0,
    0, 4, 0, 0, -2, -3, -12, 0,
    -12, 0, 2, 0, -4, -12, 0, -25,
    -55, 2, 4, 0, 0, 0, -3, 0,
    0, 0, 0, 0, 4, -8, -8, 0,
    0, 23, -8, 0, -13, 0, 14, 0,
    -27, -36, -28, -8, 12, 0, 0, -25,
    0, 3, -10, 0, -6, 0, -8, -15,
    0, -4, 12, 0, 12, 0, 12, 0,
    0, 5, 12, -45, -25, 0, -25, 0,
    5, 2, -25, -25, -9, -25, -12, -19,
    -12, -25, -25, -4, 0, 15, -8, 17,
    0, -15, -29, -25, -25, -25, -17, 0,
    -25, -25, -25, -25, 2, 15, 18, 0,
    0, 2, 0, 0, 0, 0, 0, 2,
    2, -5, -8, 0, -2, -2, -4, 0,
    0, -2, 0, 0, 0, -8, 0, -4,
    0, -10, -8, 0, -10, -14, -14, -6,
    0, -8, 0, -8, 0, 0, 0, 0,
    0, -3, 0, 0, 4, 0, 2, -4,
    2, 0, 0, 0, 0, -5, 0, 0,
    0, 0, -12, 0, 0, 0, 0, 0,
    0, 0, 0, 0, -3, 0, 0, 0,
    0, 0, 0, 4, -2, 0, 0, 0,
    -2, 4, 4, 0, 0, 0, 0, -4,
    0, 0, 0, 0, 0, 0, 0, 2,
    0, 6, -2, 0, -5, 0, -7, 0,
    0, -2, 0, 12, 0, 0, -4, 0,
    0, 0, 0, 0, 0, 0, 0, -2,
    0, -2, 0, 0, 0, 0, 0, 0,
    0, 0, 0, 0, 0, 0, -4, 0,
    0, 0, 0, 0, 0, 0, 0, 0,
    0, -4, 0, -4, 0, 0, 0, 0,
    0, 0, 0, 0, 0, -2, -2, 0,
    -4, -3, 0, 0, 0, 0, 0, 0,
    0, 0, -3, 0, -4, -4, -4, 0,
    0, 0, 0, 0, 0, 0, 0, 0,
    0, -3, 0, 0, 0, 0, -3, -6,
    -3, 0, 0, 0, 0, 0, 0, -6,
    0, 0, 0, 0, 0, 0, 0, 0,
    0, 0, 0, 0, -3, 0, 0, 0,
    0, -12, -2, -12, 8, 0, 0, -8,
    4, 8, 9, 0, -10, 0, -3, 0,
    0, -16, 4, -2, 3, -22, 4, 0,
    0, 2, -20, 0, -22, -4, -34, -2,
    0, -19, 0, 8, 10, 0, 6, 0,
    0, 0, 0, 0, 1, 0, -9, -6,
    -9, 0, 0, 4, 4, -4, 10, -12,
    -9, 0, 4, 0, 0, 0, 6, 0,
    0, 0, 0, 0, 0, -10, -4, 0,
    0, 0, 0, -4, 0, 0, 0, -4,
    0, 0, 0, 0, 0, -2, -2, 0,
    -2, -5, 0, 0, 0, 0, 0, 0,
    0, -4, -4, 0, -3, -5, -3, 0,
    0, -4, 0, 0, 0, 0, 0, 0,
    0, 0, 0, 0, 0, 0, -4, -4,
    -4, 0, 0, 0, 0, 0, 0, -3,
    0, 0, 0, 0, 0, 0, 0, 0,
    0, 0, 0, 0, 0, 0, 0, 0,
    0, -2, 0, -8, 4, 0, 0, -3,
    2, 4, 4, 0, 0, 0, 0, 0,
    0, -2, 0, 0, 0, 0, 0, 2,
    0, 0, -4, 0, -4, -2, -3, 0,
    0, 0, 0, 0, 0, 0, 3, 0,
    0, -3, 0, 0, 0, 0, -6, -6,
    -6, 0, 0, 0, 4, 0, 8, -6,
    0, 0, 0, 0, 0, 0, 3, 0,
    0, 0, 0, 0, -3, -4, 0, 0,
    0, 12, -2, 2, -10, 0, 0, 9,
    -19, -19, -15, -8, 4, 0, -3, -25,
    -7, 0, -7, 0, -8, 6, -7, -23,
    0, -9, 0, 0, 2, 0, 4, -2,
    0, 4, 3, -12, -14, 0, -19, 0,
    0, -8, -8, -12, -3, -9, 2, -4,
    2, -8, -9, -5, -8, 6, -4, 4,
    9, -5, -22, -8, -8, -8, -19, 0,
    -8, -8, -8, -8, -8, 4, 8, 0,
    0, 0, 0, -4, 0, 0, 0, 2,
    0, 4, 0, 0, 0, 0, 0, 0,
    0, 0, 0, 0, 0, -4, 0, -2,
    0, 0, -4, 0, -7, -9, -9, 0,
    0, -12, 0, 0, 0, 0, 0, 0,
    0, -3, 0, 0, 0, 0, -1, -4,
    -1, 0, 0, 0, 0, -4, 4, 0,
    0, 0, -8, 0, 0, 0, 0, 0,
    0, 0, 0, 0, -3, -2, 0, 0,
    0, 4, 0, 0, 0, 0, 0, 0,
    0, 0, 20, 0, 0, 0, 0, 0,
    0, 2, 0, 0, 0, -4, 0, 4,
    0, 13, -4, 0, -10, -3, -15, 0,
    0, -8, 0, 4, 0, 0, 0, 0,
    0, 0, 0, 0, 5, 0, 2, -4,
    2, 0, 0, 0, 0, -15, 0, 0,
    0, 0, 0, 0, 0, 0, 0, 0,
    0, 0, 0, 0, 0, 0, 0, 0,
    -2, 0, 0, 0, -4, 0, 0, 3,
    0, -19, -12, 0, 0, 0, -6, -19,
    0, 0, -4, 4, 0, -7, -2, -18,
    0, -12, 0, 0, -6, -8, -6, -4,
    -3, 0, 0, -6, 0, 0, -4, 0,
    0, 0, 0, 0, 0, 0, 4, 0,
    4, 0, -2, 0, 0, -6, 0, 4,
    0, 4, -39, 0, 0, 0, -4, 0,
    0, 0, 0, 0, 0, 10, 10, 0,
    0, -7, 0, 0, 0, 0, 3, 0,
    2, -8, -8, 0, -4, -4, -5, 0,
    0, 0, 0, 0, 0, -12, 0, -4,
    0, -6, -4, 0, -9, -10, -12, -3,
    0, -8, 3, -12, 0, 0, 0, 0,
    0, 31, 0, 0, 2, 0, 0, -6,
    0, 0, 0, 0, 0, 0, 0, 4,
    0, 0, -8, 0, 0, 0, 0, 0,
    0, 0, 0, 0, 31, -3, -6, 0,
    0, -16, 0, 0, 0, 0, 0, -37,
    -9, 12, 12, -4, -17, 0, 4, -6,
    0, -19, -2, -5, 4, -27, -4, 9,
    0, 6, -13, -6, -15, -14, -17, 0,
    0, -23, 0, 21, 0, 0, -2, 0,
    0, 0, 0, -2, -2, -4, -11, -14,
    -11, -1, 4, 0, 0, 0, 0, -37,
    -31, 3, 8, 0, 0, 0, -2, 0,
    0, 0, 0, 0, 0, -14, -14, 0,
    0, 0, 0, 0, 0, 0, 0, 0,
    0, 2, 0, 0, 0, 0, 0, 0,
    0, 0, 0, 0, 0, 0, 0, 0,
    0, 0, -4, 0, -2, -4, -6, 0,
    0, -8, 0, -4, 0, 0, 0, 0,
    0, 0, 0, 0, 0, 0, 0, 0,
    0, 0, 0, 0, 0, 0, 0, 0,
    0, 0, 0, 0, 0, 0, 0, 0,
    0, 0, 0, 0, 0, -4, -2, 0,
    0, 0, -2, 0, -8, 0, 0, 8,
    -2, 5, 0, -7, 4, -2, 0, -5,
    -4, 0, -5, -4, -3, 0, -6, -5,
    0, 0, -3, -2, -2, -5, -3, 0,
    0, -4, 0, 4, -2, 0, -7, 0,
    0, 0, 0, -8, 0, -5, 0, -5,
    0, -5, -4, 0, 0, 0, -2, 4,
    2, -2, -3, 0, 0, 0, -7, 0,
    0, 0, 0, 0, 0, -1, 4, 0,
    0, 0, 0, 0, 0, 0, 0, 0,
    -8, 4, 0, -4, 0, -2, -3, -7,
    -2, -2, -2, 0, -2, -3, 0, 0,
    0, 0, 0, 0, -4, -3, -3, 0,
    0, 0, 0, 3, -2, 0, -2, 0,
    0, 0, 0, -2, -3, -2, -2, -3,
    -2, -2, -2, 0, 0, 0, -2, 0,
    0, 0, 0, 0, 0, 0, -2, 0,
    0, 0, 0, 0, 0, 0, 0, 0,
    5, 15, 0, 0, -8, 0, -2, 8,
    0, -4, -15, -5, 6, 2, 0, -16,
    -5, 4, -5, 3, 0, 1, -3, -11,
    0, -6, 2, 0, 0, -5, 0, 0,
    0, 4, 4, -8, -6, 0, -5, 0,
    0, -6, -4, -4, 0, -5, 2, -6,
    2, -5, -4, 0, 0, 0, -2, 12,
    4, -5, -17, -4, 11, 6, -5, 0,
    6, 6, 6, -4, 9, 5, 9, 0,
    0, 0, 0, 0, 0, 0, 0, 0,
    0, 4, 0, 0, 0, 0, 0, 0,
    0, 0, 0, 0, 0, 0, 0, 0,
    0, 0, 0, 0, 0, 0, 0, 0,
    0, -5, 0, 0, 0, 0, 0, 0,
    0, 0, 0, 0, 0, 0, 0, 0,
    0, 0, 0, 0, 0, 0, 0, 0,
    0, 0, 0, 0, 0, 0, 0, 0,
    0, 0, 0, 0, 0, -4, 0, 0,
    0, 0, 0, 0, 0, 0, 0, 0,
    0, 0, 0, 0, 0, 0, 0, 0,
    0, 0, 0, 0, 0, 0, 0, 0,
    0, 0, 0, 0, -2, 0, 0, 0,
    0, 0, 0, 0, 0, 0, 0, 0,
    0, 0, 0, 0, 0, 0, 0, 0,
    0, 0, 0, 0, 0, 0, 0, 0,
    0, 0, 0, 0, 0, 0, 0, 0,
    0, 0, 0, 0, 0, 0, 0, 0,
    0, 0, 0, 0, 0, 0, 0, 0,
    0, -3, -4, 0, 0, 0, 0, 0,
    0, 0, 0, 0, 0, 0, 0, -6,
    0, 0, -5, 0, 0, -4, -4, 0,
    0, 0, 0, -4, 0, 0, 0, 0,
    0, -2, 0, 0, 0, 0, 0, -2,
    0, 0, 0, 0, 0, 0, 0, 0,
    0, 0, -2, 0, 0, 0, 0, 0,
    0, 0, 0, 0, -2, 0, 0, 0,
    0, 0, -6, 0, -8, 0, 0, 0,
    -14, 0, 2, -9, 8, 1, -2, -17,
    0, 0, -9, -4, 0, -15, -10, -12,
    0, 0, -18, -4, -15, -16, -20, 0,
    -5, 0, 5, 25, -5, 0, -8, 0,
    0, 0, -4, -5, -9, -7, -15, -17,
    -15, -10, 0, 0, 0, 0, 0, -4,
    -5, -2, 0, -4, -4, -4, -8, 0,
    -4, -4, -4, -4, 0, -9, 0, 0,
    0, 0, -2, 0, 2, 0, 0, -27,
    0, 12, 7, -7, -13, 0, 2, -7,
    0, -19, -2, -4, 8, -33, -5, 2,
    0, 0, -25, -3, -19, -4, -28, 0,
    0, -27, 0, 19, 2, 0, -2, 0,
    0, 0, 0, 0, -2, -2, -14, -2,
    -14, 0, 0, 0, 0, 0, 0, -25,
    -32, 2, 0, 0, 0, 0, -2, 0,
    0, 0, 0, 0, 0, -18, -18, 0,
    0, 0, 0, 0, -11, 0, -2, 0,
    -2, -10, -17, 0, 0, -2, -6, -12,
    -4, 0, -3, 0, 0, 0, 0, -17,
    -4, -12, -11, -5, -7, -10, -4, -5,
    0, -8, -2, -14, -6, 0, -4, 0,
    0, -4, -4, 0, 2, 0, -2, -12,
    -2, 0, 0, 0, 0, 0, 0, 8,
    0, 0, -19, -4, -4, -4, -4, 0,
    -4, -4, -4, -4, -4, 0, 4, 0,
    0, -7, 0, 0, 0, 0, 3, 0,
    2, -8, 19, 0, -4, -4, -5, 0,
    0, 0, 0, 0, 0, -12, 0, -4,
    0, -6, -4, 0, -9, -10, -12, -3,
    0, -8, 5, 15, 0, 0, 0, 0,
    0, 31, 0, 0, 2, 0, 0, -6,
    0, 0, 0, 0, 0, 0, 0, 4,
    0, 0, -8, 0, 0, 0, 0, 0,
    0, 0, 0, 0, 31, -3, -6, 0,
    0, 0, 0, 0, 0, 0, 0, 0,
    -1, 0, 0, 0, 0, 0, -2, -8,
    0, 0, 0, 0, 0, -2, 0, 0,
    0, -4, -4, 0, 0, -8, -4, 0,
    0, -8, 0, 5, -2, 0, 0, 0,
    0, 0, 0, 0, 2, 0, 0, 0,
    0, 0, 0, 0, 0, 0, 0, 6,
    0, 0, -4, 0, 0, 0, 0, 0,
    0, 0, 0, 0, 0, 2, 0, 0,
    8, 5, -2, 0, -10, -3, 0, 12,
    -14, -13, -8, -8, 15, 9, 4, -32,
    -3, 8, -4, 0, -4, 8, -4, -13,
    0, -4, 4, -5, -5, -12, -5, 0,
    0, 12, 8, 0, -10, 0, -21, 0,
    0, 17, -5, -14, 2, -5, -12, -12,
    -12, -4, -8, 0, 0, 0, 0, 15,
    12, -6, -20, 1, 18, 9, -21, 0,
    14, 12, 12, -5, 17, 9, 9, 0,
    4, 0, -6, 0, -9, 0, 5, 12,
    -10, -15, -15, -10, 12, 0, 2, -29,
    -4, 4, -7, -3, -10, 0, -9, -15,
    -6, -6, -5, 0, 0, -10, -10, -4,
    0, 12, 10, -4, -21, 0, -21, 0,
    -2, -8, -13, -23, -2, -13, -7, -12,
    -7, -12, -12, 0, 0, 0, 0, 9,
    7, -6, -26, 8, 17, 12, -21, 0,
    13, 12, 18, -3, 15, 4, 10, -8,
    0, 0, -5, 0, -8, -2, 0, -4,
    -8, 0, 5, -14, 4, 0, 0, -22,
    0, -4, -9, -7, -3, -12, -10, -14,
    -8, 0, -12, -4, -10, -4, -12, -4,
    0, 0, 2, 17, -7, 0, -12, 0,
    0, 0, -4, -8, -10, -11, -13, -17,
    -13, -6, -4, 0, 0, 0, 0, -8,
    0, -5, 2, -4, -4, -4, -12, 0,
    -4, -4, -4, -4, 0, -3, 0, 0,
    8, 0, -6, 0, -19, -3, 4, 8,
    -13, -15, -8, -14, 14, -4, 2, -37,
    -8, 8, -9, -7, -15, 0, -12, -17,
    -3, -4, -5, -4, -10, -12, -2, 0,
    0, 12, 13, -2, -25, 0, -23, 0,
    -4, 14, -14, -27, -8, -13, -17, -19,
    -17, -14, -15, 0, 0, 0, -8, 8,
    7, -9, -30, 15, 16, 15, -23, 0,
    15, 15, 17, -4, 14, 3, 9, -8,
    0, 0, 0, 0, -3, 0, 0, 4,
    -3, 8, 2, -6, 8, 0, 0, -7,
    0, 0, 0, 0, 2, 2, -3, 0,
    0, 0, 0, 0, 0, -4, 0, 0,
    0, 0, 5, 12, 1, 0, -3, 0,
    0, 0, 0, 0, -2, -2, -3, 0,
    -3, 0, 2, 0, 0, 0, 0, 0,
    0, 0, 0, 0, 0, 0, -3, 0,
    0, 0, 0, 0, 0, 0, 0, 0,
    2, 5, 0, 0, 0, 0, 5, 2,
    -2, 0, 17, 0, 9, 2, 2, -6,
    0, 8, 0, 0, 0, 5, 0, 0,
    0, 0, 8, 0, 10, 2, 13, 0,
    0, 12, 0, 13, -2, 0, 0, 0,
    0, 38, 0, 0, 0, 0, 0, 0,
    0, 0, 2, 0, 0, 10, 0, 0,
    2, 0, 0, 0, 0, 0, 0, 0,
    0, 0, 0, 0, 38, 0, 0, 0,
    0, -23, 0, -4, 5, 0, 12, -51,
    0, 35, 3, -8, -8, 4, 4, -2,
    2, -19, 0, 0, 20, -23, -8, 12,
    0, 12, -8, -4, -15, 8, -8, 0,
    0, -28, 17, 54, 0, 0, 0, 0,
    0, 46, 0, 0, 0, 0, 8, 0,
    8, 0, 15, 0, 0, 0, 12, -23,
    -12, 2, 12, 0, 0, 0, 0, 0,
    0, 0, 0, 0, 46, -18, -18, 0,
    0, 0, 0, 0, 0, 0, 0, 0,
    0, 0, 0, 0, 0, 0, 0, 0,
    0, 0, 0, 0, 0, 0, 0, 0,
    0, 0, -3, 0, 0, -4, -2, 0,
    0, 0, 0, 0, 0, 0, 0, 0,
    0, 0, 0, 0, 0, 0, 0, 0,
    0, 0, 0, 0, 0, 0, 0, 0,
    0, 0, 0, 0, 0, 0, 0, 0,
    0, 0, 0, 0, 0, 0, 0, 0,
    0, -2, 8, -9, 0, 0, 2, -4,
    0, 4, 46, -8, -3, 10, 9, -9,
    4, 0, 0, 4, 4, -7, -12, 21,
    12, 30, 0, -4, -4, 17, -2, 8,
    0, -50, 13, 0, -4, 0, -9, 0,
    0, 43, 0, 4, -8, -9, -6, 13,
    8, 5, 8, 5, -2, -4, 9, 0,
    -20, 4, 0, 0, 0, 0, -9, 0,
    0, 0, 0, 0, 43, 0, 0, 0,
    0, 0, 0, -10, 0, 0, 0, -9,
    0, 0, 0, 0, -7, -2, 0, 0,
    0, -7, 0, -3, 0, -17, 0, 0,
    0, 0, 0, 0, 0, 0, 0, 0,
    0, -25, 0, 0, 0, 0, 2, 0,
    0, 0, 0, 0, 0, 0, -4, 0,
    -4, 0, 0, 0, 0, 0, 0, -6,
    -7, 0, 0, 0, 0, 0, 2, 0,
    0, 0, 0, 0, 0, -3, -2, 0,
    0, -6, 0, -9, 0, 0, 0, -5,
    4, -3, 0, 0, -9, -4, -8, 0,
    0, -9, 0, -4, 0, -17, 0, -8,
    0, 0, -25, -4, -15, -8, -15, 0,
    0, -25, 0, -9, -3, 0, 0, 0,
    0, 0, 0, 0, 0, 0, -6, -7,
    -6, -3, 0, 0, 0, 0, 0, -7,
    -8, 0, -4, 0, 0, 0, 0, 0,
    0, 0, 0, 0, 0, -3, 1, 0,
    0, 0, 0, 0, -7, 0, -9, 6,
    -8, 8, 0, -2, -8, -2, -5, -4,
    0, -3, -2, -2, 3, -9, -2, 0,
    0, 0, -27, -5, -10, 0, -15, 0,
    -2, -17, -2, 0, 0, -2, -3, 0,
    -2, 0, 0, 0, 3, 0, -3, -5,
    -3, -2, 0, 0, 0, 0, -2, 7,
    0, 0, -2, 0, 0, 0, -3, -2,
    0, 0, 0, 0, 0, 8, 10, 8,
    0, 0, 0, 0, 0, 0, 0, 0,
    0, 0, 0, 0, 0, 0, 0, 0,
    0, 0, 0, 0, 0, 0, 0, 0,
    0, 0, 0, 0, 0, 0, 0, 0,
    0, 0, 0, 0, 0, 0, 0, 0,
    0, 0, 0, 0, 15, 0, 0, 0,
    0, 0, 0, 0, 0, 0, 0, 0,
    0, 0, 0, 0, 0, 0, 0, 0,
    0, 0, 0, 0, 0, 0, 0, 0,
    0, -7, 0, -2, 0, 0, 0, -8,
    4, 0, 0, 0, -9, -4, -8, 0,
    0, -10, 0, -4, 0, -17, 0, 0,
    0, 0, -36, 0, -8, -15, -19, 0,
    0, -25, 0, -3, -6, 0, 0, 0,
    0, 0, 0, 0, 0, 0, -4, -6,
    -4, -2, 0, 0, 0, 0, 0, -6,
    -8, 0, -4, 0, 0, 0, 0, 0,
    0, 0, 0, 0, 0, -3, 1, 0,
    2, 0, 0, 5, -6, 0, 15, 15,
    -4, -4, -12, 3, 15, 5, 7, -9,
    3, 14, 3, 10, 7, 9, 0, 0,
    0, 0, 0, 0, 0, 0, 0, 0,
    0, 24, 17, -9, -4, 4, -3, 3,
    4, 18, 2, 0, 0, 0, 4, 0,
    4, 0, 0, 0, 0, 0, 0, 13,
    14, -2, -6, 25, 20, 23, -3, 11,
    23, 20, 31, 2, 18, 12, 22, 8,
    0, 0, -3, 0, 0, 0, 0, 0,
    0, 0, 0, 0, -2, 0, 0, 0,
    0, 0, 0, 0, 0, 10, 0, 0,
    0, 0, -25, -3, -5, -13, -15, 0,
    0, -25, 0, 0, 0, 0, 0, 0,
    0, 0, 0, 0, 0, 0, 0, 0,
    0, 0, 0, 0, 0, 0, 0, 0,
    0, 0, 0, 0, 0, 0, 0, 0,
    0, 0, 0, 0, 0, 0, 0, 0,
    0, 0, -3, 0, 0, 0, 0, 0,
    0, 0, 0, 0, -2, 0, 0, 0,
    0, 0, 0, 0, 0, 10, 0, 0,
    0, 0, -25, -3, -5, -13, -15, 0,
    0, -7, 0, 0, 0, 0, 0, 0,
    0, 0, 0, 0, 0, 0, 0, 0,
    0, 0, 0, 0, 0, 0, 0, 0,
    0, 0, 0, 0, 0, 0, 0, 0,
    0, 0, 0, 0, 0, 0, 0, 0,
    0, 0, 0, 0, -5, 0, 0, 0,
    -10, 4, 0, -4, 5, 9, 4, -12,
    0, 2, -4, 4, 0, 5, 0, 0,
    0, 0, -3, 0, -2, -2, -8, 0,
    -2, -15, 0, 22, -4, 0, -9, 0,
    0, 0, -2, -7, 0, -4, -12, -8,
    -12, -5, 0, 0, 0, 0, 0, 0,
    0, 0, 0, -2, -2, -2, -9, 0,
    -2, -2, -2, -2, 0, 1, 0, 0,
    0, 0, -3, 0, 0, 0, 0, 0,
    0, 0, 0, 0, -2, 0, 0, 0,
    0, 0, 0, 0, 0, 10, 0, 0,
    0, 0, -25, -3, -5, -13, -15, 0,
    0, -25, 0, 0, 0, 0, 0, 0,
    0, 19, 0, 0, 0, 0, 0, 0,
    0, 0, 0, 0, 0, 0, 0, 0,
    0, 0, 0, 0, 0, 0, 0, 0,
    0, 0, 0, 0, 19, 0, 0, 0,
    0, 0, -3, 0, -10, -3, -2, 12,
    -3, -4, -15, 2, 3, 2, -2, -8,
    1, 9, 1, 5, 2, 5, -8, -17,
    -3, 0, -8, -4, -9, -15, -13, 0,
    -3, -8, -3, -6, -15, -2, -3, 0,
    -2, 0, -2, 0, 6, 0, 6, -2,
    6, 0, 0, 0, 0, 0, 4, 13,
    12, 2, -13, -2, -2, -2, -3, -2,
    -2, -2, -2, -2, 0, 14, 14, 12,
    0, 0, 0, 0, 0, 0, 0, 0,
    0, 0, 0, 0, -2, -4, -4, 0,
    0, -9, 0, -2, 0, -5, 0, 0,
    0, 0, 0, 0, 0, 0, 0, 0,
    0, -23, 0, 0, 0, 0, 0, 0,
    0, 0, 0, 0, 0, 0, -4, -4,
    -4, 0, 0, 0, 0, 0, 0, -5,
    -8, 0, 0, 0, 0, 0, 0, 0,
    0, 0, 0, 0, 0, 0, 0, 0,
    0, 0, 0, 0, -3, 0, 0, -5,
    -4, 4, 0, -5, -6, -2, 0, -8,
    -2, -7, -3, -3, 0, -5, 0, 0,
    0, 0, 0, 0, 0, 0, 0, 0,
    0, -25, 0, 10, 0, 0, -7, 0,
    0, 0, 0, 0, -5, 0, -4, 0,
    -4, 0, 0, 0, 0, 0, -2, -2,
    -8, 0, 0, 0, 0, 0, -7, 0,
    0, 0, 0, 0, 0, -2, 0, 0,
    0, 0, -2, 0, -10, 0, 0, 14,
    -6, -12, -13, 2, 8, 8, 2, -13,
    2, 6, 2, 12, 2, 14, -2, -11,
    0, 0, -7, 0, 0, -12, -9, 0,
    0, -8, 0, -6, -7, 0, -6, 0,
    0, -6, 0, -3, 6, 0, -5, -12,
    -5, -4, 0, 0, 0, 0, 0, 13,
    12, 0, -15, 0, 0, 0, -6, 0,
    0, 0, 0, 0, -6, 12, 5, 8,
    0, 0, -2, 0, -8, 0, 0, 6,
    -10, 0, 4, -4, 5, 3, 0, -14,
    0, -2, -2, 0, -4, 8, -5, 0,
    0, 0, -8, -3, -9, 0, -12, 0,
    0, -17, 0, 13, -4, 0, -7, 0,
    0, 10, 0, -4, 0, -4, -12, 0,
    -12, -4, 0, 0, 0, 0, 0, 4,
    2, 0, 0, 0, 0, 0, -7, 0,
    0, 0, 0, 0, 10, 0, 0, -4,
    0, 0, 0, 0, -2, 0, 0, 4,
    -5, 2, 0, 0, -3, -2, 0, -3,
    0, 0, 0, 0, 0, 0, 0, 0,
    0, 0, 0, 0, 0, 0, 0, 0,
    0, -22, 0, 7, 0, 0, -3, 0,
    0, 0, 0, 0, 1, 0, -4, -4,
    -4, 0, 0, 0, 0, 0, 0, 0,
    0, 0, 0, 0, 0, 0, -3, 0,
    0, 0, 0, 0, 0, 0, 0, 0,
    0, 0, 0, 0, 0, 0, 0, 0,
    0, 2, 15, 0, -8, 0, 0, 0,
    0, 0, 0, 0, 0, -2, 0, 4,
    0, 4, -8, 0, -12, -4, -15, 0,
    0, -21, 2, 8, 0, 0, 0, 0,
    0, 28, 0, 0, 4, 0, 0, 0,
    0, 0, 0, 0, 0, -8, 0, 0,
    0, 0, 0, 0, 0, 0, 0, 0,
    0, 0, 0, 0, 28, 2, 2, 0,
    0, 0, -4, 0, -12, 0, 0, 5,
    -12, -2, 5, -13, 5, -4, -4, -10,
    -6, 2, -12, -8, -12, 0, -5, -17,
    0, -8, 0, 0, 0, -4, 4, 0,
    0, 5, 2, 5, -15, 0, -12, 0,
    0, -10, -8, -15, -8, -9, -8, -10,
    -8, -15, -10, 0, 0, 0, -4, 0,
    3, -6, -7, -8, 13, 5, -12, 0,
    8, 5, 10, -8, 12, -2, 2, -8,
    0, 0, 0, 0, 0, 0, 0, 2,
    2, -4, 0, 0, 0, -3, 0, 0,
    0, -3, 0, 0, 0, 0, 0, 0,
    0, 0, 0, 0, 0, 0, 0, 0,
    0, 0, 0, -2, 0, 0, 0, 0,
    0, 0, 0, 0, 0, 0, 0, 0,
    0, 0, 0, 0, 0, 0, 0, 0,
    0, 0, -2, 0, 0, 0, 0, 0,
    0, 0, 0, 0, 0, 0, 0, 0,
    8, 8, 0, 0, 0, 0, 10, 0,
    -10, -12, -12, -5, 12, 0, 4, -4,
    0, 9, -4, 0, -15, 0, 0, 0,
    0, 0, 0, 0, 0, 0, 0, 0,
    0, 19, 10, -4, 0, 0, 0, 0,
    0, 0, 0, 0, 0, 0, 0, 0,
    0, 0, -8, 0, 0, 0, 0, 0,
    0, 0, -15, 0, 0, 0, 0, 0,
    0, 0, 0, 0, 0, 0, 5, 0,
    0, 0, 0, 0, 0, 0, 0, 0,
    8, 0, 7, 0, 0, 0, 0, 5,
    0, 2, 4, 0, 0, 0, 0, 0,
    0, 2, 0, 0, 0, 0, 0, 0,
    0, 0, 0, 2, 2, 2, 2, 0,
    2, 2, 2, 2, 2, 2, 2, 2,
    2, 2, 0, 0, 0, 0, 0, 0,
    0, 0, 0, 2, 2, 2, 2, 2,
    2, 2, 2, 2, 2, 4, 4, 0,
    0, 0, 0, 0, 0, 0, 0, 6,
    -4, 2, 2, 0, -2, 0, 0, 2,
    2, 0, 0, 0, 0, -4, 0, 3,
    0, 12, -6, 0, -6, -5, -9, 0,
    0, -21, 0, 4, 0, 0, 0, 0,
    0, 0, 0, 0, 2, 0, 0, 0,
    0, 0, 0, 0, 0, 0, 0, 0,
    0, 0, 2, 0, 0, 0, 0, 0,
    0, 0, 0, 0, 0, 0, 0, 0,
    0, 8, 8, 10, 0, 0, 0, 12,
    0, -25, -21, 0, 18, 12, 7, -15,
    2, 14, 0, 13, 0, 8, 4, -37,
    0, -4, 15, 0, 9, -8, 8, 0,
    0, 22, 0, 0, 0, 0, -7, 0,
    0, 0, 0, -2, 8, 0, 13, 4,
    13, 0, 0, 0, 0, 0, 0, 0,
    0, 0, -22, 0, 0, 0, -7, 0,
    0, 0, 0, 0, 0, 0, 0, 0,
    -2, -18, 0, -23, -5, 0, 0, -33,
    -15, 2, 15, -20, -18, 0, 0, -18,
    0, -18, -18, 0, -2, -52, -22, 10,
    0, 0, -23, -13, -27, 5, -31, 0,
    0, -33, 5, 19, -5, 0, -14, 0,
    0, 27, -3, -2, -3, -19, -20, 5,
    -10, 0, 0, 5, -4, -19, 2, -24,
    -35, -4, -5, -3, -3, -3, -14, 0,
    -3, -3, -3, -3, 27, -10, -8, 0,
    0, 0, 0, 0, 0, 0, 0, 0,
    0, -8, -12, 0, -8, -10, -8, 0,
    -4, 0, 0, 0, 0, -12, 0, -12,
    0, -15, -10, 0, -4, -12, -12, -7,
    0, -15, 0, -12, -4, 0, 0, 0,
    0, -4, 0, 0, 2, 0, 0, -4,
    0, 0, 0, 0, 0, 0, 0, 0,
    0, 0, -10, 0, 0, 0, 0, 0,
    0, 0, 0, 0, -4, 0, 0, 0,
    0, 0, -3, 0, 0, 0, 0, 31,
    0, 0, 0, 0, -2, 0, 0, 0,
    0, 0, 0, 0, 0, 15, 0, 0,
    0, 0, -25, -3, -5, -13, -15, 0,
    0, -25, 0, 0, 0, 0, 0, 0,
    0, 0, 0, 0, 0, 0, 0, 0,
    0, 0, 0, 0, 0, 0, 0, 0,
    0, 0, 0, 0, 0, 0, 0, 0,
    0, 0, 0, 0, 0, 0, 0, 0,
    0, 0, 0, 0, 0, 0, 0, 4,
    0, -7, 0, 2, 0, 0, -2, 0,
    0, 0, 0, 0, 0, -2, 0, 0,
    0, 0, 0, 0, 0, 0, 0, 0,
    0, -4, 0, -8, 0, 0, 0, 0,
    0, 0, 0, 0, 0, 0, 0, 0,
    0, 0, 0, 0, 0, 0, 0, 8,
    0, 0, -2, 0, 0, 0, 0, 0,
    0, 0, 0, 0, 0, 0, 4, 8,
    0, 0, 0, -10, 0, 0, 0, -9,
    0, 0, 0, 0, -7, -2, 0, 0,
    0, -7, 0, -3, 0, -17, 0, 0,
    0, 0, 0, 0, 0, 0, 0, 0,
    0, -25, 0, 0, 0, 0, 2, 0,
    0, 8, 0, 0, 0, 0, -4, 0,
    -4, 0, 0, 0, 0, 0, 0, -6,
    -7, 0, 0, 0, 0, 0, 2, 0,
    0, 0, 0, 0, 8, -3, -2, 0,
    0, 0, 0, 0, 0, 0, 0, 0,
    0, 0, 0, 0, 0, 0, 0, 0,
    0, 0, 0, 0, 0, 0, 0, 0,
    0, 0, 0, 0, 0, 0, 0, 0,
    0, 0, 0, 0, 0, 46, 0, 0,
    48, 46, 5, 0, 30, 5, 5, 5,
    5, 5, 0, 0, 0, 0, 0, 0,
    0, 0, 0, 5, 5, 5, 0, 46,
    5, 5, 5, 5, 0, 0, 0, 0,
    0, -7, 0, -2, 0, 0, 0, -8,
    4, 0, 0, 0, -9, -4, -8, 0,
    0, -10, 0, -4, 0, -17, 0, 0,
    0, 0, -36, 0, -8, -15, -19, 0,
    0, -25, 0, -3, -6, 0, 0, 0,
    0, 12, 0, 0, 0, 0, -4, -6,
    -4, -2, 0, 0, 0, 0, 0, -6,
    -8, 0, -4, 0, 0, 0, 0, 0,
    0, 0, 0, 0, 12, -3, 1, 0,
    0, 0, -3, 0, 0, 0, 0, 0,
    0, 0, 0, 0, -2, 0, 0, 0,
    0, 0, 0, 0, 0, 10, 0, 0,
    0, 0, -25, -3, -5, -13, -15, 0,
    0, -25, 0, 0, 0, 0, 0, 0,
    0, 27, 0, 0, 0, 0, 0, 0,
    0, 0, 0, 0, 0, 0, 0, 0,
    0, 0, 0, 0, 0, 0, 0, 0,
    0, 0, 0, 0, 27, 0, 0, 0,
    0, 0, 0, 0, -3, 0, 0, -5,
    -4, 4, 0, -5, -6, -2, 0, -8,
    -2, -7, -3, -3, 0, -5, 0, 0,
    0, 0, 0, 0, 0, 0, 0, 0,
    0, -25, 0, 10, 0, 0, -7, 0,
    0, 8, 10, 0, -5, 0, -4, 0,
    -4, 0, 0, 0, 0, 0, -2, -2,
    -8, 0, 0, 10, 10, 10, -7, 0,
    10, 10, 10, 10, 8, -2, 0, 0,
    0, 0, -3, 0, 0, 0, 0, 0,
    0, 0, 0, 0, -2, 0, 0, 0,
    0, 0, 0, 0, 0, 10, 0, 0,
    0, 0, -25, -3, -5, -13, -15, 0,
    0, -25, 0, 0, 0, 0, 0, 0,
    0, 20, 0, 0, 0, 0, 0, 0,
    0, 0, 0, 0, 0, 0, 0, 0,
    0, 0, 0, 0, 0, 0, 0, 0,
    0, 0, 0, 0, 20, 0, 0, 0,
    2, 0, 4, 15, -3, 0, 0, 12,
    0, -8, -18, 0, 13, 3, 4, -13,
    0, 14, -2, 10, 0, 13, 0, -14,
    0, -2, 9, 0, 4, -3, 3, 0,
    0, 18, 0, 0, -4, 0, -3, 0,
    0, 0, 12, 0, 9, 0, 12, 0,
    12, 0, 2, 0, 0, 0, 4, 0,
    13, 0, -12, 12, 12, 12, -3, 0,
    12, 12, 12, 12, 0, 13, 13, 0,
    2, 0, 4, 15, -3, 0, 0, 12,
    0, -8, -18, 0, 17, 8, 5, -22,
    0, 9, 0, 4, 0, 13, 0, -14,
    0, -1, 9, 0, 10, 2, 9, 0,
    0, 18, 0, 0, -4, 0, -9, 0,
    0, 0, 0, -7, 2, 0, 5, 0,
    5, 0, 2, 0, 0, 5, 4, 0,
    13, 0, -12, 0, 0, 0, -9, 0,
    0, 0, 0, 0, 0, 13, 13, 0,
    0, 0, 0, 0, 0, 0, 0, 0,
    0, 0, 0, 0, 0, 0, 0, 0,
    0, 0, 0, 0, 0, 0, 0, 0,
    0, 4, 0, 0, -8, 0, -8, 0,
    0, 0, 0, 0, 0, 0, 0, 0,
    0, 0, 0, 0, 15, 0, 8, -4,
    8, 0, 0, 0, 0, 0, 0, 0,
    0, 0, 0, 0, 0, 0, 0, 0,
    0, 0, 0, 0, 0, 0, 0, 0
};


/*Collect the kern class' data in one place*/
static const lv_font_fmt_txt_kern_classes_t kern_classes =
{
    .class_pair_values   = kern_class_values,
    .left_class_mapping  = kern_left_class_mapping,
    .right_class_mapping = kern_right_class_mapping,
    .left_class_cnt      = 80,
    .right_class_cnt     = 72,
};

/*--------------------
 *  ALL CUSTOM DATA
 *--------------------*/

#if LVGL_VERSION_MAJOR == 8
/*Store all the custom data of the font*/
static  lv_font_fmt_txt_glyph_cache_t cache;
#endif

#if LVGL_VERSION_MAJOR >= 8
static const lv_font_fmt_txt_dsc_t font_dsc = {
#else
static lv_font_fmt_txt_dsc_t font_dsc = {
#endif
    .glyph_bitmap = glyph_bitmap,
    .glyph_dsc = glyph_dsc,
    .cmaps = cmaps,
    .kern_dsc = &kern_classes,
    .kern_scale = 16,
    .cmap_num = 3,
    .bpp = 4,
    .kern_classes = 1,
    .bitmap_format = 0,
#if LVGL_VERSION_MAJOR == 8
    .cache = &cache
#endif
};



/*-----------------
 *  PUBLIC FONT
 *----------------*/

/*Initialize a public general font descriptor*/
#if LVGL_VERSION_MAJOR >= 8
const lv_font_t lv_font_montserrat_bold_24 = {
#else
lv_font_t lv_font_montserrat_bold_24 = {
#endif
    .get_glyph_dsc = lv_font_get_glyph_dsc_fmt_txt,    /*Function pointer to get glyph's data*/
    .get_glyph_bitmap = lv_font_get_bitmap_fmt_txt,    /*Function pointer to get glyph's bitmap*/
    .line_height = 32,          /*The maximum line height required by the font*/
    .base_line = 7,             /*Baseline measured from the bottom of the line*/
#if !(LVGL_VERSION_MAJOR == 6 && LVGL_VERSION_MINOR == 0)
    .subpx = LV_FONT_SUBPX_NONE,
#endif
#if LV_VERSION_CHECK(7, 4, 0) || LVGL_VERSION_MAJOR >= 8
    .underline_position = -2,
    .underline_thickness = 1,
#endif
    .dsc = &font_dsc,          /*The custom font data. Will be accessed by `get_glyph_bitmap/dsc` */
#if LV_VERSION_CHECK(8, 2, 0) || LVGL_VERSION_MAJOR >= 9
    .fallback = NULL,
#endif
    .user_data = NULL,
};


#endif /*#if LV_FONT_MONTSERRAT_BOLD_24*/
